transition_group_id,run_id,filename,RT,id,Sequence,FullPeptideName,Charge,Intensity,ProteinName,decoy,potentialOutlier,initialPeakQuality,PeptideRef,leftWidth,rightWidth,total_xic,peak_apices_sum,var_xcorr_coelution,var_xcorr_coelution_weighted,var_xcorr_shape,var_xcorr_shape_weighted,delta_rt,assay_rt,norm_RT,rt_score,var_norm_rt_score,var_intensity_score,nr_peaks,sn_ratio,var_log_sn_score,var_elution_model_fit_score,main_var_xx_lda_prelim_score,QC_transition_group_pass,QC_transition_group_message,MZ,peak_apex_position,native_id,peak_apex_int,width_at_5,width_at_10,width_at_50,start_position_at_5,start_position_at_10,start_position_at_50,end_position_at_5,end_position_at_10,end_position_at_50,total_width,tailing_factor,asymmetry_factor,slope_of_baseline,baseline_delta_2_height,points_across_baseline,points_across_half_height,logSN,FeatureLevel,QC_transition_pass,QC_transition_message,calculated_concentration,concentration_units,PrecursorMZ,peak_area
b'23dpg',150516_CM1_Level14,150516_CM1_Level14,15.887828388977049,15668501524646419653,b'',NA,1,157881.28125,b'23dpg',0,23dpg.23dpg_2.Light,0.6465770799948973,23dpg,15.790017127990723,16.07288360595703,375351.0,21310.904975458678,0.8497311128276557,0.4444444444444444,0.9377117176096829,0.9169489568129103,0.012031608977048691,15.87579678,15.887828388977049,0.012031608977048691,0.0001203160897704869,0.4206230468281688,3.0,9.891775015288063,2.2917036052929634,0.0520816333591938,6.855510857271105,0,n_light,170.0,15.8985,23dpg.23dpg_1.Heavy,3772.4468503495505,0.24391666666666723,0.2310833333333342,0.09788333333333377,15.828966666666666,15.8418,15.856066666666667,16.072883333333333,16.072883333333333,15.95395,0.26980000000000004,1.7539549376797543,3.0755437977659574,539.826132097393,0.14309708088991988,21,6,2.935415486627394,MS2,1,,,,268.0,31030.68359375
b'23dpg',150516_CM1_Level14,150516_CM1_Level14,15.887828388977049,15668501524646419653,b'',NA,1,157881.28125,b'23dpg',0,23dpg.23dpg_2.Light,0.6465770799948973,23dpg,15.790017127990723,16.07288360595703,375351.0,21310.904975458678,0.8497311128276557,0.4444444444444444,0.9377117176096829,0.9169489568129103,0.012031608977048691,15.87579678,15.887828388977049,0.012031608977048691,0.0001203160897704869,0.4206230468281688,3.0,9.891775015288063,2.2917036052929634,0.0520816333591938,6.855510857271105,0,n_light,167.0,15.884283333333334,23dpg.23dpg_1.Light,11820.25004738927,0.26980000000000004,0.24391666666666723,0.08413333333333384,15.803083333333333,15.828966666666666,15.856066666666667,16.072883333333333,16.072883333333333,15.9402,0.26980000000000004,1.661330049261067,3.4094606809278933,1890.1649077457046,0.1599090459311547,21,5,2.3837963671377036,MS2,1,,0.933335618850614,uM,265.0,94674.7578125
b'5oxpro',150516_CM1_Level14,150516_CM1_Level14,3.614922606913249,7390504991569866467,b'',NA,1,74159.90625,b'5oxpro',0,5oxpro.5oxpro_2.Light,0.5038975533268395,5oxpro,3.481933355331421,3.73431658744812,559258.0,6349.173069777478,33.52712184016532,17.77777777777778,0.49902497753919944,0.4431444144967103,-0.015077393086750934,3.63,3.614922606913249,0.015077393086750934,0.00015077393086750934,0.1326041044562617,3.0,10.022893399324703,2.304871816380534,-0.3879660839835803,2.099131193755609,0,n_light,86.0,3.617166666666667,5oxpro.5oxpro_1.Heavy,2015.6549074570369,0.22166666666666668,0.18389999999999995,0.0923166666666666,3.5053,3.5214,3.5692666666666666,3.7269666666666668,3.7053,3.661583333333333,0.23701666666666688,0.9907628128724663,0.9202923773059448,76.80380455595018,0.03810364773841488,32,11,1.490329366592609,MS2,1,,,,133.0,25220.990234375
b'5oxpro',150516_CM1_Level14,150516_CM1_Level14,3.614922606913249,7390504991569866467,b'',NA,1,74159.90625,b'5oxpro',0,5oxpro.5oxpro_2.Light,0.5038975533268395,5oxpro,3.481933355331421,3.73431658744812,559258.0,6349.173069777478,33.52712184016532,17.77777777777778,0.49902497753919944,0.4431444144967103,-0.015077393086750934,3.63,3.614922606913249,0.015077393086750934,0.00015077393086750934,0.1326041044562617,3.0,10.022893399324703,2.304871816380534,-0.3879660839835803,2.099131193755609,0,n_light,82.0,3.617166666666667,5oxpro.5oxpro_1.Light,4333.518162320442,0.2136,0.18284999999999973,0.0772666666666666,3.5133666666666667,3.5294333333333334,3.5773333333333333,3.7269666666666668,3.712283333333333,3.6546,0.23701666666666688,1.0289017341040452,1.0841565349544018,128.83596537190476,0.029730108550628014,32,9,3.2437683397104857,MS2,1,,0.0006172781128683963,uM,128.0,48938.91796875
b'Pool_2pg_3pg',150516_CM1_Level14,150516_CM1_Level14,13.847188394165038,4122693579115666642,b'',NA,1,37354056.0,b'Pool_2pg_3pg',0,Pool_2pg_3pg.Pool_2pg_3pg_2.Light,-1.6879765204904775,Pool_2pg_3pg,13.758716583251953,14.330750465393066,255287275.0,2577081.510505968,57.61105957530094,30.777777777777775,0.478526628897608,0.4158132829745884,0.0033315841650374267,13.84385681,13.847188394165038,0.0033315841650374267,3.331584165037427e-05,0.1463216684027827,3.0,28.275715474533087,3.3420033258211412,0.1260501742362976,-0.5037026412536523,0,n_light,97.0,13.8509,Pool_2pg_3pg.Pool_2pg_3pg_1.Heavy,2569242.4526591026,0.5720333333333336,0.43406666666666816,0.10173333333333368,13.758716666666666,13.78235,13.805933333333334,14.33075,14.216416666666667,13.907666666666668,0.5720333333333336,3.102693907069264,5.332117675662545,4861.723871191934,0.0018922791292663602,55,8,4.064615111282414,MS2,0,intensity,,,187.995,37084200.0
b'Pool_2pg_3pg',150516_CM1_Level14,150516_CM1_Level14,13.847188394165038,4122693579115666642,b'',NA,1,37354056.0,b'Pool_2pg_3pg',0,Pool_2pg_3pg.Pool_2pg_3pg_2.Light,-1.6879765204904775,Pool_2pg_3pg,13.758716583251953,14.330750465393066,255287275.0,2577081.510505968,57.61105957530094,30.777777777777775,0.478526628897608,0.4158132829745884,0.0033315841650374267,13.84385681,13.847188394165038,0.0033315841650374267,3.331584165037427e-05,0.1463216684027827,3.0,28.275715474533087,3.3420033258211412,0.1260501742362976,-0.5037026412536523,0,n_light,79.0,13.8622,Pool_2pg_3pg.Pool_2pg_3pg_1.Light,7839.057846865347,0.5720333333333336,0.5720333333333336,0.3765833333333344,13.758716666666666,13.758716666666666,13.758716666666666,14.33075,14.33075,14.1353,0.5720333333333336,2.763891125785157,4.527782251570314,-651.3325316530477,-0.08308811395153821,55,33,0.9688084128142896,MS2,1,,,,184.985,269857.9375
b'accoa',150516_CM1_Level14,150516_CM1_Level14,16.86182980982462,6421182091176473097,b'',NA,1,25996940.0,b'accoa',0,accoa.accoa_1.Heavy,-2.0846733573713774,accoa,16.755083084106445,17.51788330078125,28288765.0,1411087.0443313618,7.285468820183674,4.0,0.9570896272116128,0.9356344408174193,0.024137449824621626,16.83769236,16.86182980982462,0.024137449824621626,0.00024137449824621627,0.9189845509339132,2.0,19.376212127657936,2.9640461347100326,0.6479954421520233,5.72536590025715,0,n_light,79.0,16.862083333333334,accoa.accoa_1.Heavy,1391995.5011896864,0.46408333333333474,0.289433333333335,0.13576666666666526,16.7796,16.791733333333333,16.8136,17.243683333333333,17.081166666666668,16.949366666666666,0.7595833333333317,2.8131945847645197,3.114190950011796,6885.932185422906,0.004946806350694207,130,13,3.5390372986825316,MS2,0,intensity,,,831.0,25598300.0
b'accoa',150516_CM1_Level14,150516_CM1_Level14,16.86182980982462,6421182091176473097,b'',NA,1,25996940.0,b'accoa',0,accoa.accoa_1.Heavy,-2.0846733573713774,accoa,16.755083084106445,17.51788330078125,28288765.0,1411087.0443313618,7.285468820183674,4.0,0.9570896272116128,0.9356344408174193,0.024137449824621626,16.83769236,16.86182980982462,0.024137449824621626,0.00024137449824621627,0.9189845509339132,2.0,19.376212127657936,2.9640461347100326,0.6479954421520233,5.72536590025715,0,n_light,79.0,16.755083333333335,accoa.accoa_1.Light,19091.543141675404,0.7595833333333317,0.5970999999999975,0.058516666666665884,16.755083333333335,16.755083333333335,16.755083333333335,17.514666666666667,17.352183333333333,16.8136,0.7595833333333317,inf,inf,-17725.645531246762,-0.9284553584646078,130,5,1.4629475878102682,MS2,1,,0.031030253480108683,uM,808.0,398639.59375
b'ade',150516_CM1_Level14,150516_CM1_Level14,1.7891201176961267,15571206971754035461,b'',NA,1,21802780.0,b'ade',0,none,1.2443609962314317,ade,1.555733323097229,1.972749948501587,23325399.0,3169274.4245808814,0.0,0.0,0.9993369534934868,0.9991159379913157,-0.006060675303873442,1.795180793,1.7891201176961267,0.006060675303873442,6.060675303873442e-05,0.9347227029213948,3.0,54.55314535512289,3.99917537065572,-0.06210239976644516,8.75002872488291,0,n_light,111.0,1.7895166666666666,ade.ade_1.Heavy,3065969.535167025,0.09076666666666666,0.0778833333333333,0.038583333333333414,1.7454333333333334,1.7515166666666666,1.7705333333333333,1.8362,1.8294,1.8091166666666667,0.40921666666666656,1.0294896030245766,1.0495614035087693,1448.3551392993368,0.00047239710724015225,61,5,4.843533684138705,MS2,0,intensity,,,139.0,20582290.0
b'ade',150516_CM1_Level14,150516_CM1_Level14,1.7891201176961267,15571206971754035461,b'',NA,1,21802780.0,b'ade',0,none,1.2443609962314317,ade,1.555733323097229,1.972749948501587,23325399.0,3169274.4245808814,0.0,0.0,0.9993369534934868,0.9991159379913157,-0.006060675303873442,1.795180793,1.7891201176961267,0.006060675303873442,6.060675303873442e-05,0.9347227029213948,3.0,54.55314535512289,3.99917537065572,-0.06210239976644516,8.75002872488291,0,n_light,107.0,1.7895166666666666,ade.ade_1.Light,79292.59366244923,0.40921666666666656,0.2911666666666666,0.05181666666666662,1.5557333333333334,1.5557333333333334,1.7640666666666667,1.96495,1.8469,1.8158833333333333,0.40921666666666656,0.8752049618592715,0.2454551935552864,-1507.0397841296299,-0.019006059891862537,61,7,3.033374542666892,MS2,1,,0.0019116868516903345,uM,133.91,924662.9375
b'ade',150516_CM1_Level14,150516_CM1_Level14,1.7891201176961267,15571206971754035461,b'',NA,1,21802780.0,b'ade',0,none,1.2443609962314317,ade,1.555733323097229,1.972749948501587,23325399.0,3169274.4245808814,0.0,0.0,0.9993369534934868,0.9991159379913157,-0.006060675303873442,1.795180793,1.7891201176961267,0.006060675303873442,6.060675303873442e-05,0.9347227029213948,3.0,54.55314535512289,3.99917537065572,-0.06210239976644516,8.75002872488291,0,n_light,92.0,1.7895166666666666,ade.ade_2.Light,24012.295751407368,0.40921666666666656,0.38578333333333314,0.045050000000000034,1.5557333333333334,1.5557333333333334,1.7640666666666667,1.96495,1.9415166666666666,1.8091166666666667,0.40921666666666656,0.8752049618592715,0.6501746631496399,-572.7066339768103,-0.02385055722725903,61,6,2.771037319046509,MS2,1,,,,133.91,295827.3125
b'adn',150516_CM1_Level14,150516_CM1_Level14,2.293628730519612,7600261768296508822,b'',NA,1,2452846.25,b'adn',0,none,1.2172364328500707,adn,2.139050006866455,2.650749921798706,2458673.0,305954.49716166145,0.0,0.0,0.9987064871997692,0.9980597307996537,-0.007342763480388204,2.300971494,2.293628730519612,0.007342763480388204,7.342763480388204e-05,0.9976300223738578,2.0,61.651357748965715,4.121495252870933,0.19647566974163055,8.348341076096826,0,n_light,139.0,2.2906166666666667,adn.adn_1.Heavy,303908.2150341545,0.16846666666666632,0.14021666666666643,0.07488333333333319,2.2219,2.23035,2.256066666666667,2.3903666666666665,2.3705666666666665,2.33095,0.4943666666666666,1.225806451612903,1.3266039823008802,36.98555271615094,0.00012169974645797037,54,7,4.539417466876652,MS2,1,,,,276.0,2431895.25
b'adn',150516_CM1_Level14,150516_CM1_Level14,2.293628730519612,7600261768296508822,b'',NA,1,2452846.25,b'adn',0,none,1.2172364328500707,adn,2.139050006866455,2.650749921798706,2458673.0,305954.49716166145,0.0,0.0,0.9987064871997692,0.9980597307996537,-0.007342763480388204,2.300971494,2.293628730519612,0.007342763480388204,7.342763480388204e-05,0.9976300223738578,2.0,61.651357748965715,4.121495252870933,0.19647566974163055,8.348341076096826,0,n_light,134.0,2.2906166666666667,adn.adn_1.Light,2046.2821275069798,0.3662166666666664,0.16846666666666632,0.08478333333333321,2.2134,2.2219,2.256066666666667,2.5796166666666664,2.3903666666666665,2.34085,0.4943666666666666,2.3713576516296104,1.451612903225806,-37.33543443837317,-0.018245497009671662,54,8,3.3900177039388066,MS2,1,,0.030398855451926363,uM,265.889,20950.90234375
b'adp',150516_CM1_Level14,150516_CM1_Level14,14.38852417373657,5121255731155470621,b'',NA,1,9187045.0,b'adp',0,adp.adp_2.Light,-9.91437136988396,adp,14.283333778381348,14.732566833496094,10999233.0,573979.1567095642,49.24296020274281,26.111111111111107,0.4666348998584319,0.399957644255687,0.0062317937365694576,14.38229238,14.38852417373657,0.0062317937365694576,6.231793736569458e-05,0.8352442393028677,3.0,30.768967376408067,3.426506629343068,0.06491658091545105,0.3953717501938467,0,n_light,139.0,14.388116666666667,adp.adp_1.Heavy,572650.1559109217,0.41130000000000067,0.40181666666666693,0.1172500000000003,14.321266666666666,14.33075,14.3497,14.732566666666667,14.732566666666667,14.46695,0.43973333333333287,3.076290201944633,6.004357931435202,71854.31133023078,0.12547680392390922,47,11,4.438692518133423,MS2,0,intensity,,,436.0,9153551.0
b'adp',150516_CM1_Level14,150516_CM1_Level14,14.38852417373657,5121255731155470621,b'',NA,1,9187045.0,b'adp',0,adp.adp_2.Light,-9.91437136988396,adp,14.283333778381348,14.732566833496094,10999233.0,573979.1567095642,49.24296020274281,26.111111111111107,0.4666348998584319,0.399957644255687,0.0062317937365694576,14.38229238,14.38852417373657,0.0062317937365694576,6.231793736569458e-05,0.8352442393028677,3.0,30.768967376408067,3.426506629343068,0.06491658091545105,0.3953717501938467,0,n_light,134.0,14.44775,adp.adp_1.Light,1329.0007986423916,0.43973333333333287,0.43973333333333287,0.32179999999999964,14.292833333333334,14.292833333333334,14.340216666666667,14.732566666666667,14.732566666666667,14.662016666666666,0.43973333333333287,1.419257665411525,1.83851533082305,77.34823153617077,0.05820028973284589,47,24,2.033754833106314,MS2,1,,0.0005732269590156073,uM,426.0,33494.30859375
b'amp',150516_CM1_Level14,150516_CM1_Level14,11.705481507873536,6914952446754357282,b'',NA,1,11449515.0,b'amp',0,amp.amp_2.Light,-9.924907236395565,amp,11.583283424377441,12.111383438110352,12356020.0,979722.4455740735,48.24706718371033,27.333333333333332,0.3987502377274768,0.30944476141441357,-0.0004014221264636575,11.70588293,11.705481507873536,0.0004014221264636575,4.0142212646365746e-06,0.9266345473704316,3.0,38.58481932882392,3.652858917478594,-0.013306468725204468,0.4142877883885869,0,n_light,139.0,11.709966666666666,amp.amp_1.Heavy,979383.5823112216,0.45275,0.3110333333333344,0.0974166666666676,11.635733333333333,11.635733333333333,11.667966666666667,12.088483333333333,11.946766666666667,11.765383333333334,0.5176166666666653,3.0495060619667513,3.189941625505151,39968.932670084825,0.04081029475270883,46,8,4.723041641671358,MS2,0,intensity,,,356.0,11442014.0
b'amp',150516_CM1_Level14,150516_CM1_Level14,11.705481507873536,6914952446754357282,b'',NA,1,11449515.0,b'amp',0,amp.amp_2.Light,-9.924907236395565,amp,11.583283424377441,12.111383438110352,12356020.0,979722.4455740735,48.24706718371033,27.333333333333332,0.3987502377274768,0.30944476141441357,-0.0004014221264636575,11.70588293,11.705481507873536,0.0004014221264636575,4.0142212646365746e-06,0.9266345473704316,3.0,38.58481932882392,3.652858917478594,-0.013306468725204468,0.4142877883885869,0,n_light,134.0,11.6145,amp.amp_1.Light,338.8632628518095,0.5176166666666653,0.5176166666666653,0.3654166666666665,11.593766666666667,11.593766666666667,11.593766666666667,12.111383333333333,12.111383333333333,11.959183333333334,0.5176166666666653,12.482717041801182,23.965434083602364,-156.82522694207012,-0.46279796051734406,46,21,1.1769644277250655,MS2,1,,0.0038484549268786483,uM,346.0,7501.42041015625
b'asp-L',150516_CM1_Level14,150516_CM1_Level14,2.6392384567260745,9236699814243325944,b'',NA,1,10699252.0,b'asp-L',0,none,0.6783695631206845,asp-L,2.4894332885742188,3.077399969100952,11234494.0,1146672.2274465319,0.5749149571305296,0.2222222222222222,0.9187523734004465,0.8916698312005953,-0.020438186273925574,2.659676643,2.6392384567260745,0.020438186273925574,0.00020438186273925575,0.9523572668248343,3.0,48.07384256961441,3.8727382156699828,0.4146387924750646,7.243237335781362,0,n_light,91.0,2.6405,asp-L.asp-L_1.Heavy,1139506.9479794784,0.2115499999999999,0.17123333333333335,0.09091666666666676,2.569716666666667,2.5796166666666664,2.5997833333333333,2.7812666666666668,2.75085,2.6907,0.5800666666666667,1.494348952201561,1.8124828907747028,5686.514788696488,0.004990329193498605,64,8,4.951389198328935,MS2,0,intensity,,,136.0,10536282.0
b'asp-L',150516_CM1_Level14,150516_CM1_Level14,2.6392384567260745,9236699814243325944,b'',NA,1,10699252.0,b'asp-L',0,none,0.6783695631206845,asp-L,2.4894332885742188,3.077399969100952,11234494.0,1146672.2274465319,0.5749149571305296,0.2222222222222222,0.9187523734004465,0.8916698312005953,-0.020438186273925574,2.659676643,2.6392384567260745,0.020438186273925574,0.00020438186273925575,0.9523572668248343,3.0,48.07384256961441,3.8727382156699828,0.4146387924750646,7.243237335781362,0,n_light,88.0,2.63025,asp-L.asp-L_1.Light,5247.207391245546,0.5800666666666667,0.5800666666666667,0.1411500000000001,2.4894333333333334,2.4894333333333334,2.5895166666666665,3.0695,3.0695,2.7306666666666666,0.5800666666666667,2.059652029826013,3.119304059652026,718.315390300327,0.13689479693498796,64,13,1.0474268745986166,MS2,1,,0.0046048050874544074,uM,132.0,155810.078125
b'atp',150516_CM1_Level14,150516_CM1_Level14,15.873091129811604,5991280036666336099,b'',NA,1,1016630.9375,b'atp',0,atp.atp_2.Light,-3.686963810150917,atp,15.776933670043945,15.967450141906738,2620537.0,161288.06623078143,14.661109051972371,7.999999999999999,0.47325149747847156,0.4087797744157398,0.0055928698116041176,15.86749826,15.873091129811604,0.0055928698116041176,5.5928698116041176e-05,0.38794756093884575,3.0,15.201686071104023,2.7214063474309547,-0.10658948123455048,3.5081780286441897,0,n_light,159.0,15.870066666666666,atp.atp_1.Heavy,160852.46375837398,0.1643666666666661,0.15153333333333308,0.08466666666666711,15.803083333333333,15.815916666666666,15.8418,15.96745,15.96745,15.926466666666666,0.1774333333333331,1.2269221199303337,1.798399507540781,46274.89322136329,0.28768532442795247,14,5,2.880814585371456,MS2,1,,,,516.0,1013048.625
b'atp',150516_CM1_Level14,150516_CM1_Level14,15.873091129811604,5991280036666336099,b'',NA,1,1016630.9375,b'atp',0,atp.atp_2.Light,-3.686963810150917,atp,15.776933670043945,15.967450141906738,2620537.0,161288.06623078143,14.661109051972371,7.999999999999999,0.47325149747847156,0.4087797744157398,0.0055928698116041176,15.86749826,15.873091129811604,0.0055928698116041176,5.5928698116041176e-05,0.38794756093884575,3.0,15.201686071104023,2.7214063474309547,-0.10658948123455048,3.5081780286441897,0,n_light,408.0,15.8985,atp.atp_1.Light,435.6024724074508,0.1774333333333331,0.1774333333333331,0.1113833333333325,15.790016666666666,15.790016666666666,15.856066666666667,15.96745,15.96745,15.96745,0.1774333333333331,0.8177907512674703,0.6355815025349405,183.01995216814672,0.42015361197710277,14,8,3.3241819825643195,MS2,1,,0.01726401958422117,uM,506.0,3582.294921875
b'citr-L',150516_CM1_Level14,150516_CM1_Level14,0.9791168688456218,602059034657102226,b'',NA,1,588087.375,b'citr-L',0,citr-L.citr-L_1.Heavy,1.2153049417069277,citr-L,0.8767833113670349,1.1861833333969116,611706.0,64594.68775296625,0.0,0.0,0.9957323641947795,0.9935985462921694,-0.01372787915437823,0.992844748,0.9791168688456218,0.01372787915437823,0.0001372787915437823,0.9613889270335749,2.0,37.079063107582385,3.61305247359264,0.23951708525419235,7.878664979571815,0,n_light,136.0,0.9793666666666667,citr-L.citr-L_1.Heavy,62264.371315329365,0.2038333333333333,0.19076666666666675,0.11236666666666673,0.9082166666666667,0.9082166666666667,0.9368833333333333,1.11205,1.0989833333333334,1.04925,0.3094,1.4324197704380406,1.681189974232841,39.16194193661818,0.0006289622959218186,29,9,4.129174169679593,MS2,1,,,,180.0,565624.875
b'citr-L',150516_CM1_Level14,150516_CM1_Level14,0.9791168688456218,602059034657102226,b'',NA,1,588087.375,b'citr-L',0,citr-L.citr-L_1.Heavy,1.2153049417069277,citr-L,0.8767833113670349,1.1861833333969116,611706.0,64594.68775296625,0.0,0.0,0.9957323641947795,0.9935985462921694,-0.01372787915437823,0.992844748,0.9791168688456218,0.01372787915437823,0.0001372787915437823,0.9613889270335749,2.0,37.079063107582385,3.61305247359264,0.23951708525419235,7.878664979571815,0,n_light,131.0,0.9793666666666667,citr-L.citr-L_1.Light,2330.3164376368877,0.3094,0.24831666666666663,0.08716666666666661,0.8767833333333334,0.8767833333333334,0.9368833333333333,1.1861833333333334,1.1251,1.02405,0.3094,1.5080422420796098,1.42063363119415,-62.49727658534843,-0.026819223164698296,29,7,2.48753074531251,MS2,1,,0.0019750116002662105,uM,174.0,22462.474609375
b'coa',150516_CM1_Level14,150516_CM1_Level14,16.640012467956545,901320113655652799,b'',NA,1,7203895.0,b'coa',0,none,0.7064746191649969,coa,16.494949340820312,16.791732788085938,10256301.0,903320.8093881966,1.8213672050459184,1.0,0.969714841783026,0.9545722626745388,0.010960287956546466,16.62905218,16.640012467956545,0.010960287956546466,0.00010960287956546466,0.7023872446801239,2.0,75.0460603164456,4.318102062583627,-0.05327639728784561,8.62441312303185,0,n_light,79.0,16.643583333333332,coa.coa_1.Heavy,896153.5831988984,0.22273333333333056,0.21033333333333104,0.09913333333333085,16.556866666666668,16.569266666666667,16.59401666666667,16.7796,16.7796,16.69315,0.2846499999999992,1.2842590812992722,1.8302309934963479,79117.44233203224,0.0882855838723711,24,7,4.855358253225626,MS2,0,intensity,,,787.0,7132220.0
b'coa',150516_CM1_Level14,150516_CM1_Level14,16.640012467956545,901320113655652799,b'',NA,1,7203895.0,b'coa',0,none,0.7064746191649969,coa,16.494949340820312,16.791732788085938,10256301.0,903320.8093881966,1.8213672050459184,1.0,0.969714841783026,0.9545722626745388,0.010960287956546466,16.62905218,16.640012467956545,0.010960287956546466,0.00010960287956546466,0.7023872446801239,2.0,75.0460603164456,4.318102062583627,-0.05327639728784561,8.62441312303185,0,n_light,79.0,16.6064,coa.coa_1.Light,7167.226189298232,0.2846499999999992,0.2353666666666676,0.11146666666666505,16.49495,16.5321,16.569266666666667,16.7796,16.767466666666667,16.680733333333333,0.2846499999999992,1.2770300583220981,2.1677882458501303,-30.221767365988512,-0.004216661588148878,24,8,3.075717827990506,MS2,1,,0.009813750940436338,uM,766.0,71675.03125
b'cytd',150516_CM1_Level14,150516_CM1_Level14,1.1278546124776208,11427708539942652384,b'',NA,1,5530.1494140625,b'cytd',0,none,0.8693639025744802,cytd,1.024049997329712,1.2411333322525024,8354.0,890.5067912360203,0.9106836025229592,0.5,0.9034453807590923,0.8551680711386385,-0.009672319522379347,1.137526932,1.1278546124776208,0.009672319522379347,9.672319522379347e-05,0.6619762870892686,2.0,45.87900079701873,3.8260075134062865,0.28600360453128815,7.333048964867407,0,n_light,113.0,1.11205,cytd.cytd_1.Heavy,391.8499287744429,0.20793333333333353,0.20793333333333353,0.133,1.02405,1.02405,1.0989833333333334,1.2319833333333334,1.2319833333333334,1.2319833333333334,0.20793333333333353,1.181439393939394,1.362878787878788,236.99704597138208,0.6048158454758903,19,6,1.722178534933804,MS2,1,,,,251.0,3032.02685546875
b'cytd',150516_CM1_Level14,150516_CM1_Level14,1.1278546124776208,11427708539942652384,b'',NA,1,5530.1494140625,b'cytd',0,none,0.8693639025744802,cytd,1.024049997329712,1.2411333322525024,8354.0,890.5067912360203,0.9106836025229592,0.5,0.9034453807590923,0.8551680711386385,-0.009672319522379347,1.137526932,1.1278546124776208,0.009672319522379347,9.672319522379347e-05,0.6619762870892686,2.0,45.87900079701873,3.8260075134062865,0.28600360453128815,7.333048964867407,0,n_light,109.0,1.1251,cytd.cytd_1.Light,498.6568624615774,0.18273333333333341,0.1641166666666667,0.06399999999999983,1.04925,1.04925,1.0989833333333334,1.2319833333333334,1.2133666666666667,1.1629833333333333,0.20793333333333353,1.2045704240826203,1.1637002856515062,10.721461795957447,0.02150068033363034,19,4,4.4562210487249265,MS2,1,,1.103667671107892e-07,uM,241.977,2498.122802734375
b'dcdp',150516_CM1_Level14,150516_CM1_Level14,13.950431843566895,4155684351750233352,b'',NA,1,204803.359375,b'dcdp',0,dcdp.dcdp_2.Light,-7.706601408010043,dcdp,13.817233085632324,14.18613338470459,573130.0,9559.35430485407,36.664414277299336,20.333333333333332,0.39500112697660655,0.30444594707991995,-0.01126636643310519,13.96169821,13.950431843566895,0.01126636643310519,0.00011266366433105191,0.3573418934185961,3.0,8.155088409054594,2.0986420771,0.21190092960993448,-0.07269692423105723,0,n_light,159.0,13.952333333333334,dcdp.dcdp_1.Heavy,6950.325062571144,0.3123833333333348,0.3008333333333333,0.20734999999999992,13.87375,13.8853,13.907666666666668,14.186133333333334,14.186133333333334,14.115016666666667,0.3689,1.9875927889713518,3.4878170064644785,2454.9469905105184,0.3532132624603253,35,18,2.9026808873315093,MS2,1,,,,395.0,127967.1484375
b'dcdp',150516_CM1_Level14,150516_CM1_Level14,13.950431843566895,4155684351750233352,b'',NA,1,204803.359375,b'dcdp',0,dcdp.dcdp_2.Light,-7.706601408010043,dcdp,13.817233085632324,14.18613338470459,573130.0,9559.35430485407,36.664414277299336,20.333333333333332,0.39500112697660655,0.30444594707991995,-0.01126636643310519,13.96169821,13.950431843566895,0.01126636643310519,0.00011266366433105191,0.3573418934185961,3.0,8.155088409054594,2.0986420771,0.21190092960993448,-0.07269692423105723,0,n_light,159.0,13.984483333333333,dcdp.dcdp_1.Light,2609.029242282926,0.3689,0.3689,0.3689,13.817233333333334,13.817233333333334,13.817233333333334,14.186133333333334,14.186133333333334,14.186133333333334,0.3689,1.1028400597907375,1.205680119581475,499.407266700993,0.1914149748141599,35,35,1.8313537749298203,MS2,1,,0.007122308438012783,uM,386.0,76836.2109375
b'dgdp',150516_CM1_Level14,150516_CM1_Level14,14.393647543589275,17192714446617707162,b'',NA,1,13381389.0,b'dgdp',0,dgdp.dgdp_2.Light,-9.54250789436127,dgdp,14.273866653442383,14.707550048828125,21690862.0,880868.7988910424,48.19523764523764,25.555555555555554,0.493017504590413,0.4351344505649951,0.5533867335892744,13.84026081,14.393647543589275,0.5533867335892744,0.005533867335892744,0.6169136570045026,3.0,15.036978630758826,2.7105124094285014,-0.00987402101357778,0.22493010096579966,0,n_light,79.0,14.39785,dgdp.dgdp_1.Heavy,875805.450772028,0.3862833333333331,0.37679999999999936,0.09826666666666739,14.321266666666666,14.33075,14.3592,14.70755,14.70755,14.457466666666667,0.43368333333333275,2.5219804134929142,4.615499254843513,104105.91349276825,0.11886876634645084,46,9,3.705246814997947,MS2,0,intensity,,,436.0356,13268384.0
b'dgdp',150516_CM1_Level14,150516_CM1_Level14,14.393647543589275,17192714446617707162,b'',NA,1,13381389.0,b'dgdp',0,dgdp.dgdp_2.Light,-9.54250789436127,dgdp,14.273866653442383,14.707550048828125,21690862.0,880868.7988910424,48.19523764523764,25.555555555555554,0.493017504590413,0.4351344505649951,0.5533867335892744,13.84026081,14.393647543589275,0.5533867335892744,0.005533867335892744,0.6169136570045026,3.0,15.036978630758826,2.7105124094285014,-0.00987402101357778,0.22493010096579966,0,n_light,79.0,14.408066666666667,dgdp.dgdp_1.Light,5063.348119014461,0.43368333333333275,0.43368333333333275,0.14594999999999914,14.273866666666667,14.273866666666667,14.3497,14.70755,14.70755,14.49565,0.43368333333333275,1.6158097367113755,2.231619473422751,411.03382474437694,0.08117826684695369,46,14,1.4930960543368754,MS2,1,,2.6804248635019057e-05,uM,426.002,113004.9375
b'dgtp',150516_CM1_Level14,150516_CM1_Level14,15.88147236582438,14663446036951630509,b'',NA,1,1229746.25,b'dgtp',0,none,0.666966233583351,dgtp,15.763816833496094,16.021099090576172,2034369.0,161224.51579348653,0.0,0.0,0.98922310567363,0.9838346585104453,0.012101865824378777,15.8693705,15.88147236582438,0.012101865824378777,0.00012101865824378776,0.6044854080061188,2.0,21.984986529420183,3.0903597899157416,-0.12874813377857208,8.15401779217695,0,n_light,159.0,15.884283333333334,dgtp.dgtp_1.Heavy,159382.00297985823,0.2049500000000002,0.19211666666666716,0.0984000000000016,15.803083333333333,15.815916666666666,15.8418,16.008033333333334,16.008033333333334,15.9402,0.23109999999999964,1.2620073891625498,1.8100926377376496,39143.38562243487,0.24559476534738733,18,6,3.61577931755992,MS2,1,,,,516.034,1210802.0
b'dgtp',150516_CM1_Level14,150516_CM1_Level14,15.88147236582438,14663446036951630509,b'',NA,1,1229746.25,b'dgtp',0,none,0.666966233583351,dgtp,15.763816833496094,16.021099090576172,2034369.0,161224.51579348653,0.0,0.0,0.98922310567363,0.9838346585104453,0.012101865824378777,15.8693705,15.88147236582438,0.012101865824378777,0.00012101865824378776,0.6044854080061188,2.0,21.984986529420183,3.0903597899157416,-0.12874813377857208,8.15401779217695,0,n_light,159.0,15.8985,dgtp.dgtp_1.Light,1842.5128136282935,0.23109999999999964,0.23109999999999964,0.16623333333333434,15.776933333333334,15.776933333333334,15.8418,16.008033333333334,16.008033333333334,16.008033333333334,0.23109999999999964,0.9505072662462305,0.9010145324924611,366.3353875236327,0.19882379368762249,18,10,1.9154013309638471,MS2,1,,0.011560356747813869,uM,506.002,18944.291015625
b'dttp',150516_CM1_Level14,150516_CM1_Level14,15.816323185984295,16110675213525078410,b'',NA,1,2047931.75,b'dttp',0,dttp.dttp_1.Heavy,0.6520859321559684,dttp,15.725317001342773,16.07288360595703,4343774.0,171898.34010162845,1.6994622256553111,0.8888888888888888,0.9257430635142108,0.9009907513522808,-0.01221913401570518,15.82854232,15.816323185984295,0.01221913401570518,0.0001221913401570518,0.4714636972365505,3.0,4.447907697287358,1.4924338052238286,0.3620920442044735,5.539220498706662,0,n_light,79.0,15.815916666666666,dttp.dttp_1.Heavy,110642.15399698418,0.3347333333333342,0.3347333333333342,0.1901333333333337,15.73815,15.73815,15.763816666666667,16.072883333333333,16.072883333333333,15.95395,0.3347333333333342,2.1521645949421253,3.3043291898842506,-19771.45365475254,-0.17869729520352123,26,13,1.8292838146449262,MS2,1,,,,491.002,1626518.0
b'dttp',150516_CM1_Level14,150516_CM1_Level14,15.816323185984295,16110675213525078410,b'',NA,1,2047931.75,b'dttp',0,dttp.dttp_1.Heavy,0.6520859321559684,dttp,15.725317001342773,16.07288360595703,4343774.0,171898.34010162845,1.6994622256553111,0.8888888888888888,0.9257430635142108,0.9009907513522808,-0.01221913401570518,15.82854232,15.816323185984295,0.01221913401570518,0.0001221913401570518,0.4714636972365505,3.0,4.447907697287358,1.4924338052238286,0.3620920442044735,5.539220498706662,0,n_light,79.0,15.856066666666667,dttp.dttp_1.Light,56241.245022958,0.28286666666666704,0.24391666666666723,0.0825833333333339,15.790016666666666,15.803083333333333,15.815916666666666,16.072883333333333,16.047,15.8985,0.3347333333333342,2.1413070905879215,3.603648946209487,2868.6521052483613,0.05100619845946442,26,5,1.4835078364638845,MS2,1,,0.0,uM,481.0,387182.53125
b'dttp',150516_CM1_Level14,150516_CM1_Level14,15.816323185984295,16110675213525078410,b'',NA,1,2047931.75,b'dttp',0,dttp.dttp_1.Heavy,0.6520859321559684,dttp,15.725317001342773,16.07288360595703,4343774.0,171898.34010162845,1.6994622256553111,0.8888888888888888,0.9257430635142108,0.9009907513522808,-0.01221913401570518,15.82854232,15.816323185984295,0.01221913401570518,0.0001221913401570518,0.4714636972365505,3.0,4.447907697287358,1.4924338052238286,0.3620920442044735,5.539220498706662,0,n_light,383.0,15.856066666666667,dttp.dttp_2.Light,5014.941081686274,0.256966666666667,0.20518333333333416,0.0825833333333339,15.815916666666666,15.815916666666666,15.815916666666666,16.072883333333333,16.0211,15.8985,0.3347333333333342,3.2000830220007885,4.11041926110414,308.1647094403233,0.061449318032008246,26,5,0.995440848677103,MS2,1,,,,481.0,34231.1796875
b'f6p',150516_CM1_Level14,150516_CM1_Level14,6.71747882232666,6922261393773430045,b'',NA,1,291079.6875,b'f6p',0,f6p.f6p_2.Light,-10.712047578112962,f6p,6.451700210571289,6.809500217437744,653753.0,12091.408935031823,52.38612787525831,27.77777777777777,0.4943640242190726,0.4369298100698745,-0.5063987736733404,7.223877596,6.71747882232666,0.5063987736733404,0.005063987736733404,0.44524408492198125,3.0,47.60601572192376,3.8629591339646887,0.29912449916203815,0.09897899449221759,0,n_light,172.0,6.71995,f6p.f6p_1.Heavy,11218.924990625117,0.2802666666666669,0.2661166666666661,0.20974999999999966,6.529233333333333,6.543383333333334,6.59975,6.8095,6.8095,6.8095,0.3507666666666669,0.7347723499082407,0.5071738720030223,7564.794470700708,0.674288710997006,50,29,4.937901890227197,MS2,1,,,,265.001,267144.375
b'f6p',150516_CM1_Level14,150516_CM1_Level14,6.71747882232666,6922261393773430045,b'',NA,1,291079.6875,b'f6p',0,f6p.f6p_2.Light,-10.712047578112962,f6p,6.451700210571289,6.809500217437744,653753.0,12091.408935031823,52.38612787525831,27.77777777777777,0.4943640242190726,0.4369298100698745,-0.5063987736733404,7.223877596,6.71747882232666,0.5063987736733404,0.005063987736733404,0.44524408492198125,3.0,47.60601572192376,3.8629591339646887,0.29912449916203815,0.09897899449221759,0,n_light,169.0,6.663216666666667,f6p.f6p_1.Light,872.4839444067051,0.34371666666666645,0.32253333333333334,0.2168000000000001,6.465783333333333,6.4869666666666665,6.5927,6.8095,6.8095,6.8095,0.3507666666666669,0.8704626034104322,0.8299763593380567,485.55268598151343,0.5565176174235419,50,30,1.2061933895573849,MS2,1,,0.043682610717247904,uM,259.001,23935.298828125
b'fad',150516_CM1_Level14,150516_CM1_Level14,15.421458284505206,17156997324345308420,b'',NA,1,216112.828125,b'fad',0,fad.fad_2.Light,-3.1606280435856324,fad,15.31760025024414,15.51045036315918,214183.0,45659.91167831978,15.715838362577491,8.333333333333332,0.4842660334775431,0.4234658224145019,0.026615804505206953,15.39484248,15.421458284505206,0.026615804505206953,0.0002661580450520695,1.0090101834646075,3.0,54.25791507633148,3.993748881802739,-0.3732893665631612,4.90131083666105,0,n_light,454.0,15.42005,fad.fad_1.Heavy,45407.190337183776,0.15498333333333392,0.12950000000000017,0.06573333333333409,15.355466666666667,15.3681,15.39335,15.51045,15.4976,15.459083333333334,0.18021666666666647,1.1998709677419421,1.4927815206929909,999.0160551368923,0.02200127441751889,15,4,4.8901027478351065,MS2,1,,,,811.0,214458.4375
b'fad',150516_CM1_Level14,150516_CM1_Level14,15.421458284505206,17156997324345308420,b'',NA,1,216112.828125,b'fad',0,fad.fad_2.Light,-3.1606280435856324,fad,15.31760025024414,15.51045036315918,214183.0,45659.91167831978,15.715838362577491,8.333333333333332,0.4842660334775431,0.4234658224145019,0.026615804505206953,15.39484248,15.421458284505206,0.026615804505206953,0.0002661580450520695,1.0090101834646075,3.0,54.25791507633148,3.993748881802739,-0.3732893665631612,4.90131083666105,0,n_light,437.0,15.406716666666666,fad.fad_1.Light,252.72134113600418,0.15498333333333392,0.15498333333333392,0.09098333333333386,15.355466666666667,15.355466666666667,15.3681,15.51045,15.51045,15.459083333333334,0.18021666666666647,1.5120325203252216,2.0240650406504432,55.40074037910315,0.2192167077385394,15,6,3.3947268187816975,MS2,1,,4.500254250878743e-05,uM,784.0,1654.3843994140625
b'gam6p',150516_CM1_Level14,150516_CM1_Level14,1.883869636027018,2161246062706624906,b'',NA,1,829987.125,b'gam6p',0,gam6p.gam6p_2.Light,-8.89758798715706,gam6p,1.7272000312805176,1.9805500507354736,1998333.0,34014.06954567489,40.86117974270148,21.666666666666664,0.495978371601125,0.4390822732459444,-0.016539394972981958,1.900409031,1.883869636027018,0.016539394972981958,0.0001653939497298196,0.4153397481801081,3.0,3.825290857573505,1.3416345055832015,0.2594934900601705,-0.5342786330579701,0,n_light,79.0,1.8843166666666666,gam6p.gam6p_1.Heavy,33464.54971328061,0.21001666666666674,0.20356666666666667,0.17143333333333333,1.7705333333333333,1.7769833333333334,1.8091166666666667,1.98055,1.98055,1.98055,0.24726666666666675,0.9228797422000881,0.896583850931678,28044.564673772555,0.8380380107921457,39,26,2.108421502671086,MS2,1,,,,264.0,815327.3125
b'gam6p',150516_CM1_Level14,150516_CM1_Level14,1.883869636027018,2161246062706624906,b'',NA,1,829987.125,b'gam6p',0,gam6p.gam6p_2.Light,-8.89758798715706,gam6p,1.7272000312805176,1.9805500507354736,1998333.0,34014.06954567489,40.86117974270148,21.666666666666664,0.495978371601125,0.4390822732459444,-0.016539394972981958,1.900409031,1.883869636027018,0.016539394972981958,0.0001653939497298196,0.4153397481801081,3.0,3.825290857573505,1.3416345055832015,0.2594934900601705,-0.5342786330579701,0,n_light,79.0,1.8736333333333333,gam6p.gam6p_1.Light,549.5198323942758,0.24726666666666675,0.24726666666666675,0.18496666666666672,1.7332833333333333,1.7332833333333333,1.7955833333333333,1.98055,1.98055,1.98055,0.24726666666666675,0.8808930055812854,0.7617860111625706,298.06537342435263,0.5424105843926907,39,28,1.1757711017441095,MS2,1,,0.0019496718096881477,uM,258.0,14659.8017578125
b'gdp',150516_CM1_Level14,150516_CM1_Level14,14.406307501983644,910404793521241946,b'',NA,1,294075.9375,b'gdp',0,none,0.6936273625003273,gdp,14.311800003051758,14.53718376159668,1512071.0,17180.81315397342,0.8497311128276557,0.4444444444444444,0.9183352124393593,0.8911136165858123,0.3934817819836436,14.01282572,14.406307501983644,0.3934817819836436,0.003934817819836436,0.19448555573779275,3.0,18.360745965736367,2.9102150143090384,0.6059950590133667,6.12543686299089,0,n_light,79.0,14.408066666666667,gdp.gdp_1.Heavy,10317.894085707445,0.21591666666666676,0.21591666666666676,0.20643333333333302,14.321266666666666,14.321266666666666,14.33075,14.537183333333333,14.537183333333333,14.537183333333333,0.21591666666666676,1.243759600614437,1.4875192012288736,1422.0806743202647,0.13782664005925002,23,21,1.8536378097685924,MS2,1,,,,452.0,183830.734375
b'gdp',150516_CM1_Level14,150516_CM1_Level14,14.406307501983644,910404793521241946,b'',NA,1,294075.9375,b'gdp',0,none,0.6936273625003273,gdp,14.311800003051758,14.53718376159668,1512071.0,17180.81315397342,0.8497311128276557,0.4444444444444444,0.9183352124393593,0.8911136165858123,0.3934817819836436,14.01282572,14.406307501983644,0.3934817819836436,0.003934817819836436,0.19448555573779275,3.0,18.360745965736367,2.9102150143090384,0.6059950590133667,6.12543686299089,0,n_light,79.0,14.438016666666666,gdp.gdp_1.Light,5684.994455772192,0.21591666666666676,0.21591666666666676,0.21591666666666676,14.321266666666666,14.321266666666666,14.321266666666666,14.537183333333333,14.537183333333333,14.537183333333333,0.21591666666666676,0.9246966452533933,0.8493932905067866,534.1907894983801,0.09396505021319693,23,23,1.02165092728916,MS2,1,,0.06711629917509673,uM,442.0,101679.25
b'gdp',150516_CM1_Level14,150516_CM1_Level14,14.406307501983644,910404793521241946,b'',NA,1,294075.9375,b'gdp',0,none,0.6936273625003273,gdp,14.311800003051758,14.53718376159668,1512071.0,17180.81315397342,0.8497311128276557,0.4444444444444444,0.9183352124393593,0.8911136165858123,0.3934817819836436,14.01282572,14.406307501983644,0.3934817819836436,0.003934817819836436,0.19448555573779275,3.0,18.360745965736367,2.9102150143090384,0.6059950590133667,6.12543686299089,0,n_light,344.0,14.4278,gdp.gdp_2.Light,1177.9246124937847,0.15633333333333255,0.13644999999999996,0.07883333333333375,14.3497,14.3592,14.39785,14.506033333333333,14.49565,14.476683333333334,0.21591666666666676,1.000853606487415,0.9890670553935856,0.14111433063482798,0.00011979911883840747,23,7,3.8269326230166563,MS2,1,,,,442.0,8565.9658203125
b'glyclt',150516_CM1_Level14,150516_CM1_Level14,3.134663637288412,18120376986876803474,b'',NA,1,401975.9375,b'glyclt',0,none,0.8286786995214915,glyclt,3.038249969482422,3.234100103378296,3168452.0,23060.66616841562,0.0,0.0,0.9727348025939699,0.9636464034586264,-0.031740325711588024,3.166403963,3.134663637288412,0.031740325711588024,0.00031740325711588025,0.12686824275703087,3.0,12.790666114487893,2.5487156951171452,0.8983405828475952,5.727525556876352,0,n_light,48.0,3.1326833333333335,glyclt.glyclt_1.Heavy,6042.854734279288,0.19585000000000008,0.19585000000000008,0.09481666666666655,3.03825,3.03825,3.0853,3.2341,3.2341,3.1801166666666667,0.19585000000000008,1.0369749382280269,1.0739498764560538,541.099998067774,0.0895437705954236,26,11,3.523152378025414,MS2,1,,,,77.0,79025.578125
b'glyclt',150516_CM1_Level14,150516_CM1_Level14,3.134663637288412,18120376986876803474,b'',NA,1,401975.9375,b'glyclt',0,none,0.8286786995214915,glyclt,3.038249969482422,3.234100103378296,3168452.0,23060.66616841562,0.0,0.0,0.9727348025939699,0.9636464034586264,-0.031740325711588024,3.166403963,3.134663637288412,0.031740325711588024,0.00031740325711588025,0.12686824275703087,3.0,12.790666114487893,2.5487156951171452,0.8983405828475952,5.727525556876352,0,n_light,47.0,3.1326833333333335,glyclt.glyclt_1.Light,11707.554464023538,0.19585000000000008,0.19585000000000008,0.19585000000000008,3.03825,3.03825,3.03825,3.2341,3.2341,3.2341,0.19585000000000008,1.0369749382280269,1.0739498764560538,-74.14470977937253,-0.006333065543894229,26,26,0.9416762872273482,MS2,1,,0.0795543100520197,uM,75.0,218405.53125
b'gsn',150516_CM1_Level14,150516_CM1_Level14,1.7262997044881188,4903896321467323299,b'',NA,1,1702130.25,b'gsn',0,gsn.gsn_2.Light,-6.208095341591705,gsn,1.6275999546051025,1.8361999988555908,2597224.0,185848.84533386107,32.46746029871473,17.44444444444444,0.49106708613201544,0.432533892620465,0.2762997044881188,1.45,1.7262997044881188,0.2762997044881188,0.002762997044881188,0.6553652572900913,3.0,5.659257050504711,1.733292620437617,-0.3317708472410838,1.6121965227598287,0,n_light,155.0,1.7272,gsn.gsn_1.Heavy,185124.1855030204,0.1558333333333335,0.14938333333333342,0.05081666666666651,1.6276,1.6276,1.7007,1.7834333333333334,1.7769833333333334,1.7515166666666666,0.20179999999999998,0.7822958500669341,0.4998326639892894,-21461.28753292309,-0.11592913953737793,31,7,2.3515167380848014,MS2,1,,,,292.0,1693965.25
b'gsn',150516_CM1_Level14,150516_CM1_Level14,1.7262997044881188,4903896321467323299,b'',NA,1,1702130.25,b'gsn',0,gsn.gsn_2.Light,-6.208095341591705,gsn,1.6275999546051025,1.8361999988555908,2597224.0,185848.84533386107,32.46746029871473,17.44444444444444,0.49106708613201544,0.432533892620465,0.2762997044881188,1.45,1.7262997044881188,0.2762997044881188,0.002762997044881188,0.6553652572900913,3.0,5.659257050504711,1.733292620437617,-0.3317708472410838,1.6121965227598287,0,n_light,150.0,1.7332833333333333,gsn.gsn_1.Light,724.659830840674,0.20179999999999998,0.20179999999999998,0.06336666666666657,1.6276,1.6276,1.7007,1.8294,1.8294,1.7640666666666667,0.20179999999999998,0.9547390001577035,0.9094780003154072,77.18701306524265,0.10651482223831617,31,9,1.8681471201967783,MS2,1,,0.0002682970296623215,uM,282.0,8165.00390625
b'gthox',150516_CM1_Level14,150516_CM1_Level14,11.791835093688963,326193649356978357,b'',NA,1,1915136.0,b'gthox',0,gthox.gthox_2.Light,-8.88956580001033,gthox,11.657233238220215,12.168633460998535,2207879.0,163463.77496978434,47.13433240467009,25.22222222222222,0.48569172587211024,0.42536674560725807,-0.011414486311036143,11.80324958,11.791835093688963,0.011414486311036143,0.00011414486311036143,0.8674098535291109,3.0,57.20027168347344,4.046558648085546,-0.18473970393339792,1.6261790014319626,0,n_light,316.0,11.788866666666667,gthox.gthox_1.Heavy,163039.10309135047,0.45866666666666767,0.28798333333333304,0.11894999999999989,11.709966666666666,11.720466666666667,11.741933333333334,12.168633333333334,12.00845,11.860883333333334,0.5114000000000001,2.90663286861003,3.210282651072092,6651.547817968039,0.04079725471895654,45,9,4.539467347545528,MS2,1,,,,631.0,1909704.5
b'gthox',150516_CM1_Level14,150516_CM1_Level14,11.791835093688963,326193649356978357,b'',NA,1,1915136.0,b'gthox',0,gthox.gthox_2.Light,-8.88956580001033,gthox,11.657233238220215,12.168633460998535,2207879.0,163463.77496978434,47.13433240467009,25.22222222222222,0.48569172587211024,0.42536674560725807,-0.011414486311036143,11.80324958,11.791835093688963,0.011414486311036143,0.00011414486311036143,0.8674098535291109,3.0,57.20027168347344,4.046558648085546,-0.18473970393339792,1.6261790014319626,0,n_light,306.0,11.8372,gthox.gthox_1.Light,424.6718784338783,0.45486666666666586,0.4326833333333333,0.18138333333333279,11.667966666666667,11.6787,11.765383333333334,12.122833333333332,12.111383333333333,11.946766666666667,0.5114000000000001,1.3439038802442416,1.7298633017875904,7.042552629960642,0.01658351538588438,45,10,4.3561946724456915,MS2,1,,0.06535818843956842,uM,611.0,5431.48046875
b'gthrd',150516_CM1_Level14,150516_CM1_Level14,3.9012202952067057,10416405553493355525,b'',NA,1,70273088.0,b'gthrd',0,gthrd.gthrd_2.Light,-15.26062016214094,gthrd,3.7053000926971436,4.310216903686523,71371028.0,3940751.010272799,82.77008204290811,43.888888888888886,0.4981503641564161,0.44197826331966583,-0.01846524779329428,3.919685543,3.9012202952067057,0.01846524779329428,0.0001846524779329428,0.9846164468865434,3.0,79.86994868162877,4.38039967040535,-0.19816493491331735,-1.4000376198038924,0,n_light,148.0,3.9018333333333333,gthrd.gthrd_1.Heavy,3937692.8655854138,0.2595000000000005,0.2081000000000004,0.11854999999999993,3.8143833333333332,3.8217166666666667,3.8511166666666665,4.073883333333334,4.029816666666667,3.9696666666666665,0.5979333333333332,1.4837049742710144,1.5974620345329793,20236.1411172987,0.005139085705276358,79,17,4.85546745531829,MS2,0,intensity,,,316.0,70225576.0
b'gthrd',150516_CM1_Level14,150516_CM1_Level14,3.9012202952067057,10416405553493355525,b'',NA,1,70273088.0,b'gthrd',0,gthrd.gthrd_2.Light,-15.26062016214094,gthrd,3.7053000926971436,4.310216903686523,71371028.0,3940751.010272799,82.77008204290811,43.888888888888886,0.4981503641564161,0.44197826331966583,-0.01846524779329428,3.919685543,3.9012202952067057,0.01846524779329428,0.0001846524779329428,0.9846164468865434,3.0,79.86994868162877,4.38039967040535,-0.19816493491331735,-1.4000376198038924,0,n_light,143.0,3.9143666666666665,gthrd.gthrd_1.Light,3058.1446873851432,0.2344666666666666,0.2094166666666668,0.09240000000000004,3.8217166666666667,3.829066666666667,3.8584666666666667,4.056183333333333,4.038483333333334,3.9508666666666667,0.5979333333333332,1.2653354919949642,1.4550605705353754,4.708932160988319,0.0015398003176280962,79,13,4.711052722450625,MS2,1,,0.00813240501363016,uM,306.0,47513.72265625
b'gtp',150516_CM1_Level14,150516_CM1_Level14,15.687977098846435,17809044811882636999,b'',NA,1,40893.04296875,b'gtp',0,gtp.gtp_2.Light,-3.9075917192160583,gtp,15.593116760253906,15.776933670043945,297573.0,4410.2157992672,14.672724770412206,8.222222222222221,0.4150804659254718,0.33121839901174016,-0.025300481153564647,15.71327758,15.687977098846435,0.025300481153564647,0.00025300481153564644,0.13742188628924668,3.0,2.3846235591191327,0.8690412750354347,0.22915798425674438,1.1883278553342764,0,n_light,79.0,15.686316666666666,gtp.gtp_1.Heavy,3640.8891954792516,0.17026666666666657,0.17026666666666657,0.13058333333333394,15.606666666666667,15.606666666666667,15.64635,15.776933333333334,15.776933333333334,15.776933333333334,0.17026666666666657,1.0688428541536,1.1376857083071998,1937.3564290044847,0.532110790795288,14,10,1.500979617020802,MS2,1,,,,532.0,34164.28515625
b'gtp',150516_CM1_Level14,150516_CM1_Level14,15.687977098846435,17809044811882636999,b'',NA,1,40893.04296875,b'gtp',0,gtp.gtp_2.Light,-3.9075917192160583,gtp,15.593116760253906,15.776933670043945,297573.0,4410.2157992672,14.672724770412206,8.222222222222221,0.4150804659254718,0.33121839901174016,-0.025300481153564647,15.71327758,15.687977098846435,0.025300481153564647,0.00025300481153564644,0.13742188628924668,3.0,2.3846235591191327,0.8690412750354347,0.22915798425674438,1.1883278553342764,0,n_light,79.0,15.699383333333333,gtp.gtp_1.Light,769.3266037879486,0.17026666666666657,0.17026666666666657,0.15718333333333412,15.606666666666667,15.606666666666667,15.61975,15.776933333333334,15.776933333333334,15.776933333333334,0.17026666666666657,0.9182095991371612,0.8364191982743223,308.89226322579606,0.4015099201105189,14,10,0.981250083323864,MS2,1,,0.011003557807551691,uM,522.0,6728.75732421875
b'gua',150516_CM1_Level14,150516_CM1_Level14,1.2205101193745933,18218847098724669577,b'',NA,1,222305.734375,b'gua',0,gua.gua_1.Heavy,1.0066590801219717,gua,1.125100016593933,1.3662832975387573,287078.0,35725.90396309057,0.0,0.0,0.9797010891967578,0.9695516337951365,-0.003453104625406711,1.223963224,1.2205101193745933,0.003453104625406711,3.453104625406711e-05,0.7743739832902556,2.0,49.551122486698205,3.9030049141359204,0.15446393191814423,8.159631171231426,0,n_light,138.0,1.2225333333333332,gua.gua_1.Heavy,34159.23794839164,0.17908333333333348,0.14556666666666684,0.05398333333333327,1.1750833333333333,1.1750833333333333,1.1963166666666667,1.3541666666666667,1.32065,1.2503,0.2157,1.8870741131015123,2.067790656831757,1414.0691024944374,0.041396389012859046,23,5,4.465328629675095,MS2,1,,,,155.0,209566.140625
b'gua',150516_CM1_Level14,150516_CM1_Level14,1.2205101193745933,18218847098724669577,b'',NA,1,222305.734375,b'gua',0,gua.gua_1.Heavy,1.0066590801219717,gua,1.125100016593933,1.3662832975387573,287078.0,35725.90396309057,0.0,0.0,0.9797010891967578,0.9695516337951365,-0.003453104625406711,1.223963224,1.2205101193745933,0.003453104625406711,3.453104625406711e-05,0.7743739832902556,2.0,49.551122486698205,3.9030049141359204,0.15446393191814423,8.159631171231426,0,n_light,133.0,1.2225333333333332,gua.gua_1.Light,1566.6660146989311,0.20356666666666667,0.1917833333333332,0.05398333333333327,1.1384666666666667,1.1384666666666667,1.1963166666666667,1.3420333333333334,1.33025,1.2503,0.2157,1.2107454401268858,1.281324345757338,-289.257739836081,-0.18463267673018882,23,5,2.4975469164326,MS2,1,,0.002176467664613308,uM,149.916,12739.5888671875
b'hxan',150516_CM1_Level14,150516_CM1_Level14,1.2192931729634604,11012361303096313606,b'',NA,1,16076861.0,b'hxan',0,none,1.0888980439231553,hxan,1.125100016593933,1.4446666240692139,16373753.0,2235547.3917820253,0.0,0.0,0.9803779753677384,0.9705669630516076,-0.0040425020365395525,1.223335675,1.2192931729634604,0.0040425020365395525,4.042502036539553e-05,0.9818678100249832,2.0,38.55999060339264,3.652215226054365,0.606110230088234,7.129313063470186,0,n_light,96.0,1.2225333333333332,hxan.hxan_1.Heavy,2234070.7647553943,0.17908333333333348,0.16695000000000015,0.05398333333333327,1.1750833333333333,1.1750833333333333,1.1963166666666667,1.3541666666666667,1.3420333333333334,1.2503,0.29555,1.8870741131015123,2.518440463645947,12038.77845071231,0.005388718495687589,30,5,4.304241935439031,MS2,0,intensity,,,140.0,16054170.0
b'hxan',150516_CM1_Level14,150516_CM1_Level14,1.2192931729634604,11012361303096313606,b'',NA,1,16076861.0,b'hxan',0,none,1.0888980439231553,hxan,1.125100016593933,1.4446666240692139,16373753.0,2235547.3917820253,0.0,0.0,0.9803779753677384,0.9705669630516076,-0.0040425020365395525,1.223335675,1.2192931729634604,0.0040425020365395525,4.042502036539553e-05,0.9818678100249832,2.0,38.55999060339264,3.652215226054365,0.606110230088234,7.129313063470186,0,n_light,92.0,1.2133666666666667,hxan.hxan_1.Light,1476.6270266310655,0.29555,0.29555,0.11549999999999994,1.1384666666666667,1.1384666666666667,1.1861833333333334,1.4340166666666667,1.4340166666666667,1.3016833333333333,0.29555,1.9729639519359152,2.9459279038718305,-161.87339605313252,-0.10962375273764816,30,12,1.1336234245570889,MS2,1,,1.2127699334775827e-05,uM,135.0,22690.73828125
b'imp',150516_CM1_Level14,150516_CM1_Level14,11.70502320098877,15413859146424047016,b'',NA,1,188008.203125,b'imp',0,imp.imp_2.Light,-6.329447753343808,imp,11.614500045776367,11.860883712768555,465548.0,18283.868796363346,23.64844621608526,14.666666666666666,0.44741649459985533,0.37433310391091823,0.008976980988769867,11.69604622,11.70502320098877,0.008976980988769867,8.976980988769867e-05,0.40384282340381655,3.0,8.420854659128498,2.1307113265625492,-0.20408357679843903,2.263896407084136,0,n_light,140.0,11.709966666666666,imp.imp_1.Heavy,18031.512157840214,0.23588333333333367,0.22515000000000107,0.0974166666666676,11.625,11.635733333333333,11.667966666666667,11.860883333333334,11.860883333333334,11.765383333333334,0.23588333333333367,1.3880933699490057,2.0330040413111754,2121.6575171780805,0.11766387081715554,22,8,2.266606463308058,MS2,1,,,,357.0,185797.25
b'imp',150516_CM1_Level14,150516_CM1_Level14,11.70502320098877,15413859146424047016,b'',NA,1,188008.203125,b'imp',0,imp.imp_2.Light,-6.329447753343808,imp,11.614500045776367,11.860883712768555,465548.0,18283.868796363346,23.64844621608526,14.666666666666666,0.44741649459985533,0.37433310391091823,0.008976980988769867,11.69604622,11.70502320098877,0.008976980988769867,8.976980988769867e-05,0.40384282340381655,3.0,8.420854659128498,2.1307113265625492,-0.20408357679843903,2.263896407084136,0,n_light,135.0,11.8372,imp.imp_1.Light,252.35663852312987,0.23588333333333367,0.23588333333333367,0.04833333333333378,11.625,11.625,11.81255,11.860883333333334,11.860883333333334,11.860883333333334,0.23588333333333367,0.5558042726987146,0.11160854539742916,84.8249668715489,0.33613130753354137,22,4,2.7482931411990785,MS2,1,,0.007746333462333771,uM,347.0,2210.960205078125
b'itp',150516_CM1_Level14,150516_CM1_Level14,15.884767952982585,7592572107397569534,b'',NA,1,32304.26171875,b'itp',0,itp.itp_2.Light,-3.942429366857682,itp,15.790017127990723,16.008033752441406,95893.0,4983.783416375437,16.75541900135805,9.11111111111111,0.47932319352864766,0.4168753691493079,0.1893150029825854,15.69545295,15.884767952982585,0.1893150029825854,0.0018931500298258542,0.3368782050697131,3.0,10.773353065717536,2.377075776578176,-0.06533041720589002,3.0030452121939,0,n_light,419.0,15.884283333333334,itp.itp_1.Heavy,4474.265476193802,0.2049500000000002,0.19211666666666716,0.08466666666666711,15.803083333333333,15.815916666666666,15.8418,16.008033333333334,16.008033333333334,15.926466666666666,0.2049500000000002,1.2620073891625498,1.8100926377376496,479.5393034775129,0.10717721289203666,16,5,3.3687557819238836,MS2,1,,,,517.0,28583.287109375
b'itp',150516_CM1_Level14,150516_CM1_Level14,15.884767952982585,7592572107397569534,b'',NA,1,32304.26171875,b'itp',0,itp.itp_2.Light,-3.942429366857682,itp,15.790017127990723,16.008033752441406,95893.0,4983.783416375437,16.75541900135805,9.11111111111111,0.47932319352864766,0.4168753691493079,0.1893150029825854,15.69545295,15.884767952982585,0.1893150029825854,0.0018931500298258542,0.3368782050697131,3.0,10.773353065717536,2.377075776578176,-0.06533041720589002,3.0030452121939,0,n_light,409.0,15.8985,itp.itp_1.Light,509.51794018163514,0.2049500000000002,0.2049500000000002,0.13711666666666744,15.803083333333333,15.803083333333333,15.803083333333333,16.008033333333334,16.008033333333334,15.9402,0.2049500000000002,1.0739737991266356,1.1479475982532712,-109.58780623289502,-0.21508134962593994,16,5,1.1871388052350524,MS2,1,,0.0,uM,507.0,3720.974853515625
b'lac-L',150516_CM1_Level14,150516_CM1_Level14,3.6279815750122077,13138644598615310252,b'',NA,1,54921192.0,b'lac-L',0,none,1.2415684219503635,lac-L,3.4426333904266357,4.020750045776367,70282314.0,3953534.917409443,0.0,0.0,0.9987959832941118,0.998394644392149,-0.012018424987792375,3.64,3.6279815750122077,0.012018424987792375,0.00012018424987792376,0.7814368206487908,3.0,38.06735460127141,3.639357080227759,0.22704600791136423,7.939004606767316,0,n_light,45.0,3.6252166666666668,lac-L.lac-L_1.Heavy,3664578.546792563,0.2111833333333335,0.17376666666666685,0.09786666666666699,3.54515,3.5532,3.585383333333333,3.7563333333333335,3.7269666666666668,3.68325,0.5704666666666665,1.318796835970025,1.4128673918074486,18054.789122534312,0.004926839169087217,79,12,4.594033921176531,MS2,0,intensity,,,92.0,48652504.0
b'lac-L',150516_CM1_Level14,150516_CM1_Level14,3.6279815750122077,13138644598615310252,b'',NA,1,54921192.0,b'lac-L',0,none,1.2415684219503635,lac-L,3.4426333904266357,4.020750045776367,70282314.0,3953534.917409443,0.0,0.0,0.9987959832941118,0.998394644392149,-0.012018424987792375,3.64,3.6279815750122077,0.012018424987792375,0.00012018424987792376,0.7814368206487908,3.0,38.06735460127141,3.639357080227759,0.22704600791136423,7.939004606767316,0,n_light,43.0,3.6252166666666668,lac-L.lac-L_1.Light,251073.26734443134,0.5704666666666665,0.5468166666666661,0.10591666666666688,3.450283333333333,3.4739333333333335,3.5773333333333333,4.02075,4.02075,3.68325,0.5704666666666665,1.630525914634143,2.6145202159303724,25093.77853090525,0.0999460388448313,79,13,2.0818553299586577,MS2,0,intensity,,,89.0,5428724.0
b'lac-L',150516_CM1_Level14,150516_CM1_Level14,3.6279815750122077,13138644598615310252,b'',NA,1,54921192.0,b'lac-L',0,none,1.2415684219503635,lac-L,3.4426333904266357,4.020750045776367,70282314.0,3953534.917409443,0.0,0.0,0.9987959832941118,0.998394644392149,-0.012018424987792375,3.64,3.6279815750122077,0.012018424987792375,0.00012018424987792376,0.7814368206487908,3.0,38.06735460127141,3.639357080227759,0.22704600791136423,7.939004606767316,0,n_light,45.0,3.6252166666666668,lac-L.lac-L_2.Light,37883.103272448345,0.5628166666666661,0.5468166666666661,0.10591666666666688,3.4579333333333335,3.4739333333333335,3.5773333333333333,4.02075,4.02075,3.68325,0.5704666666666665,1.6822257646707177,2.6145202159303724,5129.6961600687655,0.1354085520179519,79,13,1.9865280709369357,MS2,1,,,,89.0,839962.625
b'malcoa',150516_CM1_Level14,150516_CM1_Level14,16.869906859334314,2970708266275187385,b'',NA,1,851944.0,b'malcoa',0,none,0.6679535320374219,malcoa,16.755083084106445,17.210500717163086,1306735.0,48498.507045851875,0.9106836025229592,0.5,0.982978460763764,0.9744676911456461,0.03221449933431586,16.83769236,16.869906859334314,0.03221449933431586,0.0003221449933431586,0.6519638641346562,2.0,26.891930017419746,3.29182624224656,0.44558608531951904,7.0956287271422696,0,n_light,79.0,16.871766666666666,malcoa.malcoa_1.Heavy,1640.6651129097531,0.4554166666666646,0.4554166666666646,0.20608333333333206,16.755083333333335,16.755083333333335,16.791733333333333,17.2105,17.2105,16.997816666666665,0.4554166666666646,1.9515069275818073,2.9030138551636147,-49.03870441943542,-0.029889527139675857,56,20,2.228568446974339,MS2,1,,,,876.663,37691.2890625
b'malcoa',150516_CM1_Level14,150516_CM1_Level14,16.869906859334314,2970708266275187385,b'',NA,1,851944.0,b'malcoa',0,none,0.6679535320374219,malcoa,16.755083084106445,17.210500717163086,1306735.0,48498.507045851875,0.9106836025229592,0.5,0.982978460763764,0.9744676911456461,0.03221449933431586,16.83769236,16.869906859334314,0.03221449933431586,0.0003221449933431586,0.6519638641346562,2.0,26.891930017419746,3.29182624224656,0.44558608531951904,7.0956287271422696,0,n_light,79.0,16.871766666666666,malcoa.malcoa_1.Light,46857.84193294212,0.43090000000000117,0.36845000000000283,0.1454500000000003,16.7796,16.7796,16.8136,17.2105,17.14805,16.95905,0.4554166666666646,2.3376130198914886,2.9976491862567802,3034.960780639309,0.06476953814865433,56,14,3.795428461081386,MS2,1,,0.03366235156140553,uM,852.582,814252.6875
b'met-L',150516_CM1_Level14,150516_CM1_Level14,1.2192579485575359,6202789700859412714,b'',NA,1,2306826.75,b'met-L',0,met-L.met-L_1.Heavy,0.7016969436389047,met-L,1.138466715812683,1.4446666240692139,2334613.0,343418.50054252887,0.0,0.0,0.9720160800759443,0.9580241201139164,-0.007513090442464065,1.226771039,1.2192579485575359,0.007513090442464065,7.513090442464066e-05,0.9880982415500984,2.0,85.86419427723466,4.452766911792366,0.3958577364683151,8.061778777213194,0,n_light,48.0,1.2225333333333332,met-L.met-L_1.Heavy,343213.9600037411,0.16726666666666667,0.12660000000000005,0.05398333333333327,1.1629833333333333,1.1750833333333333,1.1963166666666667,1.33025,1.3016833333333333,1.2503,0.2825,1.40442205429611,1.6680716543730256,-162.0461027378401,-0.0004721430991212414,29,5,4.282918624724418,MS2,1,,,,153.0,2305203.0
b'met-L',150516_CM1_Level14,150516_CM1_Level14,1.2192579485575359,6202789700859412714,b'',NA,1,2306826.75,b'met-L',0,met-L.met-L_1.Heavy,0.7016969436389047,met-L,1.138466715812683,1.4446666240692139,2334613.0,343418.50054252887,0.0,0.0,0.9720160800759443,0.9580241201139164,-0.007513090442464065,1.226771039,1.2192579485575359,0.007513090442464065,7.513090442464066e-05,0.9880982415500984,2.0,85.86419427723466,4.452766911792366,0.3958577364683151,8.061778777213194,0,n_light,47.0,1.2225333333333332,met-L.met-L_1.Light,204.5405387877633,0.2825,0.2825,0.0641166666666666,1.1515166666666667,1.1515166666666667,1.1861833333333334,1.4340166666666667,1.4340166666666667,1.2503,0.2825,1.9889697254165732,2.9779394508331465,-23.704494509417284,-0.11589142499528515,29,6,4.597911886426435,MS2,1,,0.00021380932745252432,uM,148.0,1623.8118896484375
b'nadp',150516_CM1_Level14,150516_CM1_Level14,15.08772583465576,11645470273658220853,b'',NA,1,251129.859375,b'nadp',0,nadp.nadp_2.Light,-5.164608311399592,nadp,14.989433288574219,15.201016426086426,4723520.0,17458.14257060138,19.651874406927462,12.444444444444445,0.4134001284638206,0.3289779490628719,0.7203289946557607,14.36739684,15.08772583465576,0.7203289946557607,0.007203289946557607,0.05316582958789208,3.0,10.980010015423675,2.396076348232487,0.10247580210367839,2.012686604847528,0,n_light,635.0,14.989433333333332,nadp.nadp_1.Heavy,17339.12604647735,0.19955000000000034,0.19955000000000034,0.19955000000000034,14.989433333333332,14.989433333333332,14.989433333333332,15.188983333333333,15.188983333333333,15.188983333333333,0.19955000000000034,inf,inf,-6331.402377230608,-0.3651511823755908,18,18,1.5984781907698649,MS2,1,,,,763.0,250443.296875
b'nadp',150516_CM1_Level14,150516_CM1_Level14,15.08772583465576,11645470273658220853,b'',NA,1,251129.859375,b'nadp',0,nadp.nadp_2.Light,-5.164608311399592,nadp,14.989433288574219,15.201016426086426,4723520.0,17458.14257060138,19.651874406927462,12.444444444444445,0.4134001284638206,0.3289779490628719,0.7203289946557607,14.36739684,15.08772583465576,0.7203289946557607,0.007203289946557607,0.05316582958789208,3.0,10.980010015423675,2.396076348232487,0.10247580210367839,2.012686604847528,0,n_light,620.0,15.1288,nadp.nadp_1.Light,119.01652412402923,0.19955000000000034,0.19955000000000034,0.04816666666666691,14.989433333333332,14.989433333333332,15.104733333333334,15.188983333333333,15.188983333333333,15.1529,0.19955000000000034,0.7159172446783034,0.43183448935660684,31.41613965827195,0.2639645199647457,18,3,3.3320091146536224,MS2,1,,0.0023640137504625505,uM,742.0,686.5676879882812
b'pep',150516_CM1_Level14,150516_CM1_Level14,14.40001342493693,2922534464007991751,b'',NA,1,8594399.0,b'pep',0,pep.pep_2.Light,-8.452763321505815,pep,14.273866653442383,14.707550048828125,8810815.0,847578.4412301374,48.17415994330481,25.999999999999996,0.447095141173862,0.37390463267626045,0.010506144936929473,14.38950728,14.40001342493693,0.010506144936929473,0.00010506144936929473,0.9754375730281478,3.0,29.038996193899226,3.3686396230333817,-0.0687037060658137,0.5938508139207114,0,n_light,79.0,14.39785,pep.pep_1.Heavy,844290.0854494441,0.2941833333333328,0.1969666666666665,0.08854999999999968,14.33075,14.340216666666667,14.3592,14.624933333333333,14.537183333333333,14.44775,0.43368333333333275,2.192126179831096,2.4175824175824094,23654.85294415712,0.02801744726347798,46,8,4.43531899987768,MS2,0,intensity,,,170.0,8524570.0
b'pep',150516_CM1_Level14,150516_CM1_Level14,14.40001342493693,2922534464007991751,b'',NA,1,8594399.0,b'pep',0,pep.pep_2.Light,-8.452763321505815,pep,14.273866653442383,14.707550048828125,8810815.0,847578.4412301374,48.17415994330481,25.999999999999996,0.447095141173862,0.37390463267626045,0.010506144936929473,14.38950728,14.40001342493693,0.010506144936929473,0.00010506144936929473,0.9754375730281478,3.0,29.038996193899226,3.3686396230333817,-0.0687037060658137,0.5938508139207114,0,n_light,79.0,14.3784,pep.pep_1.Light,3288.355780693284,0.43368333333333275,0.43368333333333275,0.1738833333333325,14.273866666666667,14.273866666666667,14.273866666666667,14.70755,14.70755,14.44775,0.43368333333333275,2.0743781887755244,3.1487563775510488,-1940.6274807175992,-0.5901513127355267,46,18,1.0072098609485203,MS2,1,,0.003511875801938878,uM,167.0,69829.1640625
b'phpyr',150516_CM1_Level14,150516_CM1_Level14,16.086045888264977,15757593833504678562,b'',NA,1,484509.375,b'phpyr',0,phpyr.phpyr_2.Light,-8.889742594665934,phpyr,15.815917015075684,16.34630012512207,591558.0,30006.18283566906,43.031603703027805,24.555555555555557,0.4096161234950471,0.3239326091045073,0.02732717826497577,16.05871871,16.086045888264977,0.02732717826497577,0.0002732717826497577,0.8190394580920214,3.0,26.685608000294707,3.284124393873162,0.13882464170455933,0.4113232549354975,0,n_light,98.0,16.085483333333332,phpyr.phpyr_1.Heavy,26916.09853907485,0.4673499999999997,0.3771333333333331,0.17925000000000146,15.8418,15.870066666666666,15.981,16.30915,16.2472,16.16025,0.5173333333333332,0.9589289378291496,0.7507156673114151,-213.2736873358897,-0.007923647887760343,41,13,4.34482604792748,MS2,1,,,,172.0,417286.0625
b'phpyr',150516_CM1_Level14,150516_CM1_Level14,16.086045888264977,15757593833504678562,b'',NA,1,484509.375,b'phpyr',0,phpyr.phpyr_2.Light,-8.889742594665934,phpyr,15.815917015075684,16.34630012512207,591558.0,30006.18283566906,43.031603703027805,24.555555555555557,0.4096161234950471,0.3239326091045073,0.02732717826497577,16.05871871,16.086045888264977,0.02732717826497577,0.0002732717826497577,0.8190394580920214,3.0,26.685608000294707,3.284124393873162,0.13882464170455933,0.4113232549354975,0,n_light,91.0,15.926466666666666,phpyr.phpyr_1.Light,3090.084296594212,0.5173333333333332,0.5173333333333332,0.4620166666666652,15.828966666666666,15.828966666666666,15.884283333333334,16.3463,16.3463,16.3463,0.5173333333333332,2.6529914529914485,4.305982905982897,1110.7761465010744,0.3594646747097919,41,24,1.0913176389425379,MS2,1,,0.00024064110469686762,uM,163.0,67223.296875
b'prpp',150516_CM1_Level14,150516_CM1_Level14,15.936773336029052,310766366467689862,b'',NA,1,2853.54296875,b'prpp',0,prpp.prpp_2.Light,-3.5824868298951316,prpp,15.856066703796387,16.034183502197266,27183.0,481.4219409614359,13.910928169929843,8.555555555555554,0.4519937962797234,0.38043617281740894,-0.13929600397094788,16.07606934,15.936773336029052,0.13929600397094788,0.0013929600397094787,0.10497528649856988,3.0,19.48951945193517,2.969876857080826,-0.17732167492310205,3.7626936823587016,0,n_light,177.0,16.0211,prpp.prpp_1.Heavy,225.775504175173,0.16411666666666846,0.16411666666666846,0.16411666666666846,15.870066666666666,15.870066666666666,15.870066666666666,16.034183333333335,16.034183333333335,16.034183333333335,0.16411666666666846,0.5433127344956991,0.086625468991398,60.495865486914866,0.267946984363626,13,5,2.8256507063562286,MS2,1,,,,394.0,1371.4688720703125
b'prpp',150516_CM1_Level14,150516_CM1_Level14,15.936773336029052,310766366467689862,b'',NA,1,2853.54296875,b'prpp',0,prpp.prpp_2.Light,-3.5824868298951316,prpp,15.856066703796387,16.034183502197266,27183.0,481.4219409614359,13.910928169929843,8.555555555555554,0.4519937962797234,0.38043617281740894,-0.13929600397094788,16.07606934,15.936773336029052,0.13929600397094788,0.0013929600397094787,0.10497528649856988,3.0,19.48951945193517,2.969876857080826,-0.17732167492310205,3.7626936823587016,0,n_light,177.0,15.9402,prpp.prpp_1.Light,255.64643678626285,0.16411666666666846,0.16411666666666846,0.08249999999999957,15.870066666666666,15.870066666666666,15.8985,16.034183333333335,16.034183333333335,15.981,0.16411666666666846,1.1700332699619707,1.3400665399239413,61.85931130309267,0.24197212400347712,13,5,3.7280193533106893,MS2,1,,1.1323036913159268,uM,389.0,1482.07421875
b'ser-L',150516_CM1_Level14,150516_CM1_Level14,0.9615055211385091,3968944691240464629,b'',NA,1,428217.09375,b'ser-L',0,none,0.5596786619691256,ser-L,0.8623999953269958,1.1750832796096802,444190.0,48412.80651403816,0.8497311128276557,0.4444444444444444,0.9437476868383814,0.9249969157845082,-0.011683353861490886,0.973188875,0.9615055211385091,0.011683353861490886,0.00011683353861490886,0.9640403740516446,3.0,27.266488362669676,3.3056584156528173,0.3611976280808449,7.047623816661054,0,n_light,76.0,0.9572333333333334,ser-L.ser-L_1.Heavy,40658.37123155954,0.2134166666666667,0.16621666666666668,0.09673333333333323,0.8986333333333333,0.9082166666666667,0.9273166666666667,1.11205,1.0744333333333334,1.02405,0.3005833333333332,1.8209613196814536,2.391023461407682,777.128859695928,0.019113624972087195,29,8,4.24141546654712,MS2,1,,,,107.0,344259.53125
b'ser-L',150516_CM1_Level14,150516_CM1_Level14,0.9615055211385091,3968944691240464629,b'',NA,1,428217.09375,b'ser-L',0,none,0.5596786619691256,ser-L,0.8623999953269958,1.1750832796096802,444190.0,48412.80651403816,0.8497311128276557,0.4444444444444444,0.9437476868383814,0.9249969157845082,-0.011683353861490886,0.973188875,0.9615055211385091,0.011683353861490886,0.00011683353861490886,0.9640403740516446,3.0,27.266488362669676,3.3056584156528173,0.3611976280808449,7.047623816661054,0,n_light,74.0,0.9572333333333334,ser-L.ser-L_1.Light,7146.156619831877,0.3005833333333332,0.2861999999999999,0.11903333333333332,0.8624,0.8767833333333334,0.9177666666666666,1.1629833333333333,1.1629833333333333,1.0368,0.3005833333333332,1.5847978910369063,2.557489123679302,277.9658270766796,0.03889724811030228,29,10,2.509054332886918,MS2,1,,0.020491051236402595,uM,104.0,80841.9765625
b'thr-L',150516_CM1_Level14,150516_CM1_Level14,0.9866337862650554,393528323639230551,b'',NA,1,3438814.5,b'thr-L',0,thr-L.thr-L_1.Heavy,0.6985568845112603,thr-L,0.8695999979972839,1.1861833333969116,3484472.0,404635.7080511823,0.9106836025229592,0.5,0.9871448537453811,0.9807172806180717,-0.008390130734944656,0.995023917,0.9866337862650554,0.008390130734944656,8.390130734944656e-05,0.9868968670145721,2.0,33.471434039301606,3.5106923598178397,0.48911764472723007,7.198851153864918,0,n_light,76.0,0.9903833333333333,thr-L.thr-L_1.Heavy,397780.3730511783,0.1812166666666668,0.16878333333333329,0.10248333333333337,0.9177666666666666,0.9177666666666666,0.9467666666666666,1.0989833333333334,1.08655,1.04925,0.3165833333333333,1.2477622217121882,1.324305714941473,3519.488808456542,0.008847819165788065,30,8,4.161847998706628,MS2,1,,,,122.0,3321543.5
b'thr-L',150516_CM1_Level14,150516_CM1_Level14,0.9866337862650554,393528323639230551,b'',NA,1,3438814.5,b'thr-L',0,thr-L.thr-L_1.Heavy,0.6985568845112603,thr-L,0.8695999979972839,1.1861833333969116,3484472.0,404635.7080511823,0.9106836025229592,0.5,0.9871448537453811,0.9807172806180717,-0.008390130734944656,0.995023917,0.9866337862650554,0.008390130734944656,8.390130734944656e-05,0.9868968670145721,2.0,33.471434039301606,3.5106923598178397,0.48911764472723007,7.198851153864918,0,n_light,74.0,0.9793666666666667,thr-L.thr-L_1.Light,6855.335000003993,0.3165833333333333,0.3165833333333333,0.16878333333333329,0.8696,0.8696,0.9177666666666666,1.1861833333333334,1.1861833333333334,1.08655,0.3165833333333333,1.4420740965684784,1.8841481931369568,54.633806376717985,0.007969531230302555,30,14,1.0126301690992874,MS2,1,,0.013674385837449985,uM,118.0,117271.015625
b'trp-L',150516_CM1_Level14,150516_CM1_Level14,3.519352931722005,18337610765251904798,b'',NA,1,135841.65625,b'trp-L',0,trp-L.trp-L_2.Light,-7.682851345416764,trp-L,3.404416561126709,3.6472666263580322,174807.0,10291.98210572179,32.479399282660154,17.222222222222218,0.4878121731372202,0.4281940086274047,-0.03454504827799498,3.55389798,3.519352931722005,0.03454504827799498,0.00034545048277994983,0.777095060552495,3.0,58.31641719727143,4.065883652295993,-0.10930106540520985,2.8928314237942105,0,n_light,124.0,3.5214,trp-L.trp-L_1.Heavy,10133.845028653208,0.2049500000000002,0.19730000000000025,0.10339999999999971,3.4349833333333333,3.442633333333333,3.4739333333333335,3.6399333333333335,3.6399333333333335,3.5773333333333333,0.23551666666666682,1.1858244937319211,1.5048666948793943,1262.279513633541,0.12456076741498172,31,12,4.576549984658079,MS2,1,,,,214.0,134079.84375
b'trp-L',150516_CM1_Level14,150516_CM1_Level14,3.519352931722005,18337610765251904798,b'',NA,1,135841.65625,b'trp-L',0,trp-L.trp-L_2.Light,-7.682851345416764,trp-L,3.404416561126709,3.6472666263580322,174807.0,10291.98210572179,32.479399282660154,17.222222222222218,0.4878121731372202,0.4281940086274047,-0.03454504827799498,3.55389798,3.519352931722005,0.03454504827799498,0.00034545048277994983,0.777095060552495,3.0,58.31641719727143,4.065883652295993,-0.10930106540520985,2.8928314237942105,0,n_light,116.0,3.5133666666666667,trp-L.trp-L_1.Light,158.13707706858338,0.23551666666666682,0.17399999999999993,0.1034499999999996,3.4044166666666666,3.4659333333333335,3.4819333333333335,3.6399333333333335,3.6399333333333335,3.585383333333333,0.23551666666666682,1.0808474835551474,2.6683063949402746,15.709320233417204,0.09933989248204037,31,11,4.353764803327447,MS2,1,,0.0005519724866378852,uM,203.0,1761.815673828125
b'tyr-L',150516_CM1_Level14,150516_CM1_Level14,1.2620728734334308,11367743151924202977,b'',NA,1,4026345.75,b'tyr-L',0,tyr-L.tyr-L_2.Light,-8.021851559504325,tyr-L,1.1861833333969116,1.5477999448776245,4036585.0,260300.81003467957,37.71801207018598,20.0,0.49465609784736947,0.4373192415742704,-0.04108152656656916,1.3031544,1.2620728734334308,0.04108152656656916,0.0004108152656656916,0.9974633879876182,3.0,16.005549507207366,2.7729355063036967,-0.08906506498654683,1.4548482433705259,0,n_light,172.0,1.2592,tyr-L.tyr-L_1.Heavy,259412.60998260838,0.2701,0.242,0.18071666666666664,1.2051666666666667,1.2133666666666667,1.2319833333333334,1.4752666666666667,1.4553666666666667,1.4127,0.34355,2.499383096853792,4.279999999999993,-341.0959183073712,-0.001314877940321556,36,17,3.7710872376243865,MS2,1,,,,189.0,4010057.5
b'tyr-L',150516_CM1_Level14,150516_CM1_Level14,1.2620728734334308,11367743151924202977,b'',NA,1,4026345.75,b'tyr-L',0,tyr-L.tyr-L_2.Light,-8.021851559504325,tyr-L,1.1861833333969116,1.5477999448776245,4036585.0,260300.81003467957,37.71801207018598,20.0,0.49465609784736947,0.4373192415742704,-0.04108152656656916,1.3031544,1.2620728734334308,0.04108152656656916,0.0004108152656656916,0.9974633879876182,3.0,16.005549507207366,2.7729355063036967,-0.08906506498654683,1.4548482433705259,0,n_light,163.0,1.2592,tyr-L.tyr-L_1.Light,888.2000520711846,0.34355,0.34355,0.1795,1.1963166666666667,1.1963166666666667,1.2225333333333332,1.5398666666666667,1.5398666666666667,1.4020333333333332,0.34355,2.73164590511529,4.46329181023058,-71.439397494616,-0.08043165200005022,36,17,1.5237479016980358,MS2,1,,0.0015540175315019308,uM,180.0,16288.138671875
b'udp',150516_CM1_Level14,150516_CM1_Level14,14.379930488840738,4924748975741316049,b'',NA,1,308660.21875,b'udp',0,udp.udp_1.Heavy,-2.240436843923321,udp,14.283333778381348,14.516416549682617,2050575.0,18818.59799882543,1.047722557505166,0.6666666666666666,0.8655281387208401,0.82070418496112,0.3859909388407381,13.99393955,14.379930488840738,0.3859909388407381,0.003859909388407381,0.15052374029235702,3.0,2.8225475791614336,1.0376398739984258,0.5467551027735075,4.550149771421416,0,n_light,115.0,14.3784,udp.udp_1.Heavy,12055.95254871266,0.21319999999999872,0.21319999999999872,0.21319999999999872,14.292833333333334,14.292833333333334,14.292833333333334,14.506033333333333,14.506033333333333,14.506033333333333,0.21319999999999872,1.245812232177656,1.4916244643553118,-1573.1677894129498,-0.1304888836495075,23,23,1.5421401821396363,MS2,1,,,,412.0,232919.578125
b'udp',150516_CM1_Level14,150516_CM1_Level14,14.379930488840738,4924748975741316049,b'',NA,1,308660.21875,b'udp',0,udp.udp_1.Heavy,-2.240436843923321,udp,14.283333778381348,14.516416549682617,2050575.0,18818.59799882543,1.047722557505166,0.6666666666666666,0.8655281387208401,0.82070418496112,0.3859909388407381,13.99393955,14.379930488840738,0.3859909388407381,0.003859909388407381,0.15052374029235702,3.0,2.8225475791614336,1.0376398739984258,0.5467551027735075,4.550149771421416,0,n_light,79.0,14.39785,udp.udp_1.Light,6088.129673698223,0.21319999999999872,0.21319999999999872,0.09826666666666739,14.292833333333334,14.292833333333334,14.3592,14.506033333333333,14.506033333333333,14.457466666666667,0.21319999999999872,1.0150769719092223,1.0301539438184448,556.1703081119663,0.09135322963220027,23,9,1.3331727393302948,MS2,1,,0.07679540365123735,uM,403.0,72572.859375
b'ura',150516_CM1_Level14,150516_CM1_Level14,1.1513538530985514,11677914604000454870,b'',NA,1,20111998.0,b'ura',0,none,1.2448455816882669,ura,1.0492500066757202,1.4020333290100098,20006680.0,3363362.2828001967,0.0,0.0,0.9993097679815737,0.9989646519723605,-0.0049604839014485425,1.156314337,1.1513538530985514,0.0049604839014485425,4.9604839014485425e-05,1.0052641417766466,2.0,46.6346114044647,3.8423429994425913,0.269727423787117,8.010168829631876,0,n_light,43.0,1.1515166666666667,ura.ura_1.Heavy,3339491.7479118896,0.15458333333333352,0.133,0.07413333333333338,1.08655,1.0989833333333334,1.11205,1.2411333333333334,1.2319833333333334,1.1861833333333334,0.3282333333333334,1.1897126731657244,1.5317258883248739,4676.528080887566,0.001400371204334221,32,5,4.240643410684712,MS2,0,intensity,,,115.0,19947060.0
b'ura',150516_CM1_Level14,150516_CM1_Level14,1.1513538530985514,11677914604000454870,b'',NA,1,20111998.0,b'ura',0,none,1.2448455816882669,ura,1.0492500066757202,1.4020333290100098,20006680.0,3363362.2828001967,0.0,0.0,0.9993097679815737,0.9989646519723605,-0.0049604839014485425,1.156314337,1.1513538530985514,0.0049604839014485425,4.9604839014485425e-05,1.0052641417766466,2.0,46.6346114044647,3.8423429994425913,0.269727423787117,8.010168829631876,0,n_light,42.0,1.1515166666666667,ura.ura_1.Light,23870.534888307324,0.2151333333333334,0.14215,0.08426666666666671,1.08655,1.0989833333333334,1.11205,1.3016833333333333,1.2411333333333334,1.1963166666666667,0.3282333333333334,1.6557208825038443,1.705901015228427,89.55009046559212,0.0037514907346905364,32,6,3.1703869668746076,MS2,1,,0.015589680668587238,uM,111.0,164937.203125
b'uri',150516_CM1_Level14,150516_CM1_Level14,1.2164774185180667,8920189070473610409,b'',NA,1,3894106.75,b'uri',0,uri.uri_2.Light,0.46201491618838014,uri,1.125100016593933,1.4845000505447388,4015414.0,543533.5813344646,36.67028951268081,19.444444444444443,0.4992880454628266,0.4434951717282132,-0.004404959481933313,1.220882378,1.2164774185180667,0.004404959481933313,4.404959481933313e-05,0.9697896032638229,3.0,30.24132015682333,3.409209206338045,-0.12507972121238708,2.1151643141969716,0,n_light,43.0,1.2133666666666667,uri.uri_1.Heavy,539648.2636117466,0.20330000000000004,0.16695000000000015,0.0641166666666666,1.1629833333333333,1.1750833333333333,1.1861833333333334,1.3662833333333333,1.3420333333333334,1.2503,0.3460333333333332,2.017532252729073,3.3609055289507963,-3127.069972024523,-0.005794644739697177,35,6,4.346409990532517,MS2,1,,,,252.0,3861158.0
b'uri',150516_CM1_Level14,150516_CM1_Level14,1.2164774185180667,8920189070473610409,b'',NA,1,3894106.75,b'uri',0,uri.uri_2.Light,0.46201491618838014,uri,1.125100016593933,1.4845000505447388,4015414.0,543533.5813344646,36.67028951268081,19.444444444444443,0.4992880454628266,0.4434951717282132,-0.004404959481933313,1.220882378,1.2164774185180667,0.004404959481933313,4.404959481933313e-05,0.9697896032638229,3.0,30.24132015682333,3.409209206338045,-0.12507972121238708,2.1151643141969716,0,n_light,42.0,1.2225333333333332,uri.uri_1.Light,3885.317722718013,0.3460333333333332,0.2033166666666668,0.0641166666666666,1.1384666666666667,1.1750833333333333,1.1861833333333334,1.4845,1.3784,1.2503,0.3460333333333332,2.0580888183980997,3.284861257464001,8.453669313571481,0.0021757987163164693,35,6,2.6044028304952316,MS2,1,,0.0021854985109192484,uM,243.001,32948.81640625
b'xan',150516_CM1_Level14,150516_CM1_Level14,1.539188933817546,4385901336897657792,b'',NA,1,37286520.0,b'xan',0,none,1.155701172718045,xan,1.2759499549865723,1.666266679763794,37374957.0,3203914.4779448397,0.0,0.0,0.9831825602746711,0.9747738404120065,0.0006971588175459509,1.538491775,1.539188933817546,0.0006971588175459509,6.971588175459509e-06,0.9976337899198118,2.0,29.3815976351051,3.380368547589445,0.9268170595169067,6.342816366802524,0,n_light,112.0,1.5398666666666667,xan.xan_1.Heavy,3201574.2789626936,0.2656999999999998,0.2337499999999999,0.08579999999999988,1.3541666666666667,1.3784,1.4937333333333334,1.6198666666666666,1.61215,1.5795333333333332,0.39031666666666665,0.7154011847065155,0.44766721717588726,11295.896898654188,0.00352823202412597,43,9,4.0136287478343,MS2,0,intensity,,,156.0,37241772.0
b'xan',150516_CM1_Level14,150516_CM1_Level14,1.539188933817546,4385901336897657792,b'',NA,1,37286520.0,b'xan',0,none,1.155701172718045,xan,1.2759499549865723,1.666266679763794,37374957.0,3203914.4779448397,0.0,0.0,0.9831825602746711,0.9747738404120065,0.0006971588175459509,1.538491775,1.539188933817546,0.0006971588175459509,6.971588175459509e-06,0.9976337899198118,2.0,29.3815976351051,3.380368547589445,0.9268170595169067,6.342816366802524,0,n_light,108.0,1.5398666666666667,xan.xan_1.Light,2340.1989821463,0.39031666666666665,0.39031666666666665,0.11091666666666677,1.27595,1.27595,1.4845,1.6662666666666666,1.6662666666666666,1.5954166666666667,0.39031666666666665,0.7394695295232077,0.4789390590464153,-186.35342345289132,-0.07963144368261299,43,12,1.2284255144633416,MS2,1,,0.0003458632423467094,uM,150.916,44748.265625
