transition_group_id,run_id,filename,RT,id,Sequence,FullPeptideName,Charge,Intensity,ProteinName,decoy,potentialOutlier,initialPeakQuality,PeptideRef,leftWidth,rightWidth,total_xic,peak_apices_sum,var_xcorr_coelution,var_xcorr_coelution_weighted,var_xcorr_shape,var_xcorr_shape_weighted,delta_rt,assay_rt,norm_RT,rt_score,var_norm_rt_score,var_intensity_score,nr_peaks,sn_ratio,var_log_sn_score,var_elution_model_fit_score,main_var_xx_lda_prelim_score,MZ,native_id,peak_apex_int,width_at_5,width_at_10,width_at_50,start_time_at_10,start_time_at_5,end_time_at_10,end_time_at_5,total_width,tailing_factor,asymmetry_factor,baseline_delta_2_height,slope_of_baseline,points_across_baseline,points_across_half_height,logSN,FeatureLevel,PrecursorMZ,peak_area
b'5-HTP',,,3.421775398010254,12501270933732608060,b'',NA,1,0.0,b'5-HTP',0,none,1.2499999999999998,5-HTP,3.3666670322418213,3.569999933242798,11168.333603999989,0.0,0.0,0.0,1.0000000000000004,1.0000000000000004,1.3817753980102538,2.04,3.421775398010254,1.3817753980102538,0.013817753980102538,0.5370742692738609,2.0,199.810428,5.29736905704468,0.4320639967918396,8.673087136566417,0.0,5-HTP,195.93650173080516,0.025459469597818085,0.09211829706434482,0.04711702535432938,3.3786321726355664,3.3788942716720407,3.470750469699911,3.404353741269859,0.20333290100097656,-1.4613690292029435,0.880922148477398,-0.0010742219179609518,-0.21047928468782487,60,14,5.29736905704468,MS2,0.0,2999.1123046875
b'5-HTP',,,3.421775398010254,12501270933732608060,b'',NA,1,0.0,b'5-HTP',0,none,1.2499999999999998,5-HTP,3.3666670322418213,3.569999933242798,11168.333603999989,0.0,0.0,0.0,1.0000000000000004,1.0000000000000004,1.3817753980102538,2.04,3.421775398010254,1.3817753980102538,0.013817753980102538,0.5370742692738609,2.0,199.810428,5.29736905704468,0.4320639967918396,8.673087136566417,0.0,5-HTP2,195.93650173080516,0.025459469597818085,0.09211829706434482,0.04711702535432938,3.3786321726355664,3.3788942716720407,3.470750469699911,3.404353741269859,0.20333290100097656,-1.4613690292029435,0.880922148477398,-0.0010742219179609518,-0.21047928468782487,60,14,5.29736905704468,MS2,0.0,2999.1123046875
b'5-HTP',,,6.966282773132326,6834562762106455368,b'',NA,1,0.0,b'5-HTP',0,none,1.2499999999999998,5-HTP,6.8933329582214355,7.119999885559082,11168.333603999989,0.0,0.0,0.0,1.0000000000000002,1.0000000000000002,4.926282773132326,2.04,6.966282773132326,4.926282773132326,0.04926282773132326,0.2719828947477958,2.0,87.359938,4.470036802289384,0.30783817172050476,8.053252199619504,0.0,5-HTP,86.0732584631474,0.11678381235082558,0.10369325730521783,0.052501199889000816,6.919639604198233,6.912190431896795,7.023332861503451,7.02897424424762,0.22666692733764648,2.1589713013589207,0.8175827639506463,6.275275438831238e-05,0.0054013340477396185,68,16,4.470036802289384,MS2,0.0,1518.7978515625
b'5-HTP',,,6.966282773132326,6834562762106455368,b'',NA,1,0.0,b'5-HTP',0,none,1.2499999999999998,5-HTP,6.8933329582214355,7.119999885559082,11168.333603999989,0.0,0.0,0.0,1.0000000000000002,1.0000000000000002,4.926282773132326,2.04,6.966282773132326,4.926282773132326,0.04926282773132326,0.2719828947477958,2.0,87.359938,4.470036802289384,0.30783817172050476,8.053252199619504,0.0,5-HTP2,86.0732584631474,0.11678381235082558,0.10369325730521783,0.052501199889000816,6.919639604198233,6.912190431896795,7.023332861503451,7.02897424424762,0.22666692733764648,2.1589713013589207,0.8175827639506463,6.275275438831238e-05,0.0054013340477396185,68,16,4.470036802289384,MS2,0.0,1518.7978515625
b'5-HTP',,,2.0345782725219723,16984668153637169957,b'',NA,1,0.0,b'5-HTP',0,5-HTP,1.2500000000000002,5-HTP,1.9866670370101929,2.0999999046325684,11168.333603999989,0.0,0.0,0.0,1.0000000000000002,1.0000000000000002,-0.005421727478027716,2.04,2.0345782725219723,0.005421727478027716,5.421727478027716e-05,0.04391238469501347,2.0,16.293085,2.7907407846715504,0.1718243807554245,7.431014775582307,0.0,5-HTP,15.998094031990252,2.069327728253225,0.07544488688642947,0.00659419239498904,1.991550406125041,0.0,2.0669952930114706,2.069327728253225,0.11333286762237549,59.549932069644434,0.7533959548552059,-0.008814340939476688,-0.14101265517976935,33,14,2.7907407846715504,MS2,0.0,245.21408081054688
b'5-HTP',,,2.0345782725219723,16984668153637169957,b'',NA,1,0.0,b'5-HTP',0,5-HTP,1.2500000000000002,5-HTP,1.9866670370101929,2.0999999046325684,11168.333603999989,0.0,0.0,0.0,1.0000000000000002,1.0000000000000002,-0.005421727478027716,2.04,2.0345782725219723,0.005421727478027716,5.421727478027716e-05,0.04391238469501347,2.0,16.293085,2.7907407846715504,0.1718243807554245,7.431014775582307,0.0,5-HTP2,15.998094031990252,2.069327728253225,0.07544488688642947,0.00659419239498904,1.991550406125041,0.0,2.0669952930114706,2.069327728253225,0.11333286762237549,59.549932069644434,0.7533959548552059,-0.008814340939476688,-0.14101265517976935,33,14,2.7907407846715504,MS2,0.0,245.21408081054688
b'5-HTP',,,1.3010020970458984,8074209708885237122,b'',NA,1,0.0,b'5-HTP',0,5-HTP,1.2500000000000002,5-HTP,1.2599999904632568,1.363332986831665,11168.333603999989,0.0,0.0,0.0,1.0000000000000002,1.0000000000000002,-0.7389979029541016,2.04,1.3010020970458984,0.7389979029541016,0.007389979029541016,0.028615430130723676,2.0,13.92234,2.633494744226748,0.1911272406578064,7.228113085402581,0.0,5-HTP,13.267937506611256,0.0,1.3336557344669369,0.036231454381557615,0.0,0.0,1.3336557344669369,0.0,0.1033329963684082,-0.0,0.025098835347908317,-0.06567888905184929,-0.8714233954435906,31,10,2.633494744226748,MS2,0.0,159.7933349609375
b'5-HTP',,,1.3010020970458984,8074209708885237122,b'',NA,1,0.0,b'5-HTP',0,5-HTP,1.2500000000000002,5-HTP,1.2599999904632568,1.363332986831665,11168.333603999989,0.0,0.0,0.0,1.0000000000000002,1.0000000000000002,-0.7389979029541016,2.04,1.3010020970458984,0.7389979029541016,0.007389979029541016,0.028615430130723676,2.0,13.92234,2.633494744226748,0.1911272406578064,7.228113085402581,0.0,5-HTP2,13.267937506611256,0.0,1.3336557344669369,0.036231454381557615,0.0,0.0,1.3336557344669369,0.0,0.1033329963684082,-0.0,0.025098835347908317,-0.06567888905184929,-0.8714233954435906,31,10,2.633494744226748,MS2,0.0,159.7933349609375
b'5-HTP',,,7.780576521118164,2528405286614979024,b'',NA,1,0.0,b'5-HTP',0,5-HTP,1.2500000000000002,5-HTP,7.730000019073486,7.8566670417785645,11168.333603999989,0.0,0.0,0.0,1.0,1.0,5.740576521118164,2.04,7.780576521118164,5.740576521118164,0.05740576521118164,0.03747432989655653,2.0,14.660011,2.685123446799288,0.23445075750350952,6.8312968712659545,0.0,5-HTP,14.351561518396986,0.091321987908767,0.09159254032646302,0.0516356555412969,7.734483000231506,7.73558378979613,7.826075540557969,7.826905777704897,0.12666702270507812,2.0297053596309453,0.9871022773826837,-0.0072999463051689915,-0.10476562847962756,38,14,2.685123446799288,MS2,0.0,209.26290893554688
b'5-HTP',,,7.780576521118164,2528405286614979024,b'',NA,1,0.0,b'5-HTP',0,5-HTP,1.2500000000000002,5-HTP,7.730000019073486,7.8566670417785645,11168.333603999989,0.0,0.0,0.0,1.0,1.0,5.740576521118164,2.04,7.780576521118164,5.740576521118164,0.05740576521118164,0.03747432989655653,2.0,14.660011,2.685123446799288,0.23445075750350952,6.8312968712659545,0.0,5-HTP2,14.351561518396986,0.091321987908767,0.09159254032646302,0.0516356555412969,7.734483000231506,7.73558378979613,7.826075540557969,7.826905777704897,0.12666702270507812,2.0297053596309453,0.9871022773826837,-0.0072999463051689915,-0.10476562847962756,38,14,2.685123446799288,MS2,0.0,209.26290893554688
b'5-HTP',,,2.3595520467529294,17975215169635944837,b'',NA,1,0.0,b'5-HTP',0,none,1.25,5-HTP,2.293333053588867,2.450000047683716,11168.333603999989,0.0,0.0,0.0,1.0,1.0,0.31955204675292936,2.04,2.3595520467529294,0.31955204675292936,0.003195520467529294,0.060942712151371654,2.0,12.178942,2.4997083947978784,0.7581639289855957,6.091512609972544,0.0,5-HTP,12.105904204659483,0.0,0.0,0.059001940074812076,0.0,0.0,0.0,0.0,0.15666699409484863,-0.0,-1.0,0.2476292348141969,2.997775794933797,47,26,2.4997083947978784,MS2,0.0,340.31427001953125
b'5-HTP',,,2.3595520467529294,17975215169635944837,b'',NA,1,0.0,b'5-HTP',0,none,1.25,5-HTP,2.293333053588867,2.450000047683716,11168.333603999989,0.0,0.0,0.0,1.0,1.0,0.31955204675292936,2.04,2.3595520467529294,0.31955204675292936,0.003195520467529294,0.060942712151371654,2.0,12.178942,2.4997083947978784,0.7581639289855957,6.091512609972544,0.0,5-HTP2,12.105904204659483,0.0,0.0,0.059001940074812076,0.0,0.0,0.0,0.0,0.15666699409484863,-0.0,-1.0,0.2476292348141969,2.997775794933797,47,26,2.4997083947978784,MS2,0.0,340.31427001953125
b'5-hydroxyindole',,,3.421775398010254,1778152117970004985,b'',NA,1,0.0,b'5-hydroxyindole',0,none,1.2499999999999998,5-hydroxyindole,3.3666670322418213,3.569999933242798,11168.333603999989,0.0,0.0,0.0,1.0000000000000004,1.0000000000000004,-2.2282246019897465,5.65,3.421775398010254,2.2282246019897465,0.022282246019897464,0.5370742692738609,2.0,199.810428,5.29736905704468,0.4320639967918396,8.613370451301696,0.0,5-hydroxyindole,195.93650173080516,0.025459469597818085,0.09211829706434482,0.04711702535432938,3.3786321726355664,3.3788942716720407,3.470750469699911,3.404353741269859,0.20333290100097656,-1.4613690292029435,0.880922148477398,-0.0010742219179609518,-0.21047928468782487,60,14,5.29736905704468,MS2,0.0,2999.1123046875
b'5-hydroxyindole',,,3.421775398010254,1778152117970004985,b'',NA,1,0.0,b'5-hydroxyindole',0,none,1.2499999999999998,5-hydroxyindole,3.3666670322418213,3.569999933242798,11168.333603999989,0.0,0.0,0.0,1.0000000000000004,1.0000000000000004,-2.2282246019897465,5.65,3.421775398010254,2.2282246019897465,0.022282246019897464,0.5370742692738609,2.0,199.810428,5.29736905704468,0.4320639967918396,8.613370451301696,0.0,5-hydroxyindole2,195.93650173080516,0.025459469597818085,0.09211829706434482,0.04711702535432938,3.3786321726355664,3.3788942716720407,3.470750469699911,3.404353741269859,0.20333290100097656,-1.4613690292029435,0.880922148477398,-0.0010742219179609518,-0.21047928468782487,60,14,5.29736905704468,MS2,0.0,2999.1123046875
b'5-hydroxyindole',,,6.966282773132326,11580338715589475524,b'',NA,1,0.0,b'5-hydroxyindole',0,none,1.2499999999999998,5-hydroxyindole,6.8933329582214355,7.119999885559082,11168.333603999989,0.0,0.0,0.0,1.0000000000000002,1.0000000000000002,1.3162827731323254,5.65,6.966282773132326,1.3162827731323254,0.013162827731323254,0.2719828947477958,2.0,87.359938,4.470036802289384,0.30783817172050476,8.307936394243505,0.0,5-hydroxyindole,86.0732584631474,0.11678381235082558,0.10369325730521783,0.052501199889000816,6.919639604198233,6.912190431896795,7.023332861503451,7.02897424424762,0.22666692733764648,2.1589713013589207,0.8175827639506463,6.275275438831238e-05,0.0054013340477396185,68,16,4.470036802289384,MS2,0.0,1518.7978515625
b'5-hydroxyindole',,,6.966282773132326,11580338715589475524,b'',NA,1,0.0,b'5-hydroxyindole',0,none,1.2499999999999998,5-hydroxyindole,6.8933329582214355,7.119999885559082,11168.333603999989,0.0,0.0,0.0,1.0000000000000002,1.0000000000000002,1.3162827731323254,5.65,6.966282773132326,1.3162827731323254,0.013162827731323254,0.2719828947477958,2.0,87.359938,4.470036802289384,0.30783817172050476,8.307936394243505,0.0,5-hydroxyindole2,86.0732584631474,0.11678381235082558,0.10369325730521783,0.052501199889000816,6.919639604198233,6.912190431896795,7.023332861503451,7.02897424424762,0.22666692733764648,2.1589713013589207,0.8175827639506463,6.275275438831238e-05,0.0054013340477396185,68,16,4.470036802289384,MS2,0.0,1518.7978515625
b'5-hydroxyindole',,,2.0345782725219723,16972764855917337802,b'',NA,1,0.0,b'5-hydroxyindole',0,5-hydroxyindole,1.2500000000000002,5-hydroxyindole,1.9866670370101929,2.0999999046325684,11168.333603999989,0.0,0.0,0.0,1.0000000000000002,1.0000000000000002,-3.615421727478028,5.65,2.0345782725219723,3.615421727478028,0.03615421727478028,0.04391238469501347,2.0,16.293085,2.7907407846715504,0.1718243807554245,7.176330580958307,0.0,5-hydroxyindole,15.998094031990252,2.069327728253225,0.07544488688642947,0.00659419239498904,1.991550406125041,0.0,2.0669952930114706,2.069327728253225,0.11333286762237549,59.549932069644434,0.7533959548552059,-0.008814340939476688,-0.14101265517976935,33,14,2.7907407846715504,MS2,0.0,245.21408081054688
b'5-hydroxyindole',,,2.0345782725219723,16972764855917337802,b'',NA,1,0.0,b'5-hydroxyindole',0,5-hydroxyindole,1.2500000000000002,5-hydroxyindole,1.9866670370101929,2.0999999046325684,11168.333603999989,0.0,0.0,0.0,1.0000000000000002,1.0000000000000002,-3.615421727478028,5.65,2.0345782725219723,3.615421727478028,0.03615421727478028,0.04391238469501347,2.0,16.293085,2.7907407846715504,0.1718243807554245,7.176330580958307,0.0,5-hydroxyindole2,15.998094031990252,2.069327728253225,0.07544488688642947,0.00659419239498904,1.991550406125041,0.0,2.0669952930114706,2.069327728253225,0.11333286762237549,59.549932069644434,0.7533959548552059,-0.008814340939476688,-0.14101265517976935,33,14,2.7907407846715504,MS2,0.0,245.21408081054688
b'5-hydroxyindole',,,7.780576521118164,8188180001308389317,b'',NA,1,0.0,b'5-hydroxyindole',0,5-hydroxyindole,1.2500000000000002,5-hydroxyindole,7.730000019073486,7.8566670417785645,11168.333603999989,0.0,0.0,0.0,1.0,1.0,2.1305765211181633,5.65,7.780576521118164,2.1305765211181633,0.021305765211181632,0.03747432989655653,2.0,14.660011,2.685123446799288,0.23445075750350952,7.085981065889955,0.0,5-hydroxyindole,14.351561518396986,0.091321987908767,0.09159254032646302,0.0516356555412969,7.734483000231506,7.73558378979613,7.826075540557969,7.826905777704897,0.12666702270507812,2.0297053596309453,0.9871022773826837,-0.0072999463051689915,-0.10476562847962756,38,14,2.685123446799288,MS2,0.0,209.26290893554688
b'5-hydroxyindole',,,7.780576521118164,8188180001308389317,b'',NA,1,0.0,b'5-hydroxyindole',0,5-hydroxyindole,1.2500000000000002,5-hydroxyindole,7.730000019073486,7.8566670417785645,11168.333603999989,0.0,0.0,0.0,1.0,1.0,2.1305765211181633,5.65,7.780576521118164,2.1305765211181633,0.021305765211181632,0.03747432989655653,2.0,14.660011,2.685123446799288,0.23445075750350952,7.085981065889955,0.0,5-hydroxyindole2,14.351561518396986,0.091321987908767,0.09159254032646302,0.0516356555412969,7.734483000231506,7.73558378979613,7.826075540557969,7.826905777704897,0.12666702270507812,2.0297053596309453,0.9871022773826837,-0.0072999463051689915,-0.10476562847962756,38,14,2.685123446799288,MS2,0.0,209.26290893554688
b'5-hydroxyindole',,,1.3010020970458984,3444859633770760154,b'',NA,1,0.0,b'5-hydroxyindole',0,5-hydroxyindole,1.2500000000000002,5-hydroxyindole,1.2599999904632568,1.363332986831665,11168.333603999989,0.0,0.0,0.0,1.0000000000000002,1.0000000000000002,-4.3489979029541015,5.65,1.3010020970458984,4.3489979029541015,0.043489979029541014,0.028615430130723676,2.0,13.92234,2.633494744226748,0.1911272406578064,6.973428890778581,0.0,5-hydroxyindole,13.267937506611256,0.0,1.3336557344669369,0.036231454381557615,0.0,0.0,1.3336557344669369,0.0,0.1033329963684082,-0.0,0.025098835347908317,-0.06567888905184929,-0.8714233954435906,31,10,2.633494744226748,MS2,0.0,159.7933349609375
b'5-hydroxyindole',,,1.3010020970458984,3444859633770760154,b'',NA,1,0.0,b'5-hydroxyindole',0,5-hydroxyindole,1.2500000000000002,5-hydroxyindole,1.2599999904632568,1.363332986831665,11168.333603999989,0.0,0.0,0.0,1.0000000000000002,1.0000000000000002,-4.3489979029541015,5.65,1.3010020970458984,4.3489979029541015,0.043489979029541014,0.028615430130723676,2.0,13.92234,2.633494744226748,0.1911272406578064,6.973428890778581,0.0,5-hydroxyindole2,13.267937506611256,0.0,1.3336557344669369,0.036231454381557615,0.0,0.0,1.3336557344669369,0.0,0.1033329963684082,-0.0,0.025098835347908317,-0.06567888905184929,-0.8714233954435906,31,10,2.633494744226748,MS2,0.0,159.7933349609375
b'5-hydroxyindole',,,2.3595520467529294,12410852066975995915,b'',NA,1,0.0,b'5-hydroxyindole',0,none,1.25,5-hydroxyindole,2.293333053588867,2.450000047683716,11168.333603999989,0.0,0.0,0.0,1.0,1.0,-3.290447953247071,5.65,2.3595520467529294,3.290447953247071,0.03290447953247071,0.060942712151371654,2.0,12.178942,2.4997083947978784,0.7581639289855957,5.881916978045342,0.0,5-hydroxyindole,12.105904204659483,0.0,0.0,0.059001940074812076,0.0,0.0,0.0,0.0,0.15666699409484863,-0.0,-1.0,0.2476292348141969,2.997775794933797,47,26,2.4997083947978784,MS2,0.0,340.31427001953125
b'5-hydroxyindole',,,2.3595520467529294,12410852066975995915,b'',NA,1,0.0,b'5-hydroxyindole',0,none,1.25,5-hydroxyindole,2.293333053588867,2.450000047683716,11168.333603999989,0.0,0.0,0.0,1.0,1.0,-3.290447953247071,5.65,2.3595520467529294,3.290447953247071,0.03290447953247071,0.060942712151371654,2.0,12.178942,2.4997083947978784,0.7581639289855957,5.881916978045342,0.0,5-hydroxyindole2,12.105904204659483,0.0,0.0,0.059001940074812076,0.0,0.0,0.0,0.0,0.15666699409484863,-0.0,-1.0,0.2476292348141969,2.997775794933797,47,26,2.4997083947978784,MS2,0.0,340.31427001953125
b'Acetylserotonin',,,3.421775398010254,2833701767552855625,b'',NA,1,0.0,b'Acetylserotonin',0,none,1.2499999999999998,Acetylserotonin,3.3666670322418213,3.569999933242798,11168.333603999989,0.0,0.0,0.0,1.0000000000000004,1.0000000000000004,-1.6482246019897464,5.07,3.421775398010254,1.6482246019897464,0.016482246019897465,0.5370742692738609,2.0,199.810428,5.29736905704468,0.4320639967918396,8.654289241573697,0.0,Acetylserotonin,195.93650173080516,0.025459469597818085,0.09211829706434482,0.04711702535432938,3.3786321726355664,3.3788942716720407,3.470750469699911,3.404353741269859,0.20333290100097656,-1.4613690292029435,0.880922148477398,-0.0010742219179609518,-0.21047928468782487,60,14,5.29736905704468,MS2,0.0,2999.1123046875
b'Acetylserotonin',,,3.421775398010254,2833701767552855625,b'',NA,1,0.0,b'Acetylserotonin',0,none,1.2499999999999998,Acetylserotonin,3.3666670322418213,3.569999933242798,11168.333603999989,0.0,0.0,0.0,1.0000000000000004,1.0000000000000004,-1.6482246019897464,5.07,3.421775398010254,1.6482246019897464,0.016482246019897465,0.5370742692738609,2.0,199.810428,5.29736905704468,0.4320639967918396,8.654289241573697,0.0,Acetylserotonin2,195.93650173080516,0.025459469597818085,0.09211829706434482,0.04711702535432938,3.3786321726355664,3.3788942716720407,3.470750469699911,3.404353741269859,0.20333290100097656,-1.4613690292029435,0.880922148477398,-0.0010742219179609518,-0.21047928468782487,60,14,5.29736905704468,MS2,0.0,2999.1123046875
b'Acetylserotonin',,,6.966282773132326,4925587509935728253,b'',NA,1,0.0,b'Acetylserotonin',0,none,1.2499999999999998,Acetylserotonin,6.8933329582214355,7.119999885559082,11168.333603999989,0.0,0.0,0.0,1.0000000000000002,1.0000000000000002,1.8962827731323255,5.07,6.966282773132326,1.8962827731323255,0.018962827731323253,0.2719828947477958,2.0,87.359938,4.470036802289384,0.30783817172050476,8.267017603971505,0.0,Acetylserotonin,86.0732584631474,0.11678381235082558,0.10369325730521783,0.052501199889000816,6.919639604198233,6.912190431896795,7.023332861503451,7.02897424424762,0.22666692733764648,2.1589713013589207,0.8175827639506463,6.275275438831238e-05,0.0054013340477396185,68,16,4.470036802289384,MS2,0.0,1518.7978515625
b'Acetylserotonin',,,6.966282773132326,4925587509935728253,b'',NA,1,0.0,b'Acetylserotonin',0,none,1.2499999999999998,Acetylserotonin,6.8933329582214355,7.119999885559082,11168.333603999989,0.0,0.0,0.0,1.0000000000000002,1.0000000000000002,1.8962827731323255,5.07,6.966282773132326,1.8962827731323255,0.018962827731323253,0.2719828947477958,2.0,87.359938,4.470036802289384,0.30783817172050476,8.267017603971505,0.0,Acetylserotonin2,86.0732584631474,0.11678381235082558,0.10369325730521783,0.052501199889000816,6.919639604198233,6.912190431896795,7.023332861503451,7.02897424424762,0.22666692733764648,2.1589713013589207,0.8175827639506463,6.275275438831238e-05,0.0054013340477396185,68,16,4.470036802289384,MS2,0.0,1518.7978515625
b'Acetylserotonin',,,2.0345782725219723,17469782809598685597,b'',NA,1,0.0,b'Acetylserotonin',0,Acetylserotonin,1.2500000000000002,Acetylserotonin,1.9866670370101929,2.0999999046325684,11168.333603999989,0.0,0.0,0.0,1.0000000000000002,1.0000000000000002,-3.035421727478028,5.07,2.0345782725219723,3.035421727478028,0.03035421727478028,0.04391238469501347,2.0,16.293085,2.7907407846715504,0.1718243807554245,7.217249371230307,0.0,Acetylserotonin,15.998094031990252,2.069327728253225,0.07544488688642947,0.00659419239498904,1.991550406125041,0.0,2.0669952930114706,2.069327728253225,0.11333286762237549,59.549932069644434,0.7533959548552059,-0.008814340939476688,-0.14101265517976935,33,14,2.7907407846715504,MS2,0.0,245.21408081054688
b'Acetylserotonin',,,2.0345782725219723,17469782809598685597,b'',NA,1,0.0,b'Acetylserotonin',0,Acetylserotonin,1.2500000000000002,Acetylserotonin,1.9866670370101929,2.0999999046325684,11168.333603999989,0.0,0.0,0.0,1.0000000000000002,1.0000000000000002,-3.035421727478028,5.07,2.0345782725219723,3.035421727478028,0.03035421727478028,0.04391238469501347,2.0,16.293085,2.7907407846715504,0.1718243807554245,7.217249371230307,0.0,Acetylserotonin2,15.998094031990252,2.069327728253225,0.07544488688642947,0.00659419239498904,1.991550406125041,0.0,2.0669952930114706,2.069327728253225,0.11333286762237549,59.549932069644434,0.7533959548552059,-0.008814340939476688,-0.14101265517976935,33,14,2.7907407846715504,MS2,0.0,245.21408081054688
b'Acetylserotonin',,,7.780576521118164,14496170850988416566,b'',NA,1,0.0,b'Acetylserotonin',0,Acetylserotonin,1.2500000000000002,Acetylserotonin,7.730000019073486,7.8566670417785645,11168.333603999989,0.0,0.0,0.0,1.0,1.0,2.7105765211181634,5.07,7.780576521118164,2.7105765211181634,0.027105765211181635,0.03747432989655653,2.0,14.660011,2.685123446799288,0.23445075750350952,7.045062275617955,0.0,Acetylserotonin,14.351561518396986,0.091321987908767,0.09159254032646302,0.0516356555412969,7.734483000231506,7.73558378979613,7.826075540557969,7.826905777704897,0.12666702270507812,2.0297053596309453,0.9871022773826837,-0.0072999463051689915,-0.10476562847962756,38,14,2.685123446799288,MS2,0.0,209.26290893554688
b'Acetylserotonin',,,7.780576521118164,14496170850988416566,b'',NA,1,0.0,b'Acetylserotonin',0,Acetylserotonin,1.2500000000000002,Acetylserotonin,7.730000019073486,7.8566670417785645,11168.333603999989,0.0,0.0,0.0,1.0,1.0,2.7105765211181634,5.07,7.780576521118164,2.7105765211181634,0.027105765211181635,0.03747432989655653,2.0,14.660011,2.685123446799288,0.23445075750350952,7.045062275617955,0.0,Acetylserotonin2,14.351561518396986,0.091321987908767,0.09159254032646302,0.0516356555412969,7.734483000231506,7.73558378979613,7.826075540557969,7.826905777704897,0.12666702270507812,2.0297053596309453,0.9871022773826837,-0.0072999463051689915,-0.10476562847962756,38,14,2.685123446799288,MS2,0.0,209.26290893554688
b'Acetylserotonin',,,1.3010020970458984,10957678614742572468,b'',NA,1,0.0,b'Acetylserotonin',0,Acetylserotonin,1.2500000000000002,Acetylserotonin,1.2599999904632568,1.363332986831665,11168.333603999989,0.0,0.0,0.0,1.0000000000000002,1.0000000000000002,-3.768997902954102,5.07,1.3010020970458984,3.768997902954102,0.03768997902954102,0.028615430130723676,2.0,13.92234,2.633494744226748,0.1911272406578064,7.014347681050581,0.0,Acetylserotonin,13.267937506611256,0.0,1.3336557344669369,0.036231454381557615,0.0,0.0,1.3336557344669369,0.0,0.1033329963684082,-0.0,0.025098835347908317,-0.06567888905184929,-0.8714233954435906,31,10,2.633494744226748,MS2,0.0,159.7933349609375
b'Acetylserotonin',,,1.3010020970458984,10957678614742572468,b'',NA,1,0.0,b'Acetylserotonin',0,Acetylserotonin,1.2500000000000002,Acetylserotonin,1.2599999904632568,1.363332986831665,11168.333603999989,0.0,0.0,0.0,1.0000000000000002,1.0000000000000002,-3.768997902954102,5.07,1.3010020970458984,3.768997902954102,0.03768997902954102,0.028615430130723676,2.0,13.92234,2.633494744226748,0.1911272406578064,7.014347681050581,0.0,Acetylserotonin2,13.267937506611256,0.0,1.3336557344669369,0.036231454381557615,0.0,0.0,1.3336557344669369,0.0,0.1033329963684082,-0.0,0.025098835347908317,-0.06567888905184929,-0.8714233954435906,31,10,2.633494744226748,MS2,0.0,159.7933349609375
b'Acetylserotonin',,,2.3595520467529294,15985614021206189803,b'',NA,1,0.0,b'Acetylserotonin',0,none,1.25,Acetylserotonin,2.293333053588867,2.450000047683716,11168.333603999989,0.0,0.0,0.0,1.0,1.0,-2.710447953247071,5.07,2.3595520467529294,2.710447953247071,0.027104479532470707,0.060942712151371654,2.0,12.178942,2.4997083947978784,0.7581639289855957,5.922835768317342,0.0,Acetylserotonin,12.105904204659483,0.0,0.0,0.059001940074812076,0.0,0.0,0.0,0.0,0.15666699409484863,-0.0,-1.0,0.2476292348141969,2.997775794933797,47,26,2.4997083947978784,MS2,0.0,340.31427001953125
b'Acetylserotonin',,,2.3595520467529294,15985614021206189803,b'',NA,1,0.0,b'Acetylserotonin',0,none,1.25,Acetylserotonin,2.293333053588867,2.450000047683716,11168.333603999989,0.0,0.0,0.0,1.0,1.0,-2.710447953247071,5.07,2.3595520467529294,2.710447953247071,0.027104479532470707,0.060942712151371654,2.0,12.178942,2.4997083947978784,0.7581639289855957,5.922835768317342,0.0,Acetylserotonin2,12.105904204659483,0.0,0.0,0.059001940074812076,0.0,0.0,0.0,0.0,0.15666699409484863,-0.0,-1.0,0.2476292348141969,2.997775794933797,47,26,2.4997083947978784,MS2,0.0,340.31427001953125
b'Acetyltryptamine',,,3.421775398010254,13189696793681040967,b'',NA,1,0.0,b'Acetyltryptamine',0,none,1.2499999999999998,Acetyltryptamine,3.3666670322418213,3.569999933242798,11168.333603999989,0.0,0.0,0.0,1.0000000000000004,1.0000000000000004,-3.878224601989746,7.3,3.421775398010254,3.878224601989746,0.03878224601989746,0.5370742692738609,2.0,199.810428,5.29736905704468,0.4320639967918396,8.496963547941697,0.0,Acetyltryptamine,195.93650173080516,0.025459469597818085,0.09211829706434482,0.04711702535432938,3.3786321726355664,3.3788942716720407,3.470750469699911,3.404353741269859,0.20333290100097656,-1.4613690292029435,0.880922148477398,-0.0010742219179609518,-0.21047928468782487,60,14,5.29736905704468,MS2,0.0,2999.1123046875
b'Acetyltryptamine',,,3.421775398010254,13189696793681040967,b'',NA,1,0.0,b'Acetyltryptamine',0,none,1.2499999999999998,Acetyltryptamine,3.3666670322418213,3.569999933242798,11168.333603999989,0.0,0.0,0.0,1.0000000000000004,1.0000000000000004,-3.878224601989746,7.3,3.421775398010254,3.878224601989746,0.03878224601989746,0.5370742692738609,2.0,199.810428,5.29736905704468,0.4320639967918396,8.496963547941697,0.0,Acetyltryptamine2,195.93650173080516,0.025459469597818085,0.09211829706434482,0.04711702535432938,3.3786321726355664,3.3788942716720407,3.470750469699911,3.404353741269859,0.20333290100097656,-1.4613690292029435,0.880922148477398,-0.0010742219179609518,-0.21047928468782487,60,14,5.29736905704468,MS2,0.0,2999.1123046875
b'Acetyltryptamine',,,6.966282773132326,6261896247984341981,b'',NA,1,0.0,b'Acetyltryptamine',0,none,1.2499999999999998,Acetyltryptamine,6.8933329582214355,7.119999885559082,11168.333603999989,0.0,0.0,0.0,1.0000000000000002,1.0000000000000002,-0.333717226867674,7.3,6.966282773132326,0.333717226867674,0.0033371722686767404,0.2719828947477958,2.0,87.359938,4.470036802289384,0.30783817172050476,8.377256038236775,0.0,Acetyltryptamine,86.0732584631474,0.11678381235082558,0.10369325730521783,0.052501199889000816,6.919639604198233,6.912190431896795,7.023332861503451,7.02897424424762,0.22666692733764648,2.1589713013589207,0.8175827639506463,6.275275438831238e-05,0.0054013340477396185,68,16,4.470036802289384,MS2,0.0,1518.7978515625
b'Acetyltryptamine',,,6.966282773132326,6261896247984341981,b'',NA,1,0.0,b'Acetyltryptamine',0,none,1.2499999999999998,Acetyltryptamine,6.8933329582214355,7.119999885559082,11168.333603999989,0.0,0.0,0.0,1.0000000000000002,1.0000000000000002,-0.333717226867674,7.3,6.966282773132326,0.333717226867674,0.0033371722686767404,0.2719828947477958,2.0,87.359938,4.470036802289384,0.30783817172050476,8.377256038236775,0.0,Acetyltryptamine2,86.0732584631474,0.11678381235082558,0.10369325730521783,0.052501199889000816,6.919639604198233,6.912190431896795,7.023332861503451,7.02897424424762,0.22666692733764648,2.1589713013589207,0.8175827639506463,6.275275438831238e-05,0.0054013340477396185,68,16,4.470036802289384,MS2,0.0,1518.7978515625
b'Acetyltryptamine',,,7.780576521118164,2628647496076206829,b'',NA,1,0.0,b'Acetyltryptamine',0,Acetyltryptamine,1.2500000000000002,Acetyltryptamine,7.730000019073486,7.8566670417785645,11168.333603999989,0.0,0.0,0.0,1.0,1.0,0.48057652111816385,7.3,7.780576521118164,0.48057652111816385,0.004805765211181638,0.03747432989655653,2.0,14.660011,2.685123446799288,0.23445075750350952,7.202387969249955,0.0,Acetyltryptamine,14.351561518396986,0.091321987908767,0.09159254032646302,0.0516356555412969,7.734483000231506,7.73558378979613,7.826075540557969,7.826905777704897,0.12666702270507812,2.0297053596309453,0.9871022773826837,-0.0072999463051689915,-0.10476562847962756,38,14,2.685123446799288,MS2,0.0,209.26290893554688
b'Acetyltryptamine',,,7.780576521118164,2628647496076206829,b'',NA,1,0.0,b'Acetyltryptamine',0,Acetyltryptamine,1.2500000000000002,Acetyltryptamine,7.730000019073486,7.8566670417785645,11168.333603999989,0.0,0.0,0.0,1.0,1.0,0.48057652111816385,7.3,7.780576521118164,0.48057652111816385,0.004805765211181638,0.03747432989655653,2.0,14.660011,2.685123446799288,0.23445075750350952,7.202387969249955,0.0,Acetyltryptamine2,14.351561518396986,0.091321987908767,0.09159254032646302,0.0516356555412969,7.734483000231506,7.73558378979613,7.826075540557969,7.826905777704897,0.12666702270507812,2.0297053596309453,0.9871022773826837,-0.0072999463051689915,-0.10476562847962756,38,14,2.685123446799288,MS2,0.0,209.26290893554688
b'Acetyltryptamine',,,2.0345782725219723,2605383811775094313,b'',NA,1,0.0,b'Acetyltryptamine',0,Acetyltryptamine,1.2500000000000002,Acetyltryptamine,1.9866670370101929,2.0999999046325684,11168.333603999989,0.0,0.0,0.0,1.0000000000000002,1.0000000000000002,-5.265421727478028,7.3,2.0345782725219723,5.265421727478028,0.05265421727478028,0.04391238469501347,2.0,16.293085,2.7907407846715504,0.1718243807554245,7.059923677598307,0.0,Acetyltryptamine,15.998094031990252,2.069327728253225,0.07544488688642947,0.00659419239498904,1.991550406125041,0.0,2.0669952930114706,2.069327728253225,0.11333286762237549,59.549932069644434,0.7533959548552059,-0.008814340939476688,-0.14101265517976935,33,14,2.7907407846715504,MS2,0.0,245.21408081054688
b'Acetyltryptamine',,,2.0345782725219723,2605383811775094313,b'',NA,1,0.0,b'Acetyltryptamine',0,Acetyltryptamine,1.2500000000000002,Acetyltryptamine,1.9866670370101929,2.0999999046325684,11168.333603999989,0.0,0.0,0.0,1.0000000000000002,1.0000000000000002,-5.265421727478028,7.3,2.0345782725219723,5.265421727478028,0.05265421727478028,0.04391238469501347,2.0,16.293085,2.7907407846715504,0.1718243807554245,7.059923677598307,0.0,Acetyltryptamine2,15.998094031990252,2.069327728253225,0.07544488688642947,0.00659419239498904,1.991550406125041,0.0,2.0669952930114706,2.069327728253225,0.11333286762237549,59.549932069644434,0.7533959548552059,-0.008814340939476688,-0.14101265517976935,33,14,2.7907407846715504,MS2,0.0,245.21408081054688
b'Acetyltryptamine',,,1.3010020970458984,16608452332107786314,b'',NA,1,0.0,b'Acetyltryptamine',0,Acetyltryptamine,1.2500000000000002,Acetyltryptamine,1.2599999904632568,1.363332986831665,11168.333603999989,0.0,0.0,0.0,1.0000000000000002,1.0000000000000002,-5.998997902954102,7.3,1.3010020970458984,5.998997902954102,0.05998997902954102,0.028615430130723676,2.0,13.92234,2.633494744226748,0.1911272406578064,6.857021987418581,0.0,Acetyltryptamine,13.267937506611256,0.0,1.3336557344669369,0.036231454381557615,0.0,0.0,1.3336557344669369,0.0,0.1033329963684082,-0.0,0.025098835347908317,-0.06567888905184929,-0.8714233954435906,31,10,2.633494744226748,MS2,0.0,159.7933349609375
b'Acetyltryptamine',,,1.3010020970458984,16608452332107786314,b'',NA,1,0.0,b'Acetyltryptamine',0,Acetyltryptamine,1.2500000000000002,Acetyltryptamine,1.2599999904632568,1.363332986831665,11168.333603999989,0.0,0.0,0.0,1.0000000000000002,1.0000000000000002,-5.998997902954102,7.3,1.3010020970458984,5.998997902954102,0.05998997902954102,0.028615430130723676,2.0,13.92234,2.633494744226748,0.1911272406578064,6.857021987418581,0.0,Acetyltryptamine2,13.267937506611256,0.0,1.3336557344669369,0.036231454381557615,0.0,0.0,1.3336557344669369,0.0,0.1033329963684082,-0.0,0.025098835347908317,-0.06567888905184929,-0.8714233954435906,31,10,2.633494744226748,MS2,0.0,159.7933349609375
b'Acetyltryptamine',,,2.3595520467529294,2122727124833340478,b'',NA,1,0.0,b'Acetyltryptamine',0,none,1.25,Acetyltryptamine,2.293333053588867,2.450000047683716,11168.333603999989,0.0,0.0,0.0,1.0,1.0,-4.94044795324707,7.3,2.3595520467529294,4.94044795324707,0.04940447953247071,0.060942712151371654,2.0,12.178942,2.4997083947978784,0.7581639289855957,5.765510074685342,0.0,Acetyltryptamine,12.105904204659483,0.0,0.0,0.059001940074812076,0.0,0.0,0.0,0.0,0.15666699409484863,-0.0,-1.0,0.2476292348141969,2.997775794933797,47,26,2.4997083947978784,MS2,0.0,340.31427001953125
b'Acetyltryptamine',,,2.3595520467529294,2122727124833340478,b'',NA,1,0.0,b'Acetyltryptamine',0,none,1.25,Acetyltryptamine,2.293333053588867,2.450000047683716,11168.333603999989,0.0,0.0,0.0,1.0,1.0,-4.94044795324707,7.3,2.3595520467529294,4.94044795324707,0.04940447953247071,0.060942712151371654,2.0,12.178942,2.4997083947978784,0.7581639289855957,5.765510074685342,0.0,Acetyltryptamine2,12.105904204659483,0.0,0.0,0.059001940074812076,0.0,0.0,0.0,0.0,0.15666699409484863,-0.0,-1.0,0.2476292348141969,2.997775794933797,47,26,2.4997083947978784,MS2,0.0,340.31427001953125
b'Antranilicacid',,,3.421775398010254,8162989844248365746,b'',NA,1,0.0,b'Antranilicacid',0,none,1.2499999999999998,Antranilicacid,3.3666670322418213,3.569999933242798,11168.333603999989,0.0,0.0,0.0,1.0000000000000004,1.0000000000000004,-2.8882246019897457,6.31,3.421775398010254,2.8882246019897457,0.02888224601989746,0.5370742692738609,2.0,199.810428,5.29736905704468,0.4320639967918396,8.566807689957695,0.0,Antranilicacid,195.93650173080516,0.025459469597818085,0.09211829706434482,0.04711702535432938,3.3786321726355664,3.3788942716720407,3.470750469699911,3.404353741269859,0.20333290100097656,-1.4613690292029435,0.880922148477398,-0.0010742219179609518,-0.21047928468782487,60,14,5.29736905704468,MS2,0.0,2999.1123046875
b'Antranilicacid',,,3.421775398010254,8162989844248365746,b'',NA,1,0.0,b'Antranilicacid',0,none,1.2499999999999998,Antranilicacid,3.3666670322418213,3.569999933242798,11168.333603999989,0.0,0.0,0.0,1.0000000000000004,1.0000000000000004,-2.8882246019897457,6.31,3.421775398010254,2.8882246019897457,0.02888224601989746,0.5370742692738609,2.0,199.810428,5.29736905704468,0.4320639967918396,8.566807689957695,0.0,Antranilicacid2,195.93650173080516,0.025459469597818085,0.09211829706434482,0.04711702535432938,3.3786321726355664,3.3788942716720407,3.470750469699911,3.404353741269859,0.20333290100097656,-1.4613690292029435,0.880922148477398,-0.0010742219179609518,-0.21047928468782487,60,14,5.29736905704468,MS2,0.0,2999.1123046875
b'Antranilicacid',,,6.966282773132326,13620346326930567215,b'',NA,1,0.0,b'Antranilicacid',0,none,1.2499999999999998,Antranilicacid,6.8933329582214355,7.119999885559082,11168.333603999989,0.0,0.0,0.0,1.0000000000000002,1.0000000000000002,0.6562827731323262,6.31,6.966282773132326,0.6562827731323262,0.006562827731323262,0.2719828947477958,2.0,87.359938,4.470036802289384,0.30783817172050476,8.354499155587504,0.0,Antranilicacid,86.0732584631474,0.11678381235082558,0.10369325730521783,0.052501199889000816,6.919639604198233,6.912190431896795,7.023332861503451,7.02897424424762,0.22666692733764648,2.1589713013589207,0.8175827639506463,6.275275438831238e-05,0.0054013340477396185,68,16,4.470036802289384,MS2,0.0,1518.7978515625
b'Antranilicacid',,,6.966282773132326,13620346326930567215,b'',NA,1,0.0,b'Antranilicacid',0,none,1.2499999999999998,Antranilicacid,6.8933329582214355,7.119999885559082,11168.333603999989,0.0,0.0,0.0,1.0000000000000002,1.0000000000000002,0.6562827731323262,6.31,6.966282773132326,0.6562827731323262,0.006562827731323262,0.2719828947477958,2.0,87.359938,4.470036802289384,0.30783817172050476,8.354499155587504,0.0,Antranilicacid2,86.0732584631474,0.11678381235082558,0.10369325730521783,0.052501199889000816,6.919639604198233,6.912190431896795,7.023332861503451,7.02897424424762,0.22666692733764648,2.1589713013589207,0.8175827639506463,6.275275438831238e-05,0.0054013340477396185,68,16,4.470036802289384,MS2,0.0,1518.7978515625
b'Antranilicacid',,,7.780576521118164,14565278981003360294,b'',NA,1,0.0,b'Antranilicacid',0,Antranilicacid,1.2500000000000002,Antranilicacid,7.730000019073486,7.8566670417785645,11168.333603999989,0.0,0.0,0.0,1.0,1.0,1.470576521118164,6.31,7.780576521118164,1.470576521118164,0.01470576521118164,0.03747432989655653,2.0,14.660011,2.685123446799288,0.23445075750350952,7.132543827233955,0.0,Antranilicacid,14.351561518396986,0.091321987908767,0.09159254032646302,0.0516356555412969,7.734483000231506,7.73558378979613,7.826075540557969,7.826905777704897,0.12666702270507812,2.0297053596309453,0.9871022773826837,-0.0072999463051689915,-0.10476562847962756,38,14,2.685123446799288,MS2,0.0,209.26290893554688
b'Antranilicacid',,,7.780576521118164,14565278981003360294,b'',NA,1,0.0,b'Antranilicacid',0,Antranilicacid,1.2500000000000002,Antranilicacid,7.730000019073486,7.8566670417785645,11168.333603999989,0.0,0.0,0.0,1.0,1.0,1.470576521118164,6.31,7.780576521118164,1.470576521118164,0.01470576521118164,0.03747432989655653,2.0,14.660011,2.685123446799288,0.23445075750350952,7.132543827233955,0.0,Antranilicacid2,14.351561518396986,0.091321987908767,0.09159254032646302,0.0516356555412969,7.734483000231506,7.73558378979613,7.826075540557969,7.826905777704897,0.12666702270507812,2.0297053596309453,0.9871022773826837,-0.0072999463051689915,-0.10476562847962756,38,14,2.685123446799288,MS2,0.0,209.26290893554688
b'Antranilicacid',,,2.0345782725219723,6274951578591219354,b'',NA,1,0.0,b'Antranilicacid',0,Antranilicacid,1.2500000000000002,Antranilicacid,1.9866670370101929,2.0999999046325684,11168.333603999989,0.0,0.0,0.0,1.0000000000000002,1.0000000000000002,-4.275421727478028,6.31,2.0345782725219723,4.275421727478028,0.04275421727478028,0.04391238469501347,2.0,16.293085,2.7907407846715504,0.1718243807554245,7.129767819614307,0.0,Antranilicacid,15.998094031990252,2.069327728253225,0.07544488688642947,0.00659419239498904,1.991550406125041,0.0,2.0669952930114706,2.069327728253225,0.11333286762237549,59.549932069644434,0.7533959548552059,-0.008814340939476688,-0.14101265517976935,33,14,2.7907407846715504,MS2,0.0,245.21408081054688
b'Antranilicacid',,,2.0345782725219723,6274951578591219354,b'',NA,1,0.0,b'Antranilicacid',0,Antranilicacid,1.2500000000000002,Antranilicacid,1.9866670370101929,2.0999999046325684,11168.333603999989,0.0,0.0,0.0,1.0000000000000002,1.0000000000000002,-4.275421727478028,6.31,2.0345782725219723,4.275421727478028,0.04275421727478028,0.04391238469501347,2.0,16.293085,2.7907407846715504,0.1718243807554245,7.129767819614307,0.0,Antranilicacid2,15.998094031990252,2.069327728253225,0.07544488688642947,0.00659419239498904,1.991550406125041,0.0,2.0669952930114706,2.069327728253225,0.11333286762237549,59.549932069644434,0.7533959548552059,-0.008814340939476688,-0.14101265517976935,33,14,2.7907407846715504,MS2,0.0,245.21408081054688
b'Antranilicacid',,,1.3010020970458984,15814645571540817384,b'',NA,1,0.0,b'Antranilicacid',0,Antranilicacid,1.2500000000000002,Antranilicacid,1.2599999904632568,1.363332986831665,11168.333603999989,0.0,0.0,0.0,1.0000000000000002,1.0000000000000002,-5.008997902954102,6.31,1.3010020970458984,5.008997902954102,0.050089979029541015,0.028615430130723676,2.0,13.92234,2.633494744226748,0.1911272406578064,6.926866129434581,0.0,Antranilicacid,13.267937506611256,0.0,1.3336557344669369,0.036231454381557615,0.0,0.0,1.3336557344669369,0.0,0.1033329963684082,-0.0,0.025098835347908317,-0.06567888905184929,-0.8714233954435906,31,10,2.633494744226748,MS2,0.0,159.7933349609375
b'Antranilicacid',,,1.3010020970458984,15814645571540817384,b'',NA,1,0.0,b'Antranilicacid',0,Antranilicacid,1.2500000000000002,Antranilicacid,1.2599999904632568,1.363332986831665,11168.333603999989,0.0,0.0,0.0,1.0000000000000002,1.0000000000000002,-5.008997902954102,6.31,1.3010020970458984,5.008997902954102,0.050089979029541015,0.028615430130723676,2.0,13.92234,2.633494744226748,0.1911272406578064,6.926866129434581,0.0,Antranilicacid2,13.267937506611256,0.0,1.3336557344669369,0.036231454381557615,0.0,0.0,1.3336557344669369,0.0,0.1033329963684082,-0.0,0.025098835347908317,-0.06567888905184929,-0.8714233954435906,31,10,2.633494744226748,MS2,0.0,159.7933349609375
b'Antranilicacid',,,2.3595520467529294,12836993188974187891,b'',NA,1,0.0,b'Antranilicacid',0,none,1.25,Antranilicacid,2.293333053588867,2.450000047683716,11168.333603999989,0.0,0.0,0.0,1.0,1.0,-3.95044795324707,6.31,2.3595520467529294,3.95044795324707,0.0395044795324707,0.060942712151371654,2.0,12.178942,2.4997083947978784,0.7581639289855957,5.835354216701342,0.0,Antranilicacid,12.105904204659483,0.0,0.0,0.059001940074812076,0.0,0.0,0.0,0.0,0.15666699409484863,-0.0,-1.0,0.2476292348141969,2.997775794933797,47,26,2.4997083947978784,MS2,0.0,340.31427001953125
b'Antranilicacid',,,2.3595520467529294,12836993188974187891,b'',NA,1,0.0,b'Antranilicacid',0,none,1.25,Antranilicacid,2.293333053588867,2.450000047683716,11168.333603999989,0.0,0.0,0.0,1.0,1.0,-3.95044795324707,6.31,2.3595520467529294,3.95044795324707,0.0395044795324707,0.060942712151371654,2.0,12.178942,2.4997083947978784,0.7581639289855957,5.835354216701342,0.0,Antranilicacid2,12.105904204659483,0.0,0.0,0.059001940074812076,0.0,0.0,0.0,0.0,0.15666699409484863,-0.0,-1.0,0.2476292348141969,2.997775794933797,47,26,2.4997083947978784,MS2,0.0,340.31427001953125
b'Indole',,,3.421775398010254,15529706137418174629,b'',NA,1,0.0,b'Indole',0,none,1.2499999999999998,Indole,3.3666670322418213,3.569999933242798,11168.333603999989,0.0,0.0,0.0,1.0000000000000004,1.0000000000000004,-5.608224601989745,9.03,3.421775398010254,5.608224601989745,0.05608224601989745,0.5370742692738609,2.0,199.810428,5.29736905704468,0.4320639967918396,8.374912673509696,0.0,Indole,195.93650173080516,0.025459469597818085,0.09211829706434482,0.04711702535432938,3.3786321726355664,3.3788942716720407,3.470750469699911,3.404353741269859,0.20333290100097656,-1.4613690292029435,0.880922148477398,-0.0010742219179609518,-0.21047928468782487,60,14,5.29736905704468,MS2,0.0,2999.1123046875
b'Indole',,,3.421775398010254,15529706137418174629,b'',NA,1,0.0,b'Indole',0,none,1.2499999999999998,Indole,3.3666670322418213,3.569999933242798,11168.333603999989,0.0,0.0,0.0,1.0000000000000004,1.0000000000000004,-5.608224601989745,9.03,3.421775398010254,5.608224601989745,0.05608224601989745,0.5370742692738609,2.0,199.810428,5.29736905704468,0.4320639967918396,8.374912673509696,0.0,Indole2,195.93650173080516,0.025459469597818085,0.09211829706434482,0.04711702535432938,3.3786321726355664,3.3788942716720407,3.470750469699911,3.404353741269859,0.20333290100097656,-1.4613690292029435,0.880922148477398,-0.0010742219179609518,-0.21047928468782487,60,14,5.29736905704468,MS2,0.0,2999.1123046875
b'Indole',,,6.966282773132326,18265957260305373650,b'',NA,1,0.0,b'Indole',0,none,1.2499999999999998,Indole,6.8933329582214355,7.119999885559082,11168.333603999989,0.0,0.0,0.0,1.0000000000000002,1.0000000000000002,-2.0637172268676736,9.03,6.966282773132326,2.0637172268676736,0.020637172268676736,0.2719828947477958,2.0,87.359938,4.470036802289384,0.30783817172050476,8.255205163804774,0.0,Indole,86.0732584631474,0.11678381235082558,0.10369325730521783,0.052501199889000816,6.919639604198233,6.912190431896795,7.023332861503451,7.02897424424762,0.22666692733764648,2.1589713013589207,0.8175827639506463,6.275275438831238e-05,0.0054013340477396185,68,16,4.470036802289384,MS2,0.0,1518.7978515625
b'Indole',,,6.966282773132326,18265957260305373650,b'',NA,1,0.0,b'Indole',0,none,1.2499999999999998,Indole,6.8933329582214355,7.119999885559082,11168.333603999989,0.0,0.0,0.0,1.0000000000000002,1.0000000000000002,-2.0637172268676736,9.03,6.966282773132326,2.0637172268676736,0.020637172268676736,0.2719828947477958,2.0,87.359938,4.470036802289384,0.30783817172050476,8.255205163804774,0.0,Indole2,86.0732584631474,0.11678381235082558,0.10369325730521783,0.052501199889000816,6.919639604198233,6.912190431896795,7.023332861503451,7.02897424424762,0.22666692733764648,2.1589713013589207,0.8175827639506463,6.275275438831238e-05,0.0054013340477396185,68,16,4.470036802289384,MS2,0.0,1518.7978515625
b'Indole',,,7.780576521118164,771216734144170608,b'',NA,1,0.0,b'Indole',0,Indole,1.2500000000000002,Indole,7.730000019073486,7.8566670417785645,11168.333603999989,0.0,0.0,0.0,1.0,1.0,-1.2494234788818357,9.03,7.780576521118164,1.2494234788818357,0.012494234788818358,0.03747432989655653,2.0,14.660011,2.685123446799288,0.23445075750350952,7.148146094394788,0.0,Indole,14.351561518396986,0.091321987908767,0.09159254032646302,0.0516356555412969,7.734483000231506,7.73558378979613,7.826075540557969,7.826905777704897,0.12666702270507812,2.0297053596309453,0.9871022773826837,-0.0072999463051689915,-0.10476562847962756,38,14,2.685123446799288,MS2,0.0,209.26290893554688
b'Indole',,,7.780576521118164,771216734144170608,b'',NA,1,0.0,b'Indole',0,Indole,1.2500000000000002,Indole,7.730000019073486,7.8566670417785645,11168.333603999989,0.0,0.0,0.0,1.0,1.0,-1.2494234788818357,9.03,7.780576521118164,1.2494234788818357,0.012494234788818358,0.03747432989655653,2.0,14.660011,2.685123446799288,0.23445075750350952,7.148146094394788,0.0,Indole2,14.351561518396986,0.091321987908767,0.09159254032646302,0.0516356555412969,7.734483000231506,7.73558378979613,7.826075540557969,7.826905777704897,0.12666702270507812,2.0297053596309453,0.9871022773826837,-0.0072999463051689915,-0.10476562847962756,38,14,2.685123446799288,MS2,0.0,209.26290893554688
b'Indole',,,2.0345782725219723,1613251028469813775,b'',NA,1,0.0,b'Indole',0,Indole,1.2500000000000002,Indole,1.9866670370101929,2.0999999046325684,11168.333603999989,0.0,0.0,0.0,1.0000000000000002,1.0000000000000002,-6.995421727478027,9.03,2.0345782725219723,6.995421727478027,0.06995421727478027,0.04391238469501347,2.0,16.293085,2.7907407846715504,0.1718243807554245,6.937872803166307,0.0,Indole,15.998094031990252,2.069327728253225,0.07544488688642947,0.00659419239498904,1.991550406125041,0.0,2.0669952930114706,2.069327728253225,0.11333286762237549,59.549932069644434,0.7533959548552059,-0.008814340939476688,-0.14101265517976935,33,14,2.7907407846715504,MS2,0.0,245.21408081054688
b'Indole',,,2.0345782725219723,1613251028469813775,b'',NA,1,0.0,b'Indole',0,Indole,1.2500000000000002,Indole,1.9866670370101929,2.0999999046325684,11168.333603999989,0.0,0.0,0.0,1.0000000000000002,1.0000000000000002,-6.995421727478027,9.03,2.0345782725219723,6.995421727478027,0.06995421727478027,0.04391238469501347,2.0,16.293085,2.7907407846715504,0.1718243807554245,6.937872803166307,0.0,Indole2,15.998094031990252,2.069327728253225,0.07544488688642947,0.00659419239498904,1.991550406125041,0.0,2.0669952930114706,2.069327728253225,0.11333286762237549,59.549932069644434,0.7533959548552059,-0.008814340939476688,-0.14101265517976935,33,14,2.7907407846715504,MS2,0.0,245.21408081054688
b'Indole',,,1.3010020970458984,14901231269143816173,b'',NA,1,0.0,b'Indole',0,Indole,1.2500000000000002,Indole,1.2599999904632568,1.363332986831665,11168.333603999989,0.0,0.0,0.0,1.0000000000000002,1.0000000000000002,-7.7289979029541005,9.03,1.3010020970458984,7.7289979029541005,0.077289979029541,0.028615430130723676,2.0,13.92234,2.633494744226748,0.1911272406578064,6.734971112986581,0.0,Indole,13.267937506611256,0.0,1.3336557344669369,0.036231454381557615,0.0,0.0,1.3336557344669369,0.0,0.1033329963684082,-0.0,0.025098835347908317,-0.06567888905184929,-0.8714233954435906,31,10,2.633494744226748,MS2,0.0,159.7933349609375
b'Indole',,,1.3010020970458984,14901231269143816173,b'',NA,1,0.0,b'Indole',0,Indole,1.2500000000000002,Indole,1.2599999904632568,1.363332986831665,11168.333603999989,0.0,0.0,0.0,1.0000000000000002,1.0000000000000002,-7.7289979029541005,9.03,1.3010020970458984,7.7289979029541005,0.077289979029541,0.028615430130723676,2.0,13.92234,2.633494744226748,0.1911272406578064,6.734971112986581,0.0,Indole2,13.267937506611256,0.0,1.3336557344669369,0.036231454381557615,0.0,0.0,1.3336557344669369,0.0,0.1033329963684082,-0.0,0.025098835347908317,-0.06567888905184929,-0.8714233954435906,31,10,2.633494744226748,MS2,0.0,159.7933349609375
b'Indole',,,2.3595520467529294,10252406001331769905,b'',NA,1,0.0,b'Indole',0,none,1.25,Indole,2.293333053588867,2.450000047683716,11168.333603999989,0.0,0.0,0.0,1.0,1.0,-6.67044795324707,9.03,2.3595520467529294,6.67044795324707,0.0667044795324707,0.060942712151371654,2.0,12.178942,2.4997083947978784,0.7581639289855957,5.643459200253342,0.0,Indole,12.105904204659483,0.0,0.0,0.059001940074812076,0.0,0.0,0.0,0.0,0.15666699409484863,-0.0,-1.0,0.2476292348141969,2.997775794933797,47,26,2.4997083947978784,MS2,0.0,340.31427001953125
b'Indole',,,2.3595520467529294,10252406001331769905,b'',NA,1,0.0,b'Indole',0,none,1.25,Indole,2.293333053588867,2.450000047683716,11168.333603999989,0.0,0.0,0.0,1.0,1.0,-6.67044795324707,9.03,2.3595520467529294,6.67044795324707,0.0667044795324707,0.060942712151371654,2.0,12.178942,2.4997083947978784,0.7581639289855957,5.643459200253342,0.0,Indole2,12.105904204659483,0.0,0.0,0.059001940074812076,0.0,0.0,0.0,0.0,0.15666699409484863,-0.0,-1.0,0.2476292348141969,2.997775794933797,47,26,2.4997083947978784,MS2,0.0,340.31427001953125
b'Melatonin',,,3.421775398010254,5663099169698006538,b'',NA,1,0.0,b'Melatonin',0,none,1.2499999999999998,Melatonin,3.3666670322418213,3.569999933242798,11168.333603999989,0.0,0.0,0.0,1.0000000000000004,1.0000000000000004,-3.538224601989746,6.96,3.421775398010254,3.538224601989746,0.03538224601989746,0.5370742692738609,2.0,199.810428,5.29736905704468,0.4320639967918396,8.520950424997697,0.0,Melatonin,195.93650173080516,0.025459469597818085,0.09211829706434482,0.04711702535432938,3.3786321726355664,3.3788942716720407,3.470750469699911,3.404353741269859,0.20333290100097656,-1.4613690292029435,0.880922148477398,-0.0010742219179609518,-0.21047928468782487,60,14,5.29736905704468,MS2,0.0,2999.1123046875
b'Melatonin',,,3.421775398010254,5663099169698006538,b'',NA,1,0.0,b'Melatonin',0,none,1.2499999999999998,Melatonin,3.3666670322418213,3.569999933242798,11168.333603999989,0.0,0.0,0.0,1.0000000000000004,1.0000000000000004,-3.538224601989746,6.96,3.421775398010254,3.538224601989746,0.03538224601989746,0.5370742692738609,2.0,199.810428,5.29736905704468,0.4320639967918396,8.520950424997697,0.0,Melatonin2,195.93650173080516,0.025459469597818085,0.09211829706434482,0.04711702535432938,3.3786321726355664,3.3788942716720407,3.470750469699911,3.404353741269859,0.20333290100097656,-1.4613690292029435,0.880922148477398,-0.0010742219179609518,-0.21047928468782487,60,14,5.29736905704468,MS2,0.0,2999.1123046875
b'Melatonin',,,6.966282773132326,11369112636841325498,b'',NA,1,0.0,b'Melatonin',0,none,1.2499999999999998,Melatonin,6.8933329582214355,7.119999885559082,11168.333603999989,0.0,0.0,0.0,1.0000000000000002,1.0000000000000002,0.006282773132325836,6.96,6.966282773132326,0.006282773132325836,6.282773132325837e-05,0.2719828947477958,2.0,87.359938,4.470036802289384,0.30783817172050476,8.400356420547505,0.0,Melatonin,86.0732584631474,0.11678381235082558,0.10369325730521783,0.052501199889000816,6.919639604198233,6.912190431896795,7.023332861503451,7.02897424424762,0.22666692733764648,2.1589713013589207,0.8175827639506463,6.275275438831238e-05,0.0054013340477396185,68,16,4.470036802289384,MS2,0.0,1518.7978515625
b'Melatonin',,,6.966282773132326,11369112636841325498,b'',NA,1,0.0,b'Melatonin',0,none,1.2499999999999998,Melatonin,6.8933329582214355,7.119999885559082,11168.333603999989,0.0,0.0,0.0,1.0000000000000002,1.0000000000000002,0.006282773132325836,6.96,6.966282773132326,0.006282773132325836,6.282773132325837e-05,0.2719828947477958,2.0,87.359938,4.470036802289384,0.30783817172050476,8.400356420547505,0.0,Melatonin2,86.0732584631474,0.11678381235082558,0.10369325730521783,0.052501199889000816,6.919639604198233,6.912190431896795,7.023332861503451,7.02897424424762,0.22666692733764648,2.1589713013589207,0.8175827639506463,6.275275438831238e-05,0.0054013340477396185,68,16,4.470036802289384,MS2,0.0,1518.7978515625
b'Melatonin',,,7.780576521118164,11654515647982362929,b'',NA,1,0.0,b'Melatonin',0,Melatonin,1.2500000000000002,Melatonin,7.730000019073486,7.8566670417785645,11168.333603999989,0.0,0.0,0.0,1.0,1.0,0.8205765211181637,6.96,7.780576521118164,0.8205765211181637,0.008205765211181637,0.03747432989655653,2.0,14.660011,2.685123446799288,0.23445075750350952,7.178401092193955,0.0,Melatonin,14.351561518396986,0.091321987908767,0.09159254032646302,0.0516356555412969,7.734483000231506,7.73558378979613,7.826075540557969,7.826905777704897,0.12666702270507812,2.0297053596309453,0.9871022773826837,-0.0072999463051689915,-0.10476562847962756,38,14,2.685123446799288,MS2,0.0,209.26290893554688
b'Melatonin',,,7.780576521118164,11654515647982362929,b'',NA,1,0.0,b'Melatonin',0,Melatonin,1.2500000000000002,Melatonin,7.730000019073486,7.8566670417785645,11168.333603999989,0.0,0.0,0.0,1.0,1.0,0.8205765211181637,6.96,7.780576521118164,0.8205765211181637,0.008205765211181637,0.03747432989655653,2.0,14.660011,2.685123446799288,0.23445075750350952,7.178401092193955,0.0,Melatonin2,14.351561518396986,0.091321987908767,0.09159254032646302,0.0516356555412969,7.734483000231506,7.73558378979613,7.826075540557969,7.826905777704897,0.12666702270507812,2.0297053596309453,0.9871022773826837,-0.0072999463051689915,-0.10476562847962756,38,14,2.685123446799288,MS2,0.0,209.26290893554688
b'Melatonin',,,2.0345782725219723,5335943084577241462,b'',NA,1,0.0,b'Melatonin',0,Melatonin,1.2500000000000002,Melatonin,1.9866670370101929,2.0999999046325684,11168.333603999989,0.0,0.0,0.0,1.0000000000000002,1.0000000000000002,-4.925421727478028,6.96,2.0345782725219723,4.925421727478028,0.04925421727478028,0.04391238469501347,2.0,16.293085,2.7907407846715504,0.1718243807554245,7.083910554654307,0.0,Melatonin,15.998094031990252,2.069327728253225,0.07544488688642947,0.00659419239498904,1.991550406125041,0.0,2.0669952930114706,2.069327728253225,0.11333286762237549,59.549932069644434,0.7533959548552059,-0.008814340939476688,-0.14101265517976935,33,14,2.7907407846715504,MS2,0.0,245.21408081054688
b'Melatonin',,,2.0345782725219723,5335943084577241462,b'',NA,1,0.0,b'Melatonin',0,Melatonin,1.2500000000000002,Melatonin,1.9866670370101929,2.0999999046325684,11168.333603999989,0.0,0.0,0.0,1.0000000000000002,1.0000000000000002,-4.925421727478028,6.96,2.0345782725219723,4.925421727478028,0.04925421727478028,0.04391238469501347,2.0,16.293085,2.7907407846715504,0.1718243807554245,7.083910554654307,0.0,Melatonin2,15.998094031990252,2.069327728253225,0.07544488688642947,0.00659419239498904,1.991550406125041,0.0,2.0669952930114706,2.069327728253225,0.11333286762237549,59.549932069644434,0.7533959548552059,-0.008814340939476688,-0.14101265517976935,33,14,2.7907407846715504,MS2,0.0,245.21408081054688
b'Melatonin',,,1.3010020970458984,15318477368280104839,b'',NA,1,0.0,b'Melatonin',0,Melatonin,1.2500000000000002,Melatonin,1.2599999904632568,1.363332986831665,11168.333603999989,0.0,0.0,0.0,1.0000000000000002,1.0000000000000002,-5.658997902954102,6.96,1.3010020970458984,5.658997902954102,0.05658997902954102,0.028615430130723676,2.0,13.92234,2.633494744226748,0.1911272406578064,6.88100886447458,0.0,Melatonin,13.267937506611256,0.0,1.3336557344669369,0.036231454381557615,0.0,0.0,1.3336557344669369,0.0,0.1033329963684082,-0.0,0.025098835347908317,-0.06567888905184929,-0.8714233954435906,31,10,2.633494744226748,MS2,0.0,159.7933349609375
b'Melatonin',,,1.3010020970458984,15318477368280104839,b'',NA,1,0.0,b'Melatonin',0,Melatonin,1.2500000000000002,Melatonin,1.2599999904632568,1.363332986831665,11168.333603999989,0.0,0.0,0.0,1.0000000000000002,1.0000000000000002,-5.658997902954102,6.96,1.3010020970458984,5.658997902954102,0.05658997902954102,0.028615430130723676,2.0,13.92234,2.633494744226748,0.1911272406578064,6.88100886447458,0.0,Melatonin2,13.267937506611256,0.0,1.3336557344669369,0.036231454381557615,0.0,0.0,1.3336557344669369,0.0,0.1033329963684082,-0.0,0.025098835347908317,-0.06567888905184929,-0.8714233954435906,31,10,2.633494744226748,MS2,0.0,159.7933349609375
b'Melatonin',,,2.3595520467529294,8521068899963187627,b'',NA,1,0.0,b'Melatonin',0,none,1.25,Melatonin,2.293333053588867,2.450000047683716,11168.333603999989,0.0,0.0,0.0,1.0,1.0,-4.600447953247071,6.96,2.3595520467529294,4.600447953247071,0.04600447953247071,0.060942712151371654,2.0,12.178942,2.4997083947978784,0.7581639289855957,5.789496951741342,0.0,Melatonin,12.105904204659483,0.0,0.0,0.059001940074812076,0.0,0.0,0.0,0.0,0.15666699409484863,-0.0,-1.0,0.2476292348141969,2.997775794933797,47,26,2.4997083947978784,MS2,0.0,340.31427001953125
b'Melatonin',,,2.3595520467529294,8521068899963187627,b'',NA,1,0.0,b'Melatonin',0,none,1.25,Melatonin,2.293333053588867,2.450000047683716,11168.333603999989,0.0,0.0,0.0,1.0,1.0,-4.600447953247071,6.96,2.3595520467529294,4.600447953247071,0.04600447953247071,0.060942712151371654,2.0,12.178942,2.4997083947978784,0.7581639289855957,5.789496951741342,0.0,Melatonin2,12.105904204659483,0.0,0.0,0.059001940074812076,0.0,0.0,0.0,0.0,0.15666699409484863,-0.0,-1.0,0.2476292348141969,2.997775794933797,47,26,2.4997083947978784,MS2,0.0,340.31427001953125
b'Riboflavin',,,3.421775398010254,7423949959394334738,b'',NA,1,0.0,b'Riboflavin',0,none,1.2499999999999998,Riboflavin,3.3666670322418213,3.569999933242798,11168.333603999989,0.0,0.0,0.0,1.0000000000000004,1.0000000000000004,-1.8582246019897464,5.28,3.421775398010254,1.8582246019897464,0.018582246019897462,0.5370742692738609,2.0,199.810428,5.29736905704468,0.4320639967918396,8.639473817509696,0.0,Riboflavin,195.93650173080516,0.025459469597818085,0.09211829706434482,0.04711702535432938,3.3786321726355664,3.3788942716720407,3.470750469699911,3.404353741269859,0.20333290100097656,-1.4613690292029435,0.880922148477398,-0.0010742219179609518,-0.21047928468782487,60,14,5.29736905704468,MS2,0.0,2999.1123046875
b'Riboflavin',,,3.421775398010254,7423949959394334738,b'',NA,1,0.0,b'Riboflavin',0,none,1.2499999999999998,Riboflavin,3.3666670322418213,3.569999933242798,11168.333603999989,0.0,0.0,0.0,1.0000000000000004,1.0000000000000004,-1.8582246019897464,5.28,3.421775398010254,1.8582246019897464,0.018582246019897462,0.5370742692738609,2.0,199.810428,5.29736905704468,0.4320639967918396,8.639473817509696,0.0,Riboflavin2,195.93650173080516,0.025459469597818085,0.09211829706434482,0.04711702535432938,3.3786321726355664,3.3788942716720407,3.470750469699911,3.404353741269859,0.20333290100097656,-1.4613690292029435,0.880922148477398,-0.0010742219179609518,-0.21047928468782487,60,14,5.29736905704468,MS2,0.0,2999.1123046875
b'Riboflavin',,,6.966282773132326,15887995412641501427,b'',NA,1,0.0,b'Riboflavin',0,none,1.2499999999999998,Riboflavin,6.8933329582214355,7.119999885559082,11168.333603999989,0.0,0.0,0.0,1.0000000000000002,1.0000000000000002,1.6862827731323256,5.28,6.966282773132326,1.6862827731323256,0.016862827731323256,0.2719828947477958,2.0,87.359938,4.470036802289384,0.30783817172050476,8.281833028035505,0.0,Riboflavin,86.0732584631474,0.11678381235082558,0.10369325730521783,0.052501199889000816,6.919639604198233,6.912190431896795,7.023332861503451,7.02897424424762,0.22666692733764648,2.1589713013589207,0.8175827639506463,6.275275438831238e-05,0.0054013340477396185,68,16,4.470036802289384,MS2,0.0,1518.7978515625
b'Riboflavin',,,6.966282773132326,15887995412641501427,b'',NA,1,0.0,b'Riboflavin',0,none,1.2499999999999998,Riboflavin,6.8933329582214355,7.119999885559082,11168.333603999989,0.0,0.0,0.0,1.0000000000000002,1.0000000000000002,1.6862827731323256,5.28,6.966282773132326,1.6862827731323256,0.016862827731323256,0.2719828947477958,2.0,87.359938,4.470036802289384,0.30783817172050476,8.281833028035505,0.0,Riboflavin2,86.0732584631474,0.11678381235082558,0.10369325730521783,0.052501199889000816,6.919639604198233,6.912190431896795,7.023332861503451,7.02897424424762,0.22666692733764648,2.1589713013589207,0.8175827639506463,6.275275438831238e-05,0.0054013340477396185,68,16,4.470036802289384,MS2,0.0,1518.7978515625
b'Riboflavin',,,2.0345782725219723,2037704085447961244,b'',NA,1,0.0,b'Riboflavin',0,Riboflavin,1.2500000000000002,Riboflavin,1.9866670370101929,2.0999999046325684,11168.333603999989,0.0,0.0,0.0,1.0000000000000002,1.0000000000000002,-3.245421727478028,5.28,2.0345782725219723,3.245421727478028,0.03245421727478028,0.04391238469501347,2.0,16.293085,2.7907407846715504,0.1718243807554245,7.202433947166307,0.0,Riboflavin,15.998094031990252,2.069327728253225,0.07544488688642947,0.00659419239498904,1.991550406125041,0.0,2.0669952930114706,2.069327728253225,0.11333286762237549,59.549932069644434,0.7533959548552059,-0.008814340939476688,-0.14101265517976935,33,14,2.7907407846715504,MS2,0.0,245.21408081054688
b'Riboflavin',,,2.0345782725219723,2037704085447961244,b'',NA,1,0.0,b'Riboflavin',0,Riboflavin,1.2500000000000002,Riboflavin,1.9866670370101929,2.0999999046325684,11168.333603999989,0.0,0.0,0.0,1.0000000000000002,1.0000000000000002,-3.245421727478028,5.28,2.0345782725219723,3.245421727478028,0.03245421727478028,0.04391238469501347,2.0,16.293085,2.7907407846715504,0.1718243807554245,7.202433947166307,0.0,Riboflavin2,15.998094031990252,2.069327728253225,0.07544488688642947,0.00659419239498904,1.991550406125041,0.0,2.0669952930114706,2.069327728253225,0.11333286762237549,59.549932069644434,0.7533959548552059,-0.008814340939476688,-0.14101265517976935,33,14,2.7907407846715504,MS2,0.0,245.21408081054688
b'Riboflavin',,,7.780576521118164,10027852553837413269,b'',NA,1,0.0,b'Riboflavin',0,Riboflavin,1.2500000000000002,Riboflavin,7.730000019073486,7.8566670417785645,11168.333603999989,0.0,0.0,0.0,1.0,1.0,2.5005765211181634,5.28,7.780576521118164,2.5005765211181634,0.025005765211181634,0.03747432989655653,2.0,14.660011,2.685123446799288,0.23445075750350952,7.059877699681955,0.0,Riboflavin,14.351561518396986,0.091321987908767,0.09159254032646302,0.0516356555412969,7.734483000231506,7.73558378979613,7.826075540557969,7.826905777704897,0.12666702270507812,2.0297053596309453,0.9871022773826837,-0.0072999463051689915,-0.10476562847962756,38,14,2.685123446799288,MS2,0.0,209.26290893554688
b'Riboflavin',,,7.780576521118164,10027852553837413269,b'',NA,1,0.0,b'Riboflavin',0,Riboflavin,1.2500000000000002,Riboflavin,7.730000019073486,7.8566670417785645,11168.333603999989,0.0,0.0,0.0,1.0,1.0,2.5005765211181634,5.28,7.780576521118164,2.5005765211181634,0.025005765211181634,0.03747432989655653,2.0,14.660011,2.685123446799288,0.23445075750350952,7.059877699681955,0.0,Riboflavin2,14.351561518396986,0.091321987908767,0.09159254032646302,0.0516356555412969,7.734483000231506,7.73558378979613,7.826075540557969,7.826905777704897,0.12666702270507812,2.0297053596309453,0.9871022773826837,-0.0072999463051689915,-0.10476562847962756,38,14,2.685123446799288,MS2,0.0,209.26290893554688
b'Riboflavin',,,1.3010020970458984,1709738292651517824,b'',NA,1,0.0,b'Riboflavin',0,Riboflavin,1.2500000000000002,Riboflavin,1.2599999904632568,1.363332986831665,11168.333603999989,0.0,0.0,0.0,1.0000000000000002,1.0000000000000002,-3.978997902954102,5.28,1.3010020970458984,3.978997902954102,0.03978997902954102,0.028615430130723676,2.0,13.92234,2.633494744226748,0.1911272406578064,6.999532256986581,0.0,Riboflavin,13.267937506611256,0.0,1.3336557344669369,0.036231454381557615,0.0,0.0,1.3336557344669369,0.0,0.1033329963684082,-0.0,0.025098835347908317,-0.06567888905184929,-0.8714233954435906,31,10,2.633494744226748,MS2,0.0,159.7933349609375
b'Riboflavin',,,1.3010020970458984,1709738292651517824,b'',NA,1,0.0,b'Riboflavin',0,Riboflavin,1.2500000000000002,Riboflavin,1.2599999904632568,1.363332986831665,11168.333603999989,0.0,0.0,0.0,1.0000000000000002,1.0000000000000002,-3.978997902954102,5.28,1.3010020970458984,3.978997902954102,0.03978997902954102,0.028615430130723676,2.0,13.92234,2.633494744226748,0.1911272406578064,6.999532256986581,0.0,Riboflavin2,13.267937506611256,0.0,1.3336557344669369,0.036231454381557615,0.0,0.0,1.3336557344669369,0.0,0.1033329963684082,-0.0,0.025098835347908317,-0.06567888905184929,-0.8714233954435906,31,10,2.633494744226748,MS2,0.0,159.7933349609375
b'Riboflavin',,,2.3595520467529294,1026700686012919619,b'',NA,1,0.0,b'Riboflavin',0,none,1.25,Riboflavin,2.293333053588867,2.450000047683716,11168.333603999989,0.0,0.0,0.0,1.0,1.0,-2.920447953247071,5.28,2.3595520467529294,2.920447953247071,0.02920447953247071,0.060942712151371654,2.0,12.178942,2.4997083947978784,0.7581639289855957,5.908020344253342,0.0,Riboflavin,12.105904204659483,0.0,0.0,0.059001940074812076,0.0,0.0,0.0,0.0,0.15666699409484863,-0.0,-1.0,0.2476292348141969,2.997775794933797,47,26,2.4997083947978784,MS2,0.0,340.31427001953125
b'Riboflavin',,,2.3595520467529294,1026700686012919619,b'',NA,1,0.0,b'Riboflavin',0,none,1.25,Riboflavin,2.293333053588867,2.450000047683716,11168.333603999989,0.0,0.0,0.0,1.0,1.0,-2.920447953247071,5.28,2.3595520467529294,2.920447953247071,0.02920447953247071,0.060942712151371654,2.0,12.178942,2.4997083947978784,0.7581639289855957,5.908020344253342,0.0,Riboflavin2,12.105904204659483,0.0,0.0,0.059001940074812076,0.0,0.0,0.0,0.0,0.15666699409484863,-0.0,-1.0,0.2476292348141969,2.997775794933797,47,26,2.4997083947978784,MS2,0.0,340.31427001953125
b'Serotonin',,,3.421775398010254,7720879224489486149,b'',NA,1,0.0,b'Serotonin',0,none,1.2499999999999998,Serotonin,3.3666670322418213,3.569999933242798,11168.333603999989,0.0,0.0,0.0,1.0000000000000004,1.0000000000000004,1.5517753980102538,1.87,3.421775398010254,1.5517753980102538,0.015517753980102538,0.5370742692738609,2.0,199.810428,5.29736905704468,0.4320639967918396,8.661093698038417,0.0,Serotonin,195.93650173080516,0.025459469597818085,0.09211829706434482,0.04711702535432938,3.3786321726355664,3.3788942716720407,3.470750469699911,3.404353741269859,0.20333290100097656,-1.4613690292029435,0.880922148477398,-0.0010742219179609518,-0.21047928468782487,60,14,5.29736905704468,MS2,0.0,2999.1123046875
b'Serotonin',,,3.421775398010254,7720879224489486149,b'',NA,1,0.0,b'Serotonin',0,none,1.2499999999999998,Serotonin,3.3666670322418213,3.569999933242798,11168.333603999989,0.0,0.0,0.0,1.0000000000000004,1.0000000000000004,1.5517753980102538,1.87,3.421775398010254,1.5517753980102538,0.015517753980102538,0.5370742692738609,2.0,199.810428,5.29736905704468,0.4320639967918396,8.661093698038417,0.0,Serotonin2,195.93650173080516,0.025459469597818085,0.09211829706434482,0.04711702535432938,3.3786321726355664,3.3788942716720407,3.470750469699911,3.404353741269859,0.20333290100097656,-1.4613690292029435,0.880922148477398,-0.0010742219179609518,-0.21047928468782487,60,14,5.29736905704468,MS2,0.0,2999.1123046875
b'Serotonin',,,6.966282773132326,6153774358858999403,b'',NA,1,0.0,b'Serotonin',0,none,1.2499999999999998,Serotonin,6.8933329582214355,7.119999885559082,11168.333603999989,0.0,0.0,0.0,1.0000000000000002,1.0000000000000002,5.096282773132326,1.87,6.966282773132326,5.096282773132326,0.050962827731323254,0.2719828947477958,2.0,87.359938,4.470036802289384,0.30783817172050476,8.041258761091505,0.0,Serotonin,86.0732584631474,0.11678381235082558,0.10369325730521783,0.052501199889000816,6.919639604198233,6.912190431896795,7.023332861503451,7.02897424424762,0.22666692733764648,2.1589713013589207,0.8175827639506463,6.275275438831238e-05,0.0054013340477396185,68,16,4.470036802289384,MS2,0.0,1518.7978515625
b'Serotonin',,,6.966282773132326,6153774358858999403,b'',NA,1,0.0,b'Serotonin',0,none,1.2499999999999998,Serotonin,6.8933329582214355,7.119999885559082,11168.333603999989,0.0,0.0,0.0,1.0000000000000002,1.0000000000000002,5.096282773132326,1.87,6.966282773132326,5.096282773132326,0.050962827731323254,0.2719828947477958,2.0,87.359938,4.470036802289384,0.30783817172050476,8.041258761091505,0.0,Serotonin2,86.0732584631474,0.11678381235082558,0.10369325730521783,0.052501199889000816,6.919639604198233,6.912190431896795,7.023332861503451,7.02897424424762,0.22666692733764648,2.1589713013589207,0.8175827639506463,6.275275438831238e-05,0.0054013340477396185,68,16,4.470036802289384,MS2,0.0,1518.7978515625
b'Serotonin',,,2.0345782725219723,15608890348161960004,b'',NA,1,0.0,b'Serotonin',0,Serotonin,1.2500000000000002,Serotonin,1.9866670370101929,2.0999999046325684,11168.333603999989,0.0,0.0,0.0,1.0000000000000002,1.0000000000000002,0.1645782725219722,1.87,2.0345782725219723,0.1645782725219722,0.001645782725219722,0.04391238469501347,2.0,16.293085,2.7907407846715504,0.1718243807554245,7.4197863388804635,0.0,Serotonin,15.998094031990252,2.069327728253225,0.07544488688642947,0.00659419239498904,1.991550406125041,0.0,2.0669952930114706,2.069327728253225,0.11333286762237549,59.549932069644434,0.7533959548552059,-0.008814340939476688,-0.14101265517976935,33,14,2.7907407846715504,MS2,0.0,245.21408081054688
b'Serotonin',,,2.0345782725219723,15608890348161960004,b'',NA,1,0.0,b'Serotonin',0,Serotonin,1.2500000000000002,Serotonin,1.9866670370101929,2.0999999046325684,11168.333603999989,0.0,0.0,0.0,1.0000000000000002,1.0000000000000002,0.1645782725219722,1.87,2.0345782725219723,0.1645782725219722,0.001645782725219722,0.04391238469501347,2.0,16.293085,2.7907407846715504,0.1718243807554245,7.4197863388804635,0.0,Serotonin2,15.998094031990252,2.069327728253225,0.07544488688642947,0.00659419239498904,1.991550406125041,0.0,2.0669952930114706,2.069327728253225,0.11333286762237549,59.549932069644434,0.7533959548552059,-0.008814340939476688,-0.14101265517976935,33,14,2.7907407846715504,MS2,0.0,245.21408081054688
b'Serotonin',,,1.3010020970458984,776560546806478729,b'',NA,1,0.0,b'Serotonin',0,Serotonin,1.2500000000000002,Serotonin,1.2599999904632568,1.363332986831665,11168.333603999989,0.0,0.0,0.0,1.0000000000000002,1.0000000000000002,-0.5689979029541017,1.87,1.3010020970458984,0.5689979029541017,0.005689979029541017,0.028615430130723676,2.0,13.92234,2.633494744226748,0.1911272406578064,7.240106523930581,0.0,Serotonin,13.267937506611256,0.0,1.3336557344669369,0.036231454381557615,0.0,0.0,1.3336557344669369,0.0,0.1033329963684082,-0.0,0.025098835347908317,-0.06567888905184929,-0.8714233954435906,31,10,2.633494744226748,MS2,0.0,159.7933349609375
b'Serotonin',,,1.3010020970458984,776560546806478729,b'',NA,1,0.0,b'Serotonin',0,Serotonin,1.2500000000000002,Serotonin,1.2599999904632568,1.363332986831665,11168.333603999989,0.0,0.0,0.0,1.0000000000000002,1.0000000000000002,-0.5689979029541017,1.87,1.3010020970458984,0.5689979029541017,0.005689979029541017,0.028615430130723676,2.0,13.92234,2.633494744226748,0.1911272406578064,7.240106523930581,0.0,Serotonin2,13.267937506611256,0.0,1.3336557344669369,0.036231454381557615,0.0,0.0,1.3336557344669369,0.0,0.1033329963684082,-0.0,0.025098835347908317,-0.06567888905184929,-0.8714233954435906,31,10,2.633494744226748,MS2,0.0,159.7933349609375
b'Serotonin',,,7.780576521118164,12765519625522693989,b'',NA,1,0.0,b'Serotonin',0,Serotonin,1.2500000000000002,Serotonin,7.730000019073486,7.8566670417785645,11168.333603999989,0.0,0.0,0.0,1.0,1.0,5.910576521118164,1.87,7.780576521118164,5.910576521118164,0.05910576521118163,0.03747432989655653,2.0,14.660011,2.685123446799288,0.23445075750350952,6.819303432737955,0.0,Serotonin,14.351561518396986,0.091321987908767,0.09159254032646302,0.0516356555412969,7.734483000231506,7.73558378979613,7.826075540557969,7.826905777704897,0.12666702270507812,2.0297053596309453,0.9871022773826837,-0.0072999463051689915,-0.10476562847962756,38,14,2.685123446799288,MS2,0.0,209.26290893554688
b'Serotonin',,,7.780576521118164,12765519625522693989,b'',NA,1,0.0,b'Serotonin',0,Serotonin,1.2500000000000002,Serotonin,7.730000019073486,7.8566670417785645,11168.333603999989,0.0,0.0,0.0,1.0,1.0,5.910576521118164,1.87,7.780576521118164,5.910576521118164,0.05910576521118163,0.03747432989655653,2.0,14.660011,2.685123446799288,0.23445075750350952,6.819303432737955,0.0,Serotonin2,14.351561518396986,0.091321987908767,0.09159254032646302,0.0516356555412969,7.734483000231506,7.73558378979613,7.826075540557969,7.826905777704897,0.12666702270507812,2.0297053596309453,0.9871022773826837,-0.0072999463051689915,-0.10476562847962756,38,14,2.685123446799288,MS2,0.0,209.26290893554688
b'Serotonin',,,2.3595520467529294,6294215799245940429,b'',NA,1,0.0,b'Serotonin',0,none,1.25,Serotonin,2.293333053588867,2.450000047683716,11168.333603999989,0.0,0.0,0.0,1.0,1.0,0.4895520467529293,1.87,2.3595520467529294,0.4895520467529293,0.004895520467529293,0.060942712151371654,2.0,12.178942,2.4997083947978784,0.7581639289855957,6.079519171444544,0.0,Serotonin,12.105904204659483,0.0,0.0,0.059001940074812076,0.0,0.0,0.0,0.0,0.15666699409484863,-0.0,-1.0,0.2476292348141969,2.997775794933797,47,26,2.4997083947978784,MS2,0.0,340.31427001953125
b'Serotonin',,,2.3595520467529294,6294215799245940429,b'',NA,1,0.0,b'Serotonin',0,none,1.25,Serotonin,2.293333053588867,2.450000047683716,11168.333603999989,0.0,0.0,0.0,1.0,1.0,0.4895520467529293,1.87,2.3595520467529294,0.4895520467529293,0.004895520467529293,0.060942712151371654,2.0,12.178942,2.4997083947978784,0.7581639289855957,6.079519171444544,0.0,Serotonin2,12.105904204659483,0.0,0.0,0.059001940074812076,0.0,0.0,0.0,0.0,0.15666699409484863,-0.0,-1.0,0.2476292348141969,2.997775794933797,47,26,2.4997083947978784,MS2,0.0,340.31427001953125
b'Tryptamine',,,3.421775398010254,7415813379609055373,b'',NA,1,0.0,b'Tryptamine',0,none,1.2499999999999998,Tryptamine,3.3666670322418213,3.569999933242798,11168.333603999989,0.0,0.0,0.0,1.0000000000000004,1.0000000000000004,-0.37822460198974595,3.8,3.421775398010254,0.37822460198974595,0.0037822460198974595,0.5370742692738609,2.0,199.810428,5.29736905704468,0.4320639967918396,8.743887282341696,0.0,Tryptamine,195.93650173080516,0.025459469597818085,0.09211829706434482,0.04711702535432938,3.3786321726355664,3.3788942716720407,3.470750469699911,3.404353741269859,0.20333290100097656,-1.4613690292029435,0.880922148477398,-0.0010742219179609518,-0.21047928468782487,60,14,5.29736905704468,MS2,0.0,2999.1123046875
b'Tryptamine',,,3.421775398010254,7415813379609055373,b'',NA,1,0.0,b'Tryptamine',0,none,1.2499999999999998,Tryptamine,3.3666670322418213,3.569999933242798,11168.333603999989,0.0,0.0,0.0,1.0000000000000004,1.0000000000000004,-0.37822460198974595,3.8,3.421775398010254,0.37822460198974595,0.0037822460198974595,0.5370742692738609,2.0,199.810428,5.29736905704468,0.4320639967918396,8.743887282341696,0.0,Tryptamine2,195.93650173080516,0.025459469597818085,0.09211829706434482,0.04711702535432938,3.3786321726355664,3.3788942716720407,3.470750469699911,3.404353741269859,0.20333290100097656,-1.4613690292029435,0.880922148477398,-0.0010742219179609518,-0.21047928468782487,60,14,5.29736905704468,MS2,0.0,2999.1123046875
b'Tryptamine',,,6.966282773132326,6303969453596958524,b'',NA,1,0.0,b'Tryptamine',0,none,1.2499999999999998,Tryptamine,6.8933329582214355,7.119999885559082,11168.333603999989,0.0,0.0,0.0,1.0000000000000002,1.0000000000000002,3.166282773132326,3.8,6.966282773132326,3.166282773132326,0.031662827731323256,0.2719828947477958,2.0,87.359938,4.470036802289384,0.30783817172050476,8.177419563203504,0.0,Tryptamine,86.0732584631474,0.11678381235082558,0.10369325730521783,0.052501199889000816,6.919639604198233,6.912190431896795,7.023332861503451,7.02897424424762,0.22666692733764648,2.1589713013589207,0.8175827639506463,6.275275438831238e-05,0.0054013340477396185,68,16,4.470036802289384,MS2,0.0,1518.7978515625
b'Tryptamine',,,6.966282773132326,6303969453596958524,b'',NA,1,0.0,b'Tryptamine',0,none,1.2499999999999998,Tryptamine,6.8933329582214355,7.119999885559082,11168.333603999989,0.0,0.0,0.0,1.0000000000000002,1.0000000000000002,3.166282773132326,3.8,6.966282773132326,3.166282773132326,0.031662827731323256,0.2719828947477958,2.0,87.359938,4.470036802289384,0.30783817172050476,8.177419563203504,0.0,Tryptamine2,86.0732584631474,0.11678381235082558,0.10369325730521783,0.052501199889000816,6.919639604198233,6.912190431896795,7.023332861503451,7.02897424424762,0.22666692733764648,2.1589713013589207,0.8175827639506463,6.275275438831238e-05,0.0054013340477396185,68,16,4.470036802289384,MS2,0.0,1518.7978515625
b'Tryptamine',,,2.0345782725219723,18139691683491696061,b'',NA,1,0.0,b'Tryptamine',0,Tryptamine,1.2500000000000002,Tryptamine,1.9866670370101929,2.0999999046325684,11168.333603999989,0.0,0.0,0.0,1.0000000000000002,1.0000000000000002,-1.7654217274780275,3.8,2.0345782725219723,1.7654217274780275,0.017654217274780275,0.04391238469501347,2.0,16.293085,2.7907407846715504,0.1718243807554245,7.306847411998307,0.0,Tryptamine,15.998094031990252,2.069327728253225,0.07544488688642947,0.00659419239498904,1.991550406125041,0.0,2.0669952930114706,2.069327728253225,0.11333286762237549,59.549932069644434,0.7533959548552059,-0.008814340939476688,-0.14101265517976935,33,14,2.7907407846715504,MS2,0.0,245.21408081054688
b'Tryptamine',,,2.0345782725219723,18139691683491696061,b'',NA,1,0.0,b'Tryptamine',0,Tryptamine,1.2500000000000002,Tryptamine,1.9866670370101929,2.0999999046325684,11168.333603999989,0.0,0.0,0.0,1.0000000000000002,1.0000000000000002,-1.7654217274780275,3.8,2.0345782725219723,1.7654217274780275,0.017654217274780275,0.04391238469501347,2.0,16.293085,2.7907407846715504,0.1718243807554245,7.306847411998307,0.0,Tryptamine2,15.998094031990252,2.069327728253225,0.07544488688642947,0.00659419239498904,1.991550406125041,0.0,2.0669952930114706,2.069327728253225,0.11333286762237549,59.549932069644434,0.7533959548552059,-0.008814340939476688,-0.14101265517976935,33,14,2.7907407846715504,MS2,0.0,245.21408081054688
b'Tryptamine',,,1.3010020970458984,17115394513958308133,b'',NA,1,0.0,b'Tryptamine',0,Tryptamine,1.2500000000000002,Tryptamine,1.2599999904632568,1.363332986831665,11168.333603999989,0.0,0.0,0.0,1.0000000000000002,1.0000000000000002,-2.4989979029541014,3.8,1.3010020970458984,2.4989979029541014,0.024989979029541014,0.028615430130723676,2.0,13.92234,2.633494744226748,0.1911272406578064,7.10394572181858,0.0,Tryptamine,13.267937506611256,0.0,1.3336557344669369,0.036231454381557615,0.0,0.0,1.3336557344669369,0.0,0.1033329963684082,-0.0,0.025098835347908317,-0.06567888905184929,-0.8714233954435906,31,10,2.633494744226748,MS2,0.0,159.7933349609375
b'Tryptamine',,,1.3010020970458984,17115394513958308133,b'',NA,1,0.0,b'Tryptamine',0,Tryptamine,1.2500000000000002,Tryptamine,1.2599999904632568,1.363332986831665,11168.333603999989,0.0,0.0,0.0,1.0000000000000002,1.0000000000000002,-2.4989979029541014,3.8,1.3010020970458984,2.4989979029541014,0.024989979029541014,0.028615430130723676,2.0,13.92234,2.633494744226748,0.1911272406578064,7.10394572181858,0.0,Tryptamine2,13.267937506611256,0.0,1.3336557344669369,0.036231454381557615,0.0,0.0,1.3336557344669369,0.0,0.1033329963684082,-0.0,0.025098835347908317,-0.06567888905184929,-0.8714233954435906,31,10,2.633494744226748,MS2,0.0,159.7933349609375
b'Tryptamine',,,7.780576521118164,16825713795502684682,b'',NA,1,0.0,b'Tryptamine',0,Tryptamine,1.2500000000000002,Tryptamine,7.730000019073486,7.8566670417785645,11168.333603999989,0.0,0.0,0.0,1.0,1.0,3.980576521118164,3.8,7.780576521118164,3.980576521118164,0.03980576521118164,0.03747432989655653,2.0,14.660011,2.685123446799288,0.23445075750350952,6.955464234849955,0.0,Tryptamine,14.351561518396986,0.091321987908767,0.09159254032646302,0.0516356555412969,7.734483000231506,7.73558378979613,7.826075540557969,7.826905777704897,0.12666702270507812,2.0297053596309453,0.9871022773826837,-0.0072999463051689915,-0.10476562847962756,38,14,2.685123446799288,MS2,0.0,209.26290893554688
b'Tryptamine',,,7.780576521118164,16825713795502684682,b'',NA,1,0.0,b'Tryptamine',0,Tryptamine,1.2500000000000002,Tryptamine,7.730000019073486,7.8566670417785645,11168.333603999989,0.0,0.0,0.0,1.0,1.0,3.980576521118164,3.8,7.780576521118164,3.980576521118164,0.03980576521118164,0.03747432989655653,2.0,14.660011,2.685123446799288,0.23445075750350952,6.955464234849955,0.0,Tryptamine2,14.351561518396986,0.091321987908767,0.09159254032646302,0.0516356555412969,7.734483000231506,7.73558378979613,7.826075540557969,7.826905777704897,0.12666702270507812,2.0297053596309453,0.9871022773826837,-0.0072999463051689915,-0.10476562847962756,38,14,2.685123446799288,MS2,0.0,209.26290893554688
b'Tryptamine',,,2.3595520467529294,18440400568388878909,b'',NA,1,0.0,b'Tryptamine',0,none,1.25,Tryptamine,2.293333053588867,2.450000047683716,11168.333603999989,0.0,0.0,0.0,1.0,1.0,-1.4404479532470704,3.8,2.3595520467529294,1.4404479532470704,0.014404479532470704,0.060942712151371654,2.0,12.178942,2.4997083947978784,0.7581639289855957,6.012433809085342,0.0,Tryptamine,12.105904204659483,0.0,0.0,0.059001940074812076,0.0,0.0,0.0,0.0,0.15666699409484863,-0.0,-1.0,0.2476292348141969,2.997775794933797,47,26,2.4997083947978784,MS2,0.0,340.31427001953125
b'Tryptamine',,,2.3595520467529294,18440400568388878909,b'',NA,1,0.0,b'Tryptamine',0,none,1.25,Tryptamine,2.293333053588867,2.450000047683716,11168.333603999989,0.0,0.0,0.0,1.0,1.0,-1.4404479532470704,3.8,2.3595520467529294,1.4404479532470704,0.014404479532470704,0.060942712151371654,2.0,12.178942,2.4997083947978784,0.7581639289855957,6.012433809085342,0.0,Tryptamine2,12.105904204659483,0.0,0.0,0.059001940074812076,0.0,0.0,0.0,0.0,0.15666699409484863,-0.0,-1.0,0.2476292348141969,2.997775794933797,47,26,2.4997083947978784,MS2,0.0,340.31427001953125
b'Tryptophan',,,3.421775398010254,8895218139899824192,b'',NA,1,0.0,b'Tryptophan',0,none,1.2499999999999998,Tryptophan,3.3666670322418213,3.569999933242798,11168.333603999989,0.0,0.0,0.0,1.0000000000000004,1.0000000000000004,-0.008224601989746283,3.43,3.421775398010254,0.008224601989746283,8.224601989746283e-05,0.5370742692738609,2.0,199.810428,5.29736905704468,0.4320639967918396,8.769990648549696,0.0,Tryptophan,195.93650173080516,0.025459469597818085,0.09211829706434482,0.04711702535432938,3.3786321726355664,3.3788942716720407,3.470750469699911,3.404353741269859,0.20333290100097656,-1.4613690292029435,0.880922148477398,-0.0010742219179609518,-0.21047928468782487,60,14,5.29736905704468,MS2,0.0,2999.1123046875
b'Tryptophan',,,3.421775398010254,8895218139899824192,b'',NA,1,0.0,b'Tryptophan',0,none,1.2499999999999998,Tryptophan,3.3666670322418213,3.569999933242798,11168.333603999989,0.0,0.0,0.0,1.0000000000000004,1.0000000000000004,-0.008224601989746283,3.43,3.421775398010254,0.008224601989746283,8.224601989746283e-05,0.5370742692738609,2.0,199.810428,5.29736905704468,0.4320639967918396,8.769990648549696,0.0,Tryptophan2,195.93650173080516,0.025459469597818085,0.09211829706434482,0.04711702535432938,3.3786321726355664,3.3788942716720407,3.470750469699911,3.404353741269859,0.20333290100097656,-1.4613690292029435,0.880922148477398,-0.0010742219179609518,-0.21047928468782487,60,14,5.29736905704468,MS2,0.0,2999.1123046875
b'Tryptophan',,,6.966282773132326,14447112603028479578,b'',NA,1,0.0,b'Tryptophan',0,none,1.2499999999999998,Tryptophan,6.8933329582214355,7.119999885559082,11168.333603999989,0.0,0.0,0.0,1.0000000000000002,1.0000000000000002,3.5362827731323256,3.43,6.966282773132326,3.5362827731323256,0.03536282773132326,0.2719828947477958,2.0,87.359938,4.470036802289384,0.30783817172050476,8.151316196995504,0.0,Tryptophan,86.0732584631474,0.11678381235082558,0.10369325730521783,0.052501199889000816,6.919639604198233,6.912190431896795,7.023332861503451,7.02897424424762,0.22666692733764648,2.1589713013589207,0.8175827639506463,6.275275438831238e-05,0.0054013340477396185,68,16,4.470036802289384,MS2,0.0,1518.7978515625
b'Tryptophan',,,6.966282773132326,14447112603028479578,b'',NA,1,0.0,b'Tryptophan',0,none,1.2499999999999998,Tryptophan,6.8933329582214355,7.119999885559082,11168.333603999989,0.0,0.0,0.0,1.0000000000000002,1.0000000000000002,3.5362827731323256,3.43,6.966282773132326,3.5362827731323256,0.03536282773132326,0.2719828947477958,2.0,87.359938,4.470036802289384,0.30783817172050476,8.151316196995504,0.0,Tryptophan2,86.0732584631474,0.11678381235082558,0.10369325730521783,0.052501199889000816,6.919639604198233,6.912190431896795,7.023332861503451,7.02897424424762,0.22666692733764648,2.1589713013589207,0.8175827639506463,6.275275438831238e-05,0.0054013340477396185,68,16,4.470036802289384,MS2,0.0,1518.7978515625
b'Tryptophan',,,2.0345782725219723,8264019672361387644,b'',NA,1,0.0,b'Tryptophan',0,Tryptophan,1.2500000000000002,Tryptophan,1.9866670370101929,2.0999999046325684,11168.333603999989,0.0,0.0,0.0,1.0000000000000002,1.0000000000000002,-1.3954217274780278,3.43,2.0345782725219723,1.3954217274780278,0.013954217274780278,0.04391238469501347,2.0,16.293085,2.7907407846715504,0.1718243807554245,7.332950778206307,0.0,Tryptophan,15.998094031990252,2.069327728253225,0.07544488688642947,0.00659419239498904,1.991550406125041,0.0,2.0669952930114706,2.069327728253225,0.11333286762237549,59.549932069644434,0.7533959548552059,-0.008814340939476688,-0.14101265517976935,33,14,2.7907407846715504,MS2,0.0,245.21408081054688
b'Tryptophan',,,2.0345782725219723,8264019672361387644,b'',NA,1,0.0,b'Tryptophan',0,Tryptophan,1.2500000000000002,Tryptophan,1.9866670370101929,2.0999999046325684,11168.333603999989,0.0,0.0,0.0,1.0000000000000002,1.0000000000000002,-1.3954217274780278,3.43,2.0345782725219723,1.3954217274780278,0.013954217274780278,0.04391238469501347,2.0,16.293085,2.7907407846715504,0.1718243807554245,7.332950778206307,0.0,Tryptophan2,15.998094031990252,2.069327728253225,0.07544488688642947,0.00659419239498904,1.991550406125041,0.0,2.0669952930114706,2.069327728253225,0.11333286762237549,59.549932069644434,0.7533959548552059,-0.008814340939476688,-0.14101265517976935,33,14,2.7907407846715504,MS2,0.0,245.21408081054688
b'Tryptophan',,,1.3010020970458984,11098553176563670227,b'',NA,1,0.0,b'Tryptophan',0,Tryptophan,1.2500000000000002,Tryptophan,1.2599999904632568,1.363332986831665,11168.333603999989,0.0,0.0,0.0,1.0000000000000002,1.0000000000000002,-2.1289979029541017,3.43,1.3010020970458984,2.1289979029541017,0.021289979029541016,0.028615430130723676,2.0,13.92234,2.633494744226748,0.1911272406578064,7.13004908802658,0.0,Tryptophan,13.267937506611256,0.0,1.3336557344669369,0.036231454381557615,0.0,0.0,1.3336557344669369,0.0,0.1033329963684082,-0.0,0.025098835347908317,-0.06567888905184929,-0.8714233954435906,31,10,2.633494744226748,MS2,0.0,159.7933349609375
b'Tryptophan',,,1.3010020970458984,11098553176563670227,b'',NA,1,0.0,b'Tryptophan',0,Tryptophan,1.2500000000000002,Tryptophan,1.2599999904632568,1.363332986831665,11168.333603999989,0.0,0.0,0.0,1.0000000000000002,1.0000000000000002,-2.1289979029541017,3.43,1.3010020970458984,2.1289979029541017,0.021289979029541016,0.028615430130723676,2.0,13.92234,2.633494744226748,0.1911272406578064,7.13004908802658,0.0,Tryptophan2,13.267937506611256,0.0,1.3336557344669369,0.036231454381557615,0.0,0.0,1.3336557344669369,0.0,0.1033329963684082,-0.0,0.025098835347908317,-0.06567888905184929,-0.8714233954435906,31,10,2.633494744226748,MS2,0.0,159.7933349609375
b'Tryptophan',,,7.780576521118164,10830231958518461094,b'',NA,1,0.0,b'Tryptophan',0,Tryptophan,1.2500000000000002,Tryptophan,7.730000019073486,7.8566670417785645,11168.333603999989,0.0,0.0,0.0,1.0,1.0,4.350576521118164,3.43,7.780576521118164,4.350576521118164,0.043505765211181636,0.03747432989655653,2.0,14.660011,2.685123446799288,0.23445075750350952,6.929360868641955,0.0,Tryptophan,14.351561518396986,0.091321987908767,0.09159254032646302,0.0516356555412969,7.734483000231506,7.73558378979613,7.826075540557969,7.826905777704897,0.12666702270507812,2.0297053596309453,0.9871022773826837,-0.0072999463051689915,-0.10476562847962756,38,14,2.685123446799288,MS2,0.0,209.26290893554688
b'Tryptophan',,,7.780576521118164,10830231958518461094,b'',NA,1,0.0,b'Tryptophan',0,Tryptophan,1.2500000000000002,Tryptophan,7.730000019073486,7.8566670417785645,11168.333603999989,0.0,0.0,0.0,1.0,1.0,4.350576521118164,3.43,7.780576521118164,4.350576521118164,0.043505765211181636,0.03747432989655653,2.0,14.660011,2.685123446799288,0.23445075750350952,6.929360868641955,0.0,Tryptophan2,14.351561518396986,0.091321987908767,0.09159254032646302,0.0516356555412969,7.734483000231506,7.73558378979613,7.826075540557969,7.826905777704897,0.12666702270507812,2.0297053596309453,0.9871022773826837,-0.0072999463051689915,-0.10476562847962756,38,14,2.685123446799288,MS2,0.0,209.26290893554688
b'Tryptophan',,,2.3595520467529294,9902328379957913364,b'',NA,1,0.0,b'Tryptophan',0,none,1.25,Tryptophan,2.293333053588867,2.450000047683716,11168.333603999989,0.0,0.0,0.0,1.0,1.0,-1.0704479532470708,3.43,2.3595520467529294,1.0704479532470708,0.010704479532470708,0.060942712151371654,2.0,12.178942,2.4997083947978784,0.7581639289855957,6.038537175293342,0.0,Tryptophan,12.105904204659483,0.0,0.0,0.059001940074812076,0.0,0.0,0.0,0.0,0.15666699409484863,-0.0,-1.0,0.2476292348141969,2.997775794933797,47,26,2.4997083947978784,MS2,0.0,340.31427001953125
b'Tryptophan',,,2.3595520467529294,9902328379957913364,b'',NA,1,0.0,b'Tryptophan',0,none,1.25,Tryptophan,2.293333053588867,2.450000047683716,11168.333603999989,0.0,0.0,0.0,1.0,1.0,-1.0704479532470708,3.43,2.3595520467529294,1.0704479532470708,0.010704479532470708,0.060942712151371654,2.0,12.178942,2.4997083947978784,0.7581639289855957,6.038537175293342,0.0,Tryptophan2,12.105904204659483,0.0,0.0,0.059001940074812076,0.0,0.0,0.0,0.0,0.15666699409484863,-0.0,-1.0,0.2476292348141969,2.997775794933797,47,26,2.4997083947978784,MS2,0.0,340.31427001953125
