component_name,component_group_name,n_heavy_l ,n_heavy_u,n_light_l,n_light_u,n_detecting_l,n_detecting_u,n_quantifying_l,n_quantifying_u,n_identifying_l,n_identifying_u,n_transitions_l,n_transitions_u,ion_ratio_pair_name_1,ion_ratio_pair_name_2,ion_ratio_l,ion_ratio_u,retention_time_l,retention_time_u,intensity_l,intensity_u,overall_quality_l,overall_quality_u,metaValue_peak_apex_int_l,metaValue_peak_apex_int_u,metaValue_logSN_l,metaValue_logSN_u
Lactate_219,Lactate,0,10,0,10,0,10,2,10,0,10,2,10,,,,,0,1.00E+12,100,1.00E+15,0,1.00E+12,100,1.00E+12,0.9,1.00E+06
Lactate_220,Lactate,0,10,0,10,0,10,2,10,0,10,2,10,,,,,0,1.00E+12,100,1.00E+15,0,1.00E+12,100,1.00E+12,0.9,1.00E+06
Lactate_221,Lactate,0,10,0,10,0,10,2,10,0,10,2,10,,,,,0,1.00E+12,100,1.00E+15,0,1.00E+12,100,1.00E+12,0.9,1.00E+06
Lactate_222,Lactate,0,10,0,10,0,10,2,10,0,10,2,10,,,,,0,1.00E+12,100,1.00E+15,0,1.00E+12,100,1.00E+12,0.9,1.00E+06
Lactate_223,Lactate,0,10,0,10,0,10,2,10,0,10,2,10,,,,,0,1.00E+12,100,1.00E+15,0,1.00E+12,100,1.00E+12,0.9,1.00E+06
Pyruvate_174,Pyruvate,0,10,0,10,0,10,2,10,0,10,2,10,,,,,0,1.00E+12,100,1.00E+15,0,1.00E+12,100,1.00E+12,0.9,1.00E+06
Pyruvate_175,Pyruvate,0,10,0,10,0,10,2,10,0,10,2,10,,,,,0,1.00E+12,100,1.00E+15,0,1.00E+12,100,1.00E+12,0.9,1.00E+06
Pyruvate_176,Pyruvate,0,10,0,10,0,10,2,10,0,10,2,10,,,,,0,1.00E+12,100,1.00E+15,0,1.00E+12,100,1.00E+12,0.9,1.00E+06
Pyruvate_177,Pyruvate,0,10,0,10,0,10,2,10,0,10,2,10,,,,,0,1.00E+12,100,1.00E+15,0,1.00E+12,100,1.00E+12,0.9,1.00E+06
Pyruvate_178,Pyruvate,0,10,0,10,0,10,2,10,0,10,2,10,,,,,0,1.00E+12,100,1.00E+15,0,1.00E+12,100,1.00E+12,0.9,1.00E+06
PEP_370,PEP,0,10,0,10,0,10,2,10,0,10,2,10,,,,,0,1.00E+12,100,1.00E+15,0,1.00E+12,100,1.00E+12,0.9,1.00E+06
PEP_371,PEP,0,10,0,10,0,10,2,10,0,10,2,10,,,,,0,1.00E+12,100,1.00E+15,0,1.00E+12,100,1.00E+12,0.9,1.00E+06
PEP_372,PEP,0,10,0,10,0,10,2,10,0,10,2,10,,,,,0,1.00E+12,100,1.00E+15,0,1.00E+12,100,1.00E+12,0.9,1.00E+06
PEP_373,PEP,0,10,0,10,0,10,2,10,0,10,2,10,,,,,0,1.00E+12,100,1.00E+15,0,1.00E+12,100,1.00E+12,0.9,1.00E+06
Succinate_247,Succinate,0,10,0,10,0,10,2,10,0,10,2,10,,,,,0,1.00E+12,100,1.00E+15,0,1.00E+12,100,1.00E+12,0.9,1.00E+06
Succinate_248,Succinate,0,10,0,10,0,10,2,10,0,10,2,10,,,,,0,1.00E+12,100,1.00E+15,0,1.00E+12,100,1.00E+12,0.9,1.00E+06
Succinate_249,Succinate,0,10,0,10,0,10,2,10,0,10,2,10,,,,,0,1.00E+12,100,1.00E+15,0,1.00E+12,100,1.00E+12,0.9,1.00E+06
Succinate_250,Succinate,0,10,0,10,0,10,2,10,0,10,2,10,,,,,0,1.00E+12,100,1.00E+15,0,1.00E+12,100,1.00E+12,0.9,1.00E+06
Succinate_251,Succinate,0,10,0,10,0,10,2,10,0,10,2,10,,,,,0,1.00E+12,100,1.00E+15,0,1.00E+12,100,1.00E+12,0.9,1.00E+06
Succinate_252,Succinate,0,10,0,10,0,10,2,10,0,10,2,10,,,,,0,1.00E+12,100,1.00E+15,0,1.00E+12,100,1.00E+12,0.9,1.00E+06
Fumarate_245,Fumarate,0,10,0,10,0,10,2,10,0,10,2,10,,,,,0,1.00E+12,100,1.00E+15,0,1.00E+12,100,1.00E+12,0.9,1.00E+06
Fumarate_246,Fumarate,0,10,0,10,0,10,2,10,0,10,2,10,,,,,0,1.00E+12,100,1.00E+15,0,1.00E+12,100,1.00E+12,0.9,1.00E+06
Fumarate_247,Fumarate,0,10,0,10,0,10,2,10,0,10,2,10,,,,,0,1.00E+12,100,1.00E+15,0,1.00E+12,100,1.00E+12,0.9,1.00E+06
Fumarate_248,Fumarate,0,10,0,10,0,10,2,10,0,10,2,10,,,,,0,1.00E+12,100,1.00E+15,0,1.00E+12,100,1.00E+12,0.9,1.00E+06
Fumarate_249,Fumarate,0,10,0,10,0,10,2,10,0,10,2,10,,,,,0,1.00E+12,100,1.00E+15,0,1.00E+12,100,1.00E+12,0.9,1.00E+06
Fumarate_250,Fumarate,0,10,0,10,0,10,2,10,0,10,2,10,,,,,0,1.00E+12,100,1.00E+15,0,1.00E+12,100,1.00E+12,0.9,1.00E+06
Malate_245,Malate,0,10,0,10,0,10,2,10,0,10,2,10,,,,,0,1.00E+12,100,1.00E+15,0,1.00E+12,100,1.00E+12,0.9,1.00E+06
Malate_246,Malate,0,10,0,10,0,10,2,10,0,10,2,10,,,,,0,1.00E+12,100,1.00E+15,0,1.00E+12,100,1.00E+12,0.9,1.00E+06
Malate_247,Malate,0,10,0,10,0,10,2,10,0,10,2,10,,,,,0,1.00E+12,100,1.00E+15,0,1.00E+12,100,1.00E+12,0.9,1.00E+06
Malate_248,Malate,0,10,0,10,0,10,2,10,0,10,2,10,,,,,0,1.00E+12,100,1.00E+15,0,1.00E+12,100,1.00E+12,0.9,1.00E+06
Malate_249,Malate,0,10,0,10,0,10,2,10,0,10,2,10,,,,,0,1.00E+12,100,1.00E+15,0,1.00E+12,100,1.00E+12,0.9,1.00E+06
Malate_250,Malate,0,10,0,10,0,10,2,10,0,10,2,10,,,,,0,1.00E+12,100,1.00E+15,0,1.00E+12,100,1.00E+12,0.9,1.00E+06
Erythritol_307,Erythritol,0,10,0,10,0,10,2,10,0,10,2,10,,,,,0,1.00E+12,100,1.00E+15,0,1.00E+12,100,1.00E+12,0.9,1.00E+06
Erythritol_308,Erythritol,0,10,0,10,0,10,2,10,0,10,2,10,,,,,0,1.00E+12,100,1.00E+15,0,1.00E+12,100,1.00E+12,0.9,1.00E+06
Erythritol_309,Erythritol,0,10,0,10,0,10,2,10,0,10,2,10,,,,,0,1.00E+12,100,1.00E+15,0,1.00E+12,100,1.00E+12,0.9,1.00E+06
Erythritol_310,Erythritol,0,10,0,10,0,10,2,10,0,10,2,10,,,,,0,1.00E+12,100,1.00E+15,0,1.00E+12,100,1.00E+12,0.9,1.00E+06
Erythritol_311,Erythritol,0,10,0,10,0,10,2,10,0,10,2,10,,,,,0,1.00E+12,100,1.00E+15,0,1.00E+12,100,1.00E+12,0.9,1.00E+06
aKG_304,aKG,0,10,0,10,0,10,2,10,0,10,2,10,,,,,0,1.00E+12,100,1.00E+15,0,1.00E+12,100,1.00E+12,0.9,1.00E+06
aKG_305,aKG,0,10,0,10,0,10,2,10,0,10,2,10,,,,,0,1.00E+12,100,1.00E+15,0,1.00E+12,100,1.00E+12,0.9,1.00E+06
aKG_306,aKG,0,10,0,10,0,10,2,10,0,10,2,10,,,,,0,1.00E+12,100,1.00E+15,0,1.00E+12,100,1.00E+12,0.9,1.00E+06
aKG_307,aKG,0,10,0,10,0,10,2,10,0,10,2,10,,,,,0,1.00E+12,100,1.00E+15,0,1.00E+12,100,1.00E+12,0.9,1.00E+06
aKG_308,aKG,0,10,0,10,0,10,2,10,0,10,2,10,,,,,0,1.00E+12,100,1.00E+15,0,1.00E+12,100,1.00E+12,0.9,1.00E+06
aKG_309,aKG,0,10,0,10,0,10,2,10,0,10,2,10,,,,,0,1.00E+12,100,1.00E+15,0,1.00E+12,100,1.00E+12,0.9,1.00E+06
aKG_310,aKG,0,10,0,10,0,10,2,10,0,10,2,10,,,,,0,1.00E+12,100,1.00E+15,0,1.00E+12,100,1.00E+12,0.9,1.00E+06
DHAP_400,DHAP,0,10,0,10,0,10,2,10,0,10,2,10,,,,,0,1.00E+12,100,1.00E+15,0,1.00E+12,100,1.00E+12,0.9,1.00E+06
DHAP_401,DHAP,0,10,0,10,0,10,2,10,0,10,2,10,,,,,0,1.00E+12,100,1.00E+15,0,1.00E+12,100,1.00E+12,0.9,1.00E+06
DHAP_402,DHAP,0,10,0,10,0,10,2,10,0,10,2,10,,,,,0,1.00E+12,100,1.00E+15,0,1.00E+12,100,1.00E+12,0.9,1.00E+06
DHAP_403,DHAP,0,10,0,10,0,10,2,10,0,10,2,10,,,,,0,1.00E+12,100,1.00E+15,0,1.00E+12,100,1.00E+12,0.9,1.00E+06
DHAP_404,DHAP,0,10,0,10,0,10,2,10,0,10,2,10,,,,,0,1.00E+12,100,1.00E+15,0,1.00E+12,100,1.00E+12,0.9,1.00E+06
GAP_328,GAP,0,10,0,10,0,10,2,10,0,10,2,10,,,,,0,1.00E+12,100,1.00E+15,0,1.00E+12,100,1.00E+12,0.9,1.00E+06
GAP_329,GAP,0,10,0,10,0,10,2,10,0,10,2,10,,,,,0,1.00E+12,100,1.00E+15,0,1.00E+12,100,1.00E+12,0.9,1.00E+06
GAP_330,GAP,0,10,0,10,0,10,2,10,0,10,2,10,,,,,0,1.00E+12,100,1.00E+15,0,1.00E+12,100,1.00E+12,0.9,1.00E+06
GAP_331,GAP,0,10,0,10,0,10,2,10,0,10,2,10,,,,,0,1.00E+12,100,1.00E+15,0,1.00E+12,100,1.00E+12,0.9,1.00E+06
GAP_332,GAP,0,10,0,10,0,10,2,10,0,10,2,10,,,,,0,1.00E+12,100,1.00E+15,0,1.00E+12,100,1.00E+12,0.9,1.00E+06
GAP_400,GAP,0,10,0,10,0,10,2,10,0,10,2,10,,,,,0,1.00E+12,100,1.00E+15,0,1.00E+12,100,1.00E+12,0.9,1.00E+06
GAP_401,GAP,0,10,0,10,0,10,2,10,0,10,2,10,,,,,0,1.00E+12,100,1.00E+15,0,1.00E+12,100,1.00E+12,0.9,1.00E+06
GAP_402,GAP,0,10,0,10,0,10,2,10,0,10,2,10,,,,,0,1.00E+12,100,1.00E+15,0,1.00E+12,100,1.00E+12,0.9,1.00E+06
GAP_403,GAP,0,10,0,10,0,10,2,10,0,10,2,10,,,,,0,1.00E+12,100,1.00E+15,0,1.00E+12,100,1.00E+12,0.9,1.00E+06
GAP_404,GAP,0,10,0,10,0,10,2,10,0,10,2,10,,,,,0,1.00E+12,100,1.00E+15,0,1.00E+12,100,1.00E+12,0.9,1.00E+06
G3P_445,G3P,0,10,0,10,0,10,2,10,0,10,2,10,,,,,0,1.00E+12,100,1.00E+15,0,1.00E+12,100,1.00E+12,0.9,1.00E+06
G3P_446,G3P,0,10,0,10,0,10,2,10,0,10,2,10,,,,,0,1.00E+12,100,1.00E+15,0,1.00E+12,100,1.00E+12,0.9,1.00E+06
G3P_447,G3P,0,10,0,10,0,10,2,10,0,10,2,10,,,,,0,1.00E+12,100,1.00E+15,0,1.00E+12,100,1.00E+12,0.9,1.00E+06
G3P_448,G3P,0,10,0,10,0,10,2,10,0,10,2,10,,,,,0,1.00E+12,100,1.00E+15,0,1.00E+12,100,1.00E+12,0.9,1.00E+06
G3P_449,G3P,0,10,0,10,0,10,2,10,0,10,2,10,,,,,0,1.00E+12,100,1.00E+15,0,1.00E+12,100,1.00E+12,0.9,1.00E+06
3PG_459,3PG,0,10,0,10,0,10,2,10,0,10,2,10,,,,,0,1.00E+12,100,1.00E+15,0,1.00E+12,100,1.00E+12,0.9,1.00E+06
3PG_460,3PG,0,10,0,10,0,10,2,10,0,10,2,10,,,,,0,1.00E+12,100,1.00E+15,0,1.00E+12,100,1.00E+12,0.9,1.00E+06
3PG_461,3PG,0,10,0,10,0,10,2,10,0,10,2,10,,,,,0,1.00E+12,100,1.00E+15,0,1.00E+12,100,1.00E+12,0.9,1.00E+06
3PG_462,3PG,0,10,0,10,0,10,2,10,0,10,2,10,,,,,0,1.00E+12,100,1.00E+15,0,1.00E+12,100,1.00E+12,0.9,1.00E+06
3PG_463,3PG,0,10,0,10,0,10,2,10,0,10,2,10,,,,,0,1.00E+12,100,1.00E+15,0,1.00E+12,100,1.00E+12,0.9,1.00E+06
Citrate_465,Citrate,0,10,0,10,0,10,2,10,0,10,2,10,,,,,0,1.00E+12,100,1.00E+15,0,1.00E+12,100,1.00E+12,0.9,1.00E+06
Citrate_466,Citrate,0,10,0,10,0,10,2,10,0,10,2,10,,,,,0,1.00E+12,100,1.00E+15,0,1.00E+12,100,1.00E+12,0.9,1.00E+06
Citrate_467,Citrate,0,10,0,10,0,10,2,10,0,10,2,10,,,,,0,1.00E+12,100,1.00E+15,0,1.00E+12,100,1.00E+12,0.9,1.00E+06
Citrate_468,Citrate,0,10,0,10,0,10,2,10,0,10,2,10,,,,,0,1.00E+12,100,1.00E+15,0,1.00E+12,100,1.00E+12,0.9,1.00E+06
Citrate_469,Citrate,0,10,0,10,0,10,2,10,0,10,2,10,,,,,0,1.00E+12,100,1.00E+15,0,1.00E+12,100,1.00E+12,0.9,1.00E+06
Citrate_470,Citrate,0,10,0,10,0,10,2,10,0,10,2,10,,,,,0,1.00E+12,100,1.00E+15,0,1.00E+12,100,1.00E+12,0.9,1.00E+06
Citrate_471,Citrate,0,10,0,10,0,10,2,10,0,10,2,10,,,,,0,1.00E+12,100,1.00E+15,0,1.00E+12,100,1.00E+12,0.9,1.00E+06
Citrate_472,Citrate,0,10,0,10,0,10,2,10,0,10,2,10,,,,,0,1.00E+12,100,1.00E+15,0,1.00E+12,100,1.00E+12,0.9,1.00E+06
E4P_217,E4P,0,10,0,10,0,10,2,10,0,10,2,10,,,,,0,1.00E+12,100,1.00E+15,0,1.00E+12,100,1.00E+12,0.9,1.00E+06
E4P_218,E4P,0,10,0,10,0,10,2,10,0,10,2,10,,,,,0,1.00E+12,100,1.00E+15,0,1.00E+12,100,1.00E+12,0.9,1.00E+06
E4P_219,E4P,0,10,0,10,0,10,2,10,0,10,2,10,,,,,0,1.00E+12,100,1.00E+15,0,1.00E+12,100,1.00E+12,0.9,1.00E+06
E4P_220,E4P,0,10,0,10,0,10,2,10,0,10,2,10,,,,,0,1.00E+12,100,1.00E+15,0,1.00E+12,100,1.00E+12,0.9,1.00E+06
E4P_221,E4P,0,10,0,10,0,10,2,10,0,10,2,10,,,,,0,1.00E+12,100,1.00E+15,0,1.00E+12,100,1.00E+12,0.9,1.00E+06
R5P_160,R5P,0,10,0,10,0,10,2,10,0,10,2,10,,,,,0,1.00E+12,100,1.00E+15,0,1.00E+12,100,1.00E+12,0.9,1.00E+06
R5P_161,R5P,0,10,0,10,0,10,2,10,0,10,2,10,,,,,0,1.00E+12,100,1.00E+15,0,1.00E+12,100,1.00E+12,0.9,1.00E+06
R5P_162,R5P,0,10,0,10,0,10,2,10,0,10,2,10,,,,,0,1.00E+12,100,1.00E+15,0,1.00E+12,100,1.00E+12,0.9,1.00E+06
R5P_163,R5P,0,10,0,10,0,10,2,10,0,10,2,10,,,,,0,1.00E+12,100,1.00E+15,0,1.00E+12,100,1.00E+12,0.9,1.00E+06
R5P_357,R5P,0,10,0,10,0,10,2,10,0,10,2,10,,,,,0,1.00E+12,100,1.00E+15,0,1.00E+12,100,1.00E+12,0.9,1.00E+06
R5P_358,R5P,0,10,0,10,0,10,2,10,0,10,2,10,,,,,0,1.00E+12,100,1.00E+15,0,1.00E+12,100,1.00E+12,0.9,1.00E+06
R5P_359,R5P,0,10,0,10,0,10,2,10,0,10,2,10,,,,,0,1.00E+12,100,1.00E+15,0,1.00E+12,100,1.00E+12,0.9,1.00E+06
R5P_360,R5P,0,10,0,10,0,10,2,10,0,10,2,10,,,,,0,1.00E+12,100,1.00E+15,0,1.00E+12,100,1.00E+12,0.9,1.00E+06
R5P_459,R5P,0,10,0,10,0,10,2,10,0,10,2,10,,,,,0,1.00E+12,100,1.00E+15,0,1.00E+12,100,1.00E+12,0.9,1.00E+06
R5P_460,R5P,0,10,0,10,0,10,2,10,0,10,2,10,,,,,0,1.00E+12,100,1.00E+15,0,1.00E+12,100,1.00E+12,0.9,1.00E+06
R5P_461,R5P,0,10,0,10,0,10,2,10,0,10,2,10,,,,,0,1.00E+12,100,1.00E+15,0,1.00E+12,100,1.00E+12,0.9,1.00E+06
R5P_462,R5P,0,10,0,10,0,10,2,10,0,10,2,10,,,,,0,1.00E+12,100,1.00E+15,0,1.00E+12,100,1.00E+12,0.9,1.00E+06
R5P_463,R5P,0,10,0,10,0,10,2,10,0,10,2,10,,,,,0,1.00E+12,100,1.00E+15,0,1.00E+12,100,1.00E+12,0.9,1.00E+06
R5P_604,R5P,0,10,0,10,0,10,2,10,0,10,2,10,,,,,0,1.00E+12,100,1.00E+15,0,1.00E+12,100,1.00E+12,0.9,1.00E+06
R5P_605,R5P,0,10,0,10,0,10,2,10,0,10,2,10,,,,,0,1.00E+12,100,1.00E+15,0,1.00E+12,100,1.00E+12,0.9,1.00E+06
R5P_606,R5P,0,10,0,10,0,10,2,10,0,10,2,10,,,,,0,1.00E+12,100,1.00E+15,0,1.00E+12,100,1.00E+12,0.9,1.00E+06
R5P_607,R5P,0,10,0,10,0,10,2,10,0,10,2,10,,,,,0,1.00E+12,100,1.00E+15,0,1.00E+12,100,1.00E+12,0.9,1.00E+06
R5P_608,R5P,0,10,0,10,0,10,2,10,0,10,2,10,,,,,0,1.00E+12,100,1.00E+15,0,1.00E+12,100,1.00E+12,0.9,1.00E+06
R5P_609,R5P,0,10,0,10,0,10,2,10,0,10,2,10,,,,,0,1.00E+12,100,1.00E+15,0,1.00E+12,100,1.00E+12,0.9,1.00E+06
R5P_610,R5P,0,10,0,10,0,10,2,10,0,10,2,10,,,,,0,1.00E+12,100,1.00E+15,0,1.00E+12,100,1.00E+12,0.9,1.00E+06
F6P_217,F6P,0,10,0,10,0,10,2,10,0,10,2,10,,,,,0,1.00E+12,100,1.00E+15,0,1.00E+12,100,1.00E+12,0.9,1.00E+06
F6P_218,F6P,0,10,0,10,0,10,2,10,0,10,2,10,,,,,0,1.00E+12,100,1.00E+15,0,1.00E+12,100,1.00E+12,0.9,1.00E+06
F6P_219,F6P,0,10,0,10,0,10,2,10,0,10,2,10,,,,,0,1.00E+12,100,1.00E+15,0,1.00E+12,100,1.00E+12,0.9,1.00E+06
F6P_220,F6P,0,10,0,10,0,10,2,10,0,10,2,10,,,,,0,1.00E+12,100,1.00E+15,0,1.00E+12,100,1.00E+12,0.9,1.00E+06
F6P_221,F6P,0,10,0,10,0,10,2,10,0,10,2,10,,,,,0,1.00E+12,100,1.00E+15,0,1.00E+12,100,1.00E+12,0.9,1.00E+06
F6P_357,F6P,0,10,0,10,0,10,2,10,0,10,2,10,,,,,0,1.00E+12,100,1.00E+15,0,1.00E+12,100,1.00E+12,0.9,1.00E+06
F6P_358,F6P,0,10,0,10,0,10,2,10,0,10,2,10,,,,,0,1.00E+12,100,1.00E+15,0,1.00E+12,100,1.00E+12,0.9,1.00E+06
F6P_359,F6P,0,10,0,10,0,10,2,10,0,10,2,10,,,,,0,1.00E+12,100,1.00E+15,0,1.00E+12,100,1.00E+12,0.9,1.00E+06
F6P_360,F6P,0,10,0,10,0,10,2,10,0,10,2,10,,,,,0,1.00E+12,100,1.00E+15,0,1.00E+12,100,1.00E+12,0.9,1.00E+06
F6P_706,F6P,0,10,0,10,0,10,2,10,0,10,2,10,,,,,0,1.00E+12,100,1.00E+15,0,1.00E+12,100,1.00E+12,0.9,1.00E+06
F6P_707,F6P,0,10,0,10,0,10,2,10,0,10,2,10,,,,,0,1.00E+12,100,1.00E+15,0,1.00E+12,100,1.00E+12,0.9,1.00E+06
F6P_708,F6P,0,10,0,10,0,10,2,10,0,10,2,10,,,,,0,1.00E+12,100,1.00E+15,0,1.00E+12,100,1.00E+12,0.9,1.00E+06
F6P_709,F6P,0,10,0,10,0,10,2,10,0,10,2,10,,,,,0,1.00E+12,100,1.00E+15,0,1.00E+12,100,1.00E+12,0.9,1.00E+06
F6P_710,F6P,0,10,0,10,0,10,2,10,0,10,2,10,,,,,0,1.00E+12,100,1.00E+15,0,1.00E+12,100,1.00E+12,0.9,1.00E+06
F6P_711,F6P,0,10,0,10,0,10,2,10,0,10,2,10,,,,,0,1.00E+12,100,1.00E+15,0,1.00E+12,100,1.00E+12,0.9,1.00E+06
F6P_712,F6P,0,10,0,10,0,10,2,10,0,10,2,10,,,,,0,1.00E+12,100,1.00E+15,0,1.00E+12,100,1.00E+12,0.9,1.00E+06
F6P_713,F6P,0,10,0,10,0,10,2,10,0,10,2,10,,,,,0,1.00E+12,100,1.00E+15,0,1.00E+12,100,1.00E+12,0.9,1.00E+06
G6P_160,G6P,0,10,0,10,0,10,2,10,0,10,2,10,,,,,0,1.00E+12,100,1.00E+15,0,1.00E+12,100,1.00E+12,0.9,1.00E+06
G6P_161,G6P,0,10,0,10,0,10,2,10,0,10,2,10,,,,,0,1.00E+12,100,1.00E+15,0,1.00E+12,100,1.00E+12,0.9,1.00E+06
G6P_162,G6P,0,10,0,10,0,10,2,10,0,10,2,10,,,,,0,1.00E+12,100,1.00E+15,0,1.00E+12,100,1.00E+12,0.9,1.00E+06
G6P_163,G6P,0,10,0,10,0,10,2,10,0,10,2,10,,,,,0,1.00E+12,100,1.00E+15,0,1.00E+12,100,1.00E+12,0.9,1.00E+06
G6P_357,G6P,0,10,0,10,0,10,2,10,0,10,2,10,,,,,0,1.00E+12,100,1.00E+15,0,1.00E+12,100,1.00E+12,0.9,1.00E+06
G6P_358,G6P,0,10,0,10,0,10,2,10,0,10,2,10,,,,,0,1.00E+12,100,1.00E+15,0,1.00E+12,100,1.00E+12,0.9,1.00E+06
G6P_359,G6P,0,10,0,10,0,10,2,10,0,10,2,10,,,,,0,1.00E+12,100,1.00E+15,0,1.00E+12,100,1.00E+12,0.9,1.00E+06
G6P_360,G6P,0,10,0,10,0,10,2,10,0,10,2,10,,,,,0,1.00E+12,100,1.00E+15,0,1.00E+12,100,1.00E+12,0.9,1.00E+06
G6P_471,G6P,0,10,0,10,0,10,2,10,0,10,2,10,,,,,0,1.00E+12,100,1.00E+15,0,1.00E+12,100,1.00E+12,0.9,1.00E+06
G6P_472,G6P,0,10,0,10,0,10,2,10,0,10,2,10,,,,,0,1.00E+12,100,1.00E+15,0,1.00E+12,100,1.00E+12,0.9,1.00E+06
G6P_473,G6P,0,10,0,10,0,10,2,10,0,10,2,10,,,,,0,1.00E+12,100,1.00E+15,0,1.00E+12,100,1.00E+12,0.9,1.00E+06
G6P_474,G6P,0,10,0,10,0,10,2,10,0,10,2,10,,,,,0,1.00E+12,100,1.00E+15,0,1.00E+12,100,1.00E+12,0.9,1.00E+06
G6P_475,G6P,0,10,0,10,0,10,2,10,0,10,2,10,,,,,0,1.00E+12,100,1.00E+15,0,1.00E+12,100,1.00E+12,0.9,1.00E+06
G6P_476,G6P,0,10,0,10,0,10,2,10,0,10,2,10,,,,,0,1.00E+12,100,1.00E+15,0,1.00E+12,100,1.00E+12,0.9,1.00E+06
G6P_706,G6P,0,10,0,10,0,10,2,10,0,10,2,10,,,,,0,1.00E+12,100,1.00E+15,0,1.00E+12,100,1.00E+12,0.9,1.00E+06
G6P_707,G6P,0,10,0,10,0,10,2,10,0,10,2,10,,,,,0,1.00E+12,100,1.00E+15,0,1.00E+12,100,1.00E+12,0.9,1.00E+06
G6P_708,G6P,0,10,0,10,0,10,2,10,0,10,2,10,,,,,0,1.00E+12,100,1.00E+15,0,1.00E+12,100,1.00E+12,0.9,1.00E+06
G6P_709,G6P,0,10,0,10,0,10,2,10,0,10,2,10,,,,,0,1.00E+12,100,1.00E+15,0,1.00E+12,100,1.00E+12,0.9,1.00E+06
G6P_710,G6P,0,10,0,10,0,10,2,10,0,10,2,10,,,,,0,1.00E+12,100,1.00E+15,0,1.00E+12,100,1.00E+12,0.9,1.00E+06
G6P_711,G6P,0,10,0,10,0,10,2,10,0,10,2,10,,,,,0,1.00E+12,100,1.00E+15,0,1.00E+12,100,1.00E+12,0.9,1.00E+06
G6P_712,G6P,0,10,0,10,0,10,2,10,0,10,2,10,,,,,0,1.00E+12,100,1.00E+15,0,1.00E+12,100,1.00E+12,0.9,1.00E+06
G6P_713,G6P,0,10,0,10,0,10,2,10,0,10,2,10,,,,,0,1.00E+12,100,1.00E+15,0,1.00E+12,100,1.00E+12,0.9,1.00E+06
S7P_357,S7P,0,10,0,10,0,10,2,10,0,10,2,10,,,,,0,1.00E+12,100,1.00E+15,0,1.00E+12,100,1.00E+12,0.9,1.00E+06
S7P_358,S7P,0,10,0,10,0,10,2,10,0,10,2,10,,,,,0,1.00E+12,100,1.00E+15,0,1.00E+12,100,1.00E+12,0.9,1.00E+06
S7P_359,S7P,0,10,0,10,0,10,2,10,0,10,2,10,,,,,0,1.00E+12,100,1.00E+15,0,1.00E+12,100,1.00E+12,0.9,1.00E+06
S7P_360,S7P,0,10,0,10,0,10,2,10,0,10,2,10,,,,,0,1.00E+12,100,1.00E+15,0,1.00E+12,100,1.00E+12,0.9,1.00E+06
S7P_471,S7P,0,10,0,10,0,10,2,10,0,10,2,10,,,,,0,1.00E+12,100,1.00E+15,0,1.00E+12,100,1.00E+12,0.9,1.00E+06
S7P_472,S7P,0,10,0,10,0,10,2,10,0,10,2,10,,,,,0,1.00E+12,100,1.00E+15,0,1.00E+12,100,1.00E+12,0.9,1.00E+06
S7P_473,S7P,0,10,0,10,0,10,2,10,0,10,2,10,,,,,0,1.00E+12,100,1.00E+15,0,1.00E+12,100,1.00E+12,0.9,1.00E+06
S7P_474,S7P,0,10,0,10,0,10,2,10,0,10,2,10,,,,,0,1.00E+12,100,1.00E+15,0,1.00E+12,100,1.00E+12,0.9,1.00E+06
S7P_475,S7P,0,10,0,10,0,10,2,10,0,10,2,10,,,,,0,1.00E+12,100,1.00E+15,0,1.00E+12,100,1.00E+12,0.9,1.00E+06
S7P_476,S7P,0,10,0,10,0,10,2,10,0,10,2,10,,,,,0,1.00E+12,100,1.00E+15,0,1.00E+12,100,1.00E+12,0.9,1.00E+06
35cgmp.35cgmp_1.Heavy,35cgmp,0,10,0,10,0,10,2,10,0,10,2,10,,,,,0,1.00E+12,100,1.00E+15,0,1.00E+12,100,1.00E+12,0.9,1.00E+06
35cgmp.35cgmp_1.Light,35cgmp,0,10,0,10,0,10,2,10,0,10,2,10,,,,,0,1.00E+12,100,1.00E+15,0,1.00E+12,100,1.00E+12,0.9,1.00E+06
35cgmp.35cgmp_2.Light,35cgmp,0,10,0,10,0,10,2,10,0,10,2,10,,,,,0,1.00E+12,100,1.00E+15,0,1.00E+12,100,1.00E+12,0.9,1.00E+06
dgmp.dgmp_1.Heavy,dgmp,0,10,0,10,0,10,2,10,0,10,2,10,,,,,0,1.00E+12,100,1.00E+15,0,1.00E+12,100,1.00E+12,0.9,1.00E+06
dgmp.dgmp_1.Light,dgmp,0,10,0,10,0,10,2,10,0,10,2,10,,,,,0,1.00E+12,100,1.00E+15,0,1.00E+12,100,1.00E+12,0.9,1.00E+06
dgmp.dgmp_2.Light,dgmp,0,10,0,10,0,10,2,10,0,10,2,10,,,,,0,1.00E+12,100,1.00E+15,0,1.00E+12,100,1.00E+12,0.9,1.00E+06
dtmp.dtmp_1.Heavy,dtmp,0,10,0,10,0,10,2,10,0,10,2,10,,,,,0,1.00E+12,100,1.00E+15,0,1.00E+12,100,1.00E+12,0.9,1.00E+06
dtmp.dtmp_1.Light,dtmp,0,10,0,10,0,10,2,10,0,10,2,10,,,,,0,1.00E+12,100,1.00E+15,0,1.00E+12,100,1.00E+12,0.9,1.00E+06
ribflv.ribflv_1.Heavy,ribflv,0,10,0,10,0,10,2,10,0,10,2,10,,,,,0,1.00E+12,100,1.00E+15,0,1.00E+12,100,1.00E+12,0.9,1.00E+06
ribflv.ribflv_1.Light,ribflv,0,10,0,10,0,10,2,10,0,10,2,10,,,,,0,1.00E+12,100,1.00E+15,0,1.00E+12,100,1.00E+12,0.9,1.00E+06
amp.amp_1.Heavy,amp,0,10,0,10,0,10,2,10,0,10,2,10,,,,,0,1.00E+12,100,1.00E+15,0,1.00E+12,100,1.00E+12,0.9,1.00E+06
amp.amp_1.Light,amp,0,10,0,10,0,10,2,10,0,10,2,10,,,,,0,1.00E+12,100,1.00E+15,0,1.00E+12,100,1.00E+12,0.9,1.00E+06
amp.amp_2.Light,amp,0,10,0,10,0,10,2,10,0,10,2,10,,,,,0,1.00E+12,100,1.00E+15,0,1.00E+12,100,1.00E+12,0.9,1.00E+06
gmp.gmp_1.Heavy,gmp,0,10,0,10,0,10,2,10,0,10,2,10,,,,,0,1.00E+12,100,1.00E+15,0,1.00E+12,100,1.00E+12,0.9,1.00E+06
gmp.gmp_1.Light,gmp,0,10,0,10,0,10,2,10,0,10,2,10,,,,,0,1.00E+12,100,1.00E+15,0,1.00E+12,100,1.00E+12,0.9,1.00E+06
gmp.gmp_2.Light,gmp,0,10,0,10,0,10,2,10,0,10,2,10,,,,,0,1.00E+12,100,1.00E+15,0,1.00E+12,100,1.00E+12,0.9,1.00E+06
imp.imp_1.Heavy,imp,0,10,0,10,0,10,2,10,0,10,2,10,,,,,0,1.00E+12,100,1.00E+15,0,1.00E+12,100,1.00E+12,0.9,1.00E+06
imp.imp_1.Light,imp,0,10,0,10,0,10,2,10,0,10,2,10,,,,,0,1.00E+12,100,1.00E+15,0,1.00E+12,100,1.00E+12,0.9,1.00E+06
imp.imp_2.Light,imp,0,10,0,10,0,10,2,10,0,10,2,10,,,,,0,1.00E+12,100,1.00E+15,0,1.00E+12,100,1.00E+12,0.9,1.00E+06
camp.camp_1.Heavy,camp,0,10,0,10,0,10,2,10,0,10,2,10,,,,,0,1.00E+12,100,1.00E+15,0,1.00E+12,100,1.00E+12,0.9,1.00E+06
camp.camp_1.Light,camp,0,10,0,10,0,10,2,10,0,10,2,10,,,,,0,1.00E+12,100,1.00E+15,0,1.00E+12,100,1.00E+12,0.9,1.00E+06
camp.camp_2.Light,camp,0,10,0,10,0,10,2,10,0,10,2,10,,,,,0,1.00E+12,100,1.00E+15,0,1.00E+12,100,1.00E+12,0.9,1.00E+06
gthox.gthox_1.Heavy,gthox,0,10,0,10,0,10,2,10,0,10,2,10,,,,,0,1.00E+12,100,1.00E+15,0,1.00E+12,100,1.00E+12,0.9,1.00E+06
gthox.gthox_1.Light,gthox,0,10,0,10,0,10,2,10,0,10,2,10,,,,,0,1.00E+12,100,1.00E+15,0,1.00E+12,100,1.00E+12,0.9,1.00E+06
gthox.gthox_2.Light,gthox,0,10,0,10,0,10,2,10,0,10,2,10,,,,,0,1.00E+12,100,1.00E+15,0,1.00E+12,100,1.00E+12,0.9,1.00E+06
btn.btn_1.Heavy,btn,0,10,0,10,0,10,2,10,0,10,2,10,,,,,0,1.00E+12,100,1.00E+15,0,1.00E+12,100,1.00E+12,0.9,1.00E+06
btn.btn_1.Light,btn,0,10,0,10,0,10,2,10,0,10,2,10,,,,,0,1.00E+12,100,1.00E+15,0,1.00E+12,100,1.00E+12,0.9,1.00E+06
btn.btn_2.Light,btn,0,10,0,10,0,10,2,10,0,10,2,10,,,,,0,1.00E+12,100,1.00E+15,0,1.00E+12,100,1.00E+12,0.9,1.00E+06
mmal.mmal_1.Heavy,mmal,0,10,0,10,0,10,2,10,0,10,2,10,,,,,0,1.00E+12,100,1.00E+15,0,1.00E+12,100,1.00E+12,0.9,1.00E+06
mmal.mmal_1.Light,mmal,0,10,0,10,0,10,2,10,0,10,2,10,,,,,0,1.00E+12,100,1.00E+15,0,1.00E+12,100,1.00E+12,0.9,1.00E+06
mmal.mmal_2.Light,mmal,0,10,0,10,0,10,2,10,0,10,2,10,,,,,0,1.00E+12,100,1.00E+15,0,1.00E+12,100,1.00E+12,0.9,1.00E+06
succ.succ_1.Heavy,succ,0,10,0,10,0,10,2,10,0,10,2,10,,,,,0,1.00E+12,100,1.00E+15,0,1.00E+12,100,1.00E+12,0.9,1.00E+06
succ.succ_1.Light,succ,0,10,0,10,0,10,2,10,0,10,2,10,,,,,0,1.00E+12,100,1.00E+15,0,1.00E+12,100,1.00E+12,0.9,1.00E+06
succ.succ_2.Light,succ,0,10,0,10,0,10,2,10,0,10,2,10,,,,,0,1.00E+12,100,1.00E+15,0,1.00E+12,100,1.00E+12,0.9,1.00E+06
mal-L.mal-L_1.Heavy,mal-L,0,10,0,10,0,10,2,10,0,10,2,10,,,,,0,1.00E+12,100,1.00E+15,0,1.00E+12,100,1.00E+12,0.9,1.00E+06
mal-L.mal-L_1.Light,mal-L,0,10,0,10,0,10,2,10,0,10,2,10,,,,,0,1.00E+12,100,1.00E+15,0,1.00E+12,100,1.00E+12,0.9,1.00E+06
glutacon.glutacon_1.Heavy,glutacon,0,10,0,10,0,10,2,10,0,10,2,10,,,,,0,1.00E+12,100,1.00E+15,0,1.00E+12,100,1.00E+12,0.9,1.00E+06
glutacon.glutacon_1.Light,glutacon,0,10,0,10,0,10,2,10,0,10,2,10,,,,,0,1.00E+12,100,1.00E+15,0,1.00E+12,100,1.00E+12,0.9,1.00E+06
fum.fum_1.Heavy,fum,0,10,0,10,0,10,2,10,0,10,2,10,,,,,0,1.00E+12,100,1.00E+15,0,1.00E+12,100,1.00E+12,0.9,1.00E+06
fum.fum_1.Light,fum,0,10,0,10,0,10,2,10,0,10,2,10,,,,,0,1.00E+12,100,1.00E+15,0,1.00E+12,100,1.00E+12,0.9,1.00E+06
udpg.udpg_1.Heavy,udpg,0,10,0,10,0,10,2,10,0,10,2,10,,,,,0,1.00E+12,100,1.00E+15,0,1.00E+12,100,1.00E+12,0.9,1.00E+06
udpg.udpg_1.Light,udpg,0,10,0,10,0,10,2,10,0,10,2,10,,,,,0,1.00E+12,100,1.00E+15,0,1.00E+12,100,1.00E+12,0.9,1.00E+06
udpg.udpg_2.Light,udpg,0,10,0,10,0,10,2,10,0,10,2,10,,,,,0,1.00E+12,100,1.00E+15,0,1.00E+12,100,1.00E+12,0.9,1.00E+06
damp.damp_1.Heavy,damp,0,10,0,10,0,10,2,10,0,10,2,10,,,,,0,1.00E+12,100,1.00E+15,0,1.00E+12,100,1.00E+12,0.9,1.00E+06
damp.damp_1.Light,damp,0,10,0,10,0,10,2,10,0,10,2,10,,,,,0,1.00E+12,100,1.00E+15,0,1.00E+12,100,1.00E+12,0.9,1.00E+06
damp.damp_2.Light,damp,0,10,0,10,0,10,2,10,0,10,2,10,,,,,0,1.00E+12,100,1.00E+15,0,1.00E+12,100,1.00E+12,0.9,1.00E+06
oxa.oxa_1.Heavy,oxa,0,10,0,10,0,10,2,10,0,10,2,10,,,,,0,1.00E+12,100,1.00E+15,0,1.00E+12,100,1.00E+12,0.9,1.00E+06
oxa.oxa_1.Light,oxa,0,10,0,10,0,10,2,10,0,10,2,10,,,,,0,1.00E+12,100,1.00E+15,0,1.00E+12,100,1.00E+12,0.9,1.00E+06
oxa.oxa_2.Light,oxa,0,10,0,10,0,10,2,10,0,10,2,10,,,,,0,1.00E+12,100,1.00E+15,0,1.00E+12,100,1.00E+12,0.9,1.00E+06
actp.actp_1.Heavy,actp,0,10,0,10,0,10,2,10,0,10,2,10,,,,,0,1.00E+12,100,1.00E+15,0,1.00E+12,100,1.00E+12,0.9,1.00E+06
actp.actp_1.Light,actp,0,10,0,10,0,10,2,10,0,10,2,10,,,,,0,1.00E+12,100,1.00E+15,0,1.00E+12,100,1.00E+12,0.9,1.00E+06
actp.actp_2.Light,actp,0,10,0,10,0,10,2,10,0,10,2,10,,,,,0,1.00E+12,100,1.00E+15,0,1.00E+12,100,1.00E+12,0.9,1.00E+06
akg.akg_1.Heavy,akg,0,10,0,10,0,10,2,10,0,10,2,10,,,,,0,1.00E+12,100,1.00E+15,0,1.00E+12,100,1.00E+12,0.9,1.00E+06
akg.akg_1.Light,akg,0,10,0,10,0,10,2,10,0,10,2,10,,,,,0,1.00E+12,100,1.00E+15,0,1.00E+12,100,1.00E+12,0.9,1.00E+06
oaa.oaa_1.Heavy,oaa,0,10,0,10,0,10,2,10,0,10,2,10,,,,,0,1.00E+12,100,1.00E+15,0,1.00E+12,100,1.00E+12,0.9,1.00E+06
oaa.oaa_1.Light,oaa,0,10,0,10,0,10,2,10,0,10,2,10,,,,,0,1.00E+12,100,1.00E+15,0,1.00E+12,100,1.00E+12,0.9,1.00E+06
dtdpglu.dtdpglu_1.Heavy,dtdpglu,0,10,0,10,0,10,2,10,0,10,2,10,,,,,0,1.00E+12,100,1.00E+15,0,1.00E+12,100,1.00E+12,0.9,1.00E+06
dtdpglu.dtdpglu_1.Light,dtdpglu,0,10,0,10,0,10,2,10,0,10,2,10,,,,,0,1.00E+12,100,1.00E+15,0,1.00E+12,100,1.00E+12,0.9,1.00E+06
dtdpglu.dtdpglu_2.Light,dtdpglu,0,10,0,10,0,10,2,10,0,10,2,10,,,,,0,1.00E+12,100,1.00E+15,0,1.00E+12,100,1.00E+12,0.9,1.00E+06
nadh.nadh_1.Heavy,nadh,0,10,0,10,0,10,2,10,0,10,2,10,,,,,0,1.00E+12,100,1.00E+15,0,1.00E+12,100,1.00E+12,0.9,1.00E+06
nadh.nadh_1.Light,nadh,0,10,0,10,0,10,2,10,0,10,2,10,,,,,0,1.00E+12,100,1.00E+15,0,1.00E+12,100,1.00E+12,0.9,1.00E+06
nadh.nadh_2.Light,nadh,0,10,0,10,0,10,2,10,0,10,2,10,,,,,0,1.00E+12,100,1.00E+15,0,1.00E+12,100,1.00E+12,0.9,1.00E+06
adpglc.adpglc_1.Heavy,adpglc,0,10,0,10,0,10,2,10,0,10,2,10,,,,,0,1.00E+12,100,1.00E+15,0,1.00E+12,100,1.00E+12,0.9,1.00E+06
adpglc.adpglc_1.Light,adpglc,0,10,0,10,0,10,2,10,0,10,2,10,,,,,0,1.00E+12,100,1.00E+15,0,1.00E+12,100,1.00E+12,0.9,1.00E+06
adpglc.adpglc_2.Light,adpglc,0,10,0,10,0,10,2,10,0,10,2,10,,,,,0,1.00E+12,100,1.00E+15,0,1.00E+12,100,1.00E+12,0.9,1.00E+06
chor.chor_1.Heavy,chor,0,10,0,10,0,10,2,10,0,10,2,10,,,,,0,1.00E+12,100,1.00E+15,0,1.00E+12,100,1.00E+12,0.9,1.00E+06
chor.chor_1.Light,chor,0,10,0,10,0,10,2,10,0,10,2,10,,,,,0,1.00E+12,100,1.00E+15,0,1.00E+12,100,1.00E+12,0.9,1.00E+06
fol.fol_1.Heavy,fol,0,10,0,10,0,10,2,10,0,10,2,10,,,,,0,1.00E+12,100,1.00E+15,0,1.00E+12,100,1.00E+12,0.9,1.00E+06
fol.fol_1.Light,fol,0,10,0,10,0,10,2,10,0,10,2,10,,,,,0,1.00E+12,100,1.00E+15,0,1.00E+12,100,1.00E+12,0.9,1.00E+06
fol.fol_2.Light,fol,0,10,0,10,0,10,2,10,0,10,2,10,,,,,0,1.00E+12,100,1.00E+15,0,1.00E+12,100,1.00E+12,0.9,1.00E+06
dgdp.dgdp_1.Heavy,dgdp,0,10,0,10,0,10,2,10,0,10,2,10,,,,,0,1.00E+12,100,1.00E+15,0,1.00E+12,100,1.00E+12,0.9,1.00E+06
dgdp.dgdp_1.Light,dgdp,0,10,0,10,0,10,2,10,0,10,2,10,,,,,0,1.00E+12,100,1.00E+15,0,1.00E+12,100,1.00E+12,0.9,1.00E+06
dgdp.dgdp_2.Light,dgdp,0,10,0,10,0,10,2,10,0,10,2,10,,,,,0,1.00E+12,100,1.00E+15,0,1.00E+12,100,1.00E+12,0.9,1.00E+06
gdp.gdp_1.Heavy,gdp,0,10,0,10,0,10,2,10,0,10,2,10,,,,,0,1.00E+12,100,1.00E+15,0,1.00E+12,100,1.00E+12,0.9,1.00E+06
gdp.gdp_1.Light,gdp,0,10,0,10,0,10,2,10,0,10,2,10,,,,,0,1.00E+12,100,1.00E+15,0,1.00E+12,100,1.00E+12,0.9,1.00E+06
gdp.gdp_2.Light,gdp,0,10,0,10,0,10,2,10,0,10,2,10,,,,,0,1.00E+12,100,1.00E+15,0,1.00E+12,100,1.00E+12,0.9,1.00E+06
6pgc.6pgc_1.Heavy,6pgc,0,10,0,10,0,10,2,10,0,10,2,10,,,,,0,1.00E+12,100,1.00E+15,0,1.00E+12,100,1.00E+12,0.9,1.00E+06
6pgc.6pgc_1.Light,6pgc,0,10,0,10,0,10,2,10,0,10,2,10,,,,,0,1.00E+12,100,1.00E+15,0,1.00E+12,100,1.00E+12,0.9,1.00E+06
Pool_2pg_3pg.Pool_2pg_3pg_1.Heavy,Pool_2pg_3pg,0,10,0,10,0,10,2,10,0,10,2,10,,,,,0,1.00E+12,100,1.00E+15,0,1.00E+12,100,1.00E+12,0.9,1.00E+06
Pool_2pg_3pg.Pool_2pg_3pg_1.Light,Pool_2pg_3pg,0,10,0,10,0,10,2,10,0,10,2,10,,,,,0,1.00E+12,100,1.00E+15,0,1.00E+12,100,1.00E+12,0.9,1.00E+06
Pool_2pg_3pg.Pool_2pg_3pg_2.Light,Pool_2pg_3pg,0,10,0,10,0,10,2,10,0,10,2,10,,,,,0,1.00E+12,100,1.00E+15,0,1.00E+12,100,1.00E+12,0.9,1.00E+06
dcdp.dcdp_1.Heavy,dcdp,0,10,0,10,0,10,2,10,0,10,2,10,,,,,0,1.00E+12,100,1.00E+15,0,1.00E+12,100,1.00E+12,0.9,1.00E+06
dcdp.dcdp_1.Light,dcdp,0,10,0,10,0,10,2,10,0,10,2,10,,,,,0,1.00E+12,100,1.00E+15,0,1.00E+12,100,1.00E+12,0.9,1.00E+06
dcdp.dcdp_2.Light,dcdp,0,10,0,10,0,10,2,10,0,10,2,10,,,,,0,1.00E+12,100,1.00E+15,0,1.00E+12,100,1.00E+12,0.9,1.00E+06
adp.adp_1.Heavy,adp,0,10,0,10,0,10,2,10,0,10,2,10,,,,,0,1.00E+12,100,1.00E+15,0,1.00E+12,100,1.00E+12,0.9,1.00E+06
adp.adp_1.Light,adp,0,10,0,10,0,10,2,10,0,10,2,10,,,,,0,1.00E+12,100,1.00E+15,0,1.00E+12,100,1.00E+12,0.9,1.00E+06
adp.adp_2.Light,adp,0,10,0,10,0,10,2,10,0,10,2,10,,,,,0,1.00E+12,100,1.00E+15,0,1.00E+12,100,1.00E+12,0.9,1.00E+06
2mcit.2mcit_1.Heavy,2mcit,0,10,0,10,0,10,2,10,0,10,2,10,,,,,0,1.00E+12,100,1.00E+15,0,1.00E+12,100,1.00E+12,0.9,1.00E+06
2mcit.2mcit_1.Light,2mcit,0,10,0,10,0,10,2,10,0,10,2,10,,,,,0,1.00E+12,100,1.00E+15,0,1.00E+12,100,1.00E+12,0.9,1.00E+06
2mcit.2mcit_2.Light,2mcit,0,10,0,10,0,10,2,10,0,10,2,10,,,,,0,1.00E+12,100,1.00E+15,0,1.00E+12,100,1.00E+12,0.9,1.00E+06
udp.udp_1.Heavy,udp,0,10,0,10,0,10,2,10,0,10,2,10,,,,,0,1.00E+12,100,1.00E+15,0,1.00E+12,100,1.00E+12,0.9,1.00E+06
udp.udp_1.Light,udp,0,10,0,10,0,10,2,10,0,10,2,10,,,,,0,1.00E+12,100,1.00E+15,0,1.00E+12,100,1.00E+12,0.9,1.00E+06
udp.udp_2.Light,udp,0,10,0,10,0,10,2,10,0,10,2,10,,,,,0,1.00E+12,100,1.00E+15,0,1.00E+12,100,1.00E+12,0.9,1.00E+06
acon-C.acon-C_1.Heavy,acon-C,0,10,0,10,0,10,2,10,0,10,2,10,,,,,0,1.00E+12,100,1.00E+15,0,1.00E+12,100,1.00E+12,0.9,1.00E+06
acon-C.acon-C_1.Light,acon-C,0,10,0,10,0,10,2,10,0,10,2,10,,,,,0,1.00E+12,100,1.00E+15,0,1.00E+12,100,1.00E+12,0.9,1.00E+06
acon-C.acon-C_2.Light,acon-C,0,10,0,10,0,10,2,10,0,10,2,10,,,,,0,1.00E+12,100,1.00E+15,0,1.00E+12,100,1.00E+12,0.9,1.00E+06
nadp.nadp_1.Heavy,nadp,0,10,0,10,0,10,2,10,0,10,2,10,,,,,0,1.00E+12,100,1.00E+15,0,1.00E+12,100,1.00E+12,0.9,1.00E+06
nadp.nadp_1.Light,nadp,0,10,0,10,0,10,2,10,0,10,2,10,,,,,0,1.00E+12,100,1.00E+15,0,1.00E+12,100,1.00E+12,0.9,1.00E+06
nadp.nadp_2.Light,nadp,0,10,0,10,0,10,2,10,0,10,2,10,,,,,0,1.00E+12,100,1.00E+15,0,1.00E+12,100,1.00E+12,0.9,1.00E+06
pep.pep_1.Heavy,pep,0,10,0,10,0,10,2,10,0,10,2,10,,,,,0,1.00E+12,100,1.00E+15,0,1.00E+12,100,1.00E+12,0.9,1.00E+06
pep.pep_1.Light,pep,0,10,0,10,0,10,2,10,0,10,2,10,,,,,0,1.00E+12,100,1.00E+15,0,1.00E+12,100,1.00E+12,0.9,1.00E+06
pep.pep_2.Light,pep,0,10,0,10,0,10,2,10,0,10,2,10,,,,,0,1.00E+12,100,1.00E+15,0,1.00E+12,100,1.00E+12,0.9,1.00E+06
dadp.dadp_1.Heavy,dadp,0,10,0,10,0,10,2,10,0,10,2,10,,,,,0,1.00E+12,100,1.00E+15,0,1.00E+12,100,1.00E+12,0.9,1.00E+06
dadp.dadp_1.Light,dadp,0,10,0,10,0,10,2,10,0,10,2,10,,,,,0,1.00E+12,100,1.00E+15,0,1.00E+12,100,1.00E+12,0.9,1.00E+06
dadp.dadp_2.Light,dadp,0,10,0,10,0,10,2,10,0,10,2,10,,,,,0,1.00E+12,100,1.00E+15,0,1.00E+12,100,1.00E+12,0.9,1.00E+06
cit.cit_1.Heavy,cit,0,10,0,10,0,10,2,10,0,10,2,10,,,,,0,1.00E+12,100,1.00E+15,0,1.00E+12,100,1.00E+12,0.9,1.00E+06
cit.cit_1.Light,cit,0,10,0,10,0,10,2,10,0,10,2,10,,,,,0,1.00E+12,100,1.00E+15,0,1.00E+12,100,1.00E+12,0.9,1.00E+06
cit.cit_2.Light,cit,0,10,0,10,0,10,2,10,0,10,2,10,,,,,0,1.00E+12,100,1.00E+15,0,1.00E+12,100,1.00E+12,0.9,1.00E+06
Pool_cit_icit.Pool_cit_icit_1.Heavy,Pool_cit_icit,0,10,0,10,0,10,2,10,0,10,2,10,,,,,0,1.00E+12,100,1.00E+15,0,1.00E+12,100,1.00E+12,0.9,1.00E+06
icit.icit_1.Heavy,icit,0,10,0,10,0,10,2,10,0,10,2,10,,,,,0,1.00E+12,100,1.00E+15,0,1.00E+12,100,1.00E+12,0.9,1.00E+06
icit.icit_1.Light,icit,0,10,0,10,0,10,2,10,0,10,2,10,,,,,0,1.00E+12,100,1.00E+15,0,1.00E+12,100,1.00E+12,0.9,1.00E+06
icit.icit_2.Light,icit,0,10,0,10,0,10,2,10,0,10,2,10,,,,,0,1.00E+12,100,1.00E+15,0,1.00E+12,100,1.00E+12,0.9,1.00E+06
fad.fad_1.Heavy,fad,0,10,0,10,0,10,2,10,0,10,2,10,,,,,0,1.00E+12,100,1.00E+15,0,1.00E+12,100,1.00E+12,0.9,1.00E+06
fad.fad_1.Light,fad,0,10,0,10,0,10,2,10,0,10,2,10,,,,,0,1.00E+12,100,1.00E+15,0,1.00E+12,100,1.00E+12,0.9,1.00E+06
fad.fad_2.Light,fad,0,10,0,10,0,10,2,10,0,10,2,10,,,,,0,1.00E+12,100,1.00E+15,0,1.00E+12,100,1.00E+12,0.9,1.00E+06
fdp.fdp_1.Heavy,fdp,0,10,0,10,0,10,2,10,0,10,2,10,,,,,0,1.00E+12,100,1.00E+15,0,1.00E+12,100,1.00E+12,0.9,1.00E+06
fdp.fdp_1.Light,fdp,0,10,0,10,0,10,2,10,0,10,2,10,,,,,0,1.00E+12,100,1.00E+15,0,1.00E+12,100,1.00E+12,0.9,1.00E+06
fdp.fdp_2.Light,fdp,0,10,0,10,0,10,2,10,0,10,2,10,,,,,0,1.00E+12,100,1.00E+15,0,1.00E+12,100,1.00E+12,0.9,1.00E+06
udpglcur.udpglcur_1.Heavy,udpglcur,0,10,0,10,0,10,2,10,0,10,2,10,,,,,0,1.00E+12,100,1.00E+15,0,1.00E+12,100,1.00E+12,0.9,1.00E+06
udpglcur.udpglcur_1.Light,udpglcur,0,10,0,10,0,10,2,10,0,10,2,10,,,,,0,1.00E+12,100,1.00E+15,0,1.00E+12,100,1.00E+12,0.9,1.00E+06
udpglcur.udpglcur_2.Light,udpglcur,0,10,0,10,0,10,2,10,0,10,2,10,,,,,0,1.00E+12,100,1.00E+15,0,1.00E+12,100,1.00E+12,0.9,1.00E+06
dgtp.dgtp_1.Heavy,dgtp,0,10,0,10,0,10,2,10,0,10,2,10,,,,,0,1.00E+12,100,1.00E+15,0,1.00E+12,100,1.00E+12,0.9,1.00E+06
dgtp.dgtp_1.Light,dgtp,0,10,0,10,0,10,2,10,0,10,2,10,,,,,0,1.00E+12,100,1.00E+15,0,1.00E+12,100,1.00E+12,0.9,1.00E+06
ctp.ctp_1.Heavy,ctp,0,10,0,10,0,10,2,10,0,10,2,10,,,,,0,1.00E+12,100,1.00E+15,0,1.00E+12,100,1.00E+12,0.9,1.00E+06
ctp.ctp_1.Light,ctp,0,10,0,10,0,10,2,10,0,10,2,10,,,,,0,1.00E+12,100,1.00E+15,0,1.00E+12,100,1.00E+12,0.9,1.00E+06
ctp.ctp_2.Light,ctp,0,10,0,10,0,10,2,10,0,10,2,10,,,,,0,1.00E+12,100,1.00E+15,0,1.00E+12,100,1.00E+12,0.9,1.00E+06
dctp.dctp_1.Heavy,dctp,0,10,0,10,0,10,2,10,0,10,2,10,,,,,0,1.00E+12,100,1.00E+15,0,1.00E+12,100,1.00E+12,0.9,1.00E+06
dctp.dctp_1.Light,dctp,0,10,0,10,0,10,2,10,0,10,2,10,,,,,0,1.00E+12,100,1.00E+15,0,1.00E+12,100,1.00E+12,0.9,1.00E+06
dctp.dctp_2.Light,dctp,0,10,0,10,0,10,2,10,0,10,2,10,,,,,0,1.00E+12,100,1.00E+15,0,1.00E+12,100,1.00E+12,0.9,1.00E+06
ditp.ditp_1.Heavy,ditp,0,10,0,10,0,10,2,10,0,10,2,10,,,,,0,1.00E+12,100,1.00E+15,0,1.00E+12,100,1.00E+12,0.9,1.00E+06
ditp.ditp_1.Light,ditp,0,10,0,10,0,10,2,10,0,10,2,10,,,,,0,1.00E+12,100,1.00E+15,0,1.00E+12,100,1.00E+12,0.9,1.00E+06
ditp.ditp_2.Light,ditp,0,10,0,10,0,10,2,10,0,10,2,10,,,,,0,1.00E+12,100,1.00E+15,0,1.00E+12,100,1.00E+12,0.9,1.00E+06
dutp.dutp_1.Heavy,dutp,0,10,0,10,0,10,2,10,0,10,2,10,,,,,0,1.00E+12,100,1.00E+15,0,1.00E+12,100,1.00E+12,0.9,1.00E+06
dutp.dutp_1.Light,dutp,0,10,0,10,0,10,2,10,0,10,2,10,,,,,0,1.00E+12,100,1.00E+15,0,1.00E+12,100,1.00E+12,0.9,1.00E+06
dutp.dutp_2.Light,dutp,0,10,0,10,0,10,2,10,0,10,2,10,,,,,0,1.00E+12,100,1.00E+15,0,1.00E+12,100,1.00E+12,0.9,1.00E+06
itp.itp_1.Heavy,itp,0,10,0,10,0,10,2,10,0,10,2,10,,,,,0,1.00E+12,100,1.00E+15,0,1.00E+12,100,1.00E+12,0.9,1.00E+06
itp.itp_1.Light,itp,0,10,0,10,0,10,2,10,0,10,2,10,,,,,0,1.00E+12,100,1.00E+15,0,1.00E+12,100,1.00E+12,0.9,1.00E+06
itp.itp_2.Light,itp,0,10,0,10,0,10,2,10,0,10,2,10,,,,,0,1.00E+12,100,1.00E+15,0,1.00E+12,100,1.00E+12,0.9,1.00E+06
utp.utp_1.Heavy,utp,0,10,0,10,0,10,2,10,0,10,2,10,,,,,0,1.00E+12,100,1.00E+15,0,1.00E+12,100,1.00E+12,0.9,1.00E+06
utp.utp_1.Light,utp,0,10,0,10,0,10,2,10,0,10,2,10,,,,,0,1.00E+12,100,1.00E+15,0,1.00E+12,100,1.00E+12,0.9,1.00E+06
utp.utp_2.Light,utp,0,10,0,10,0,10,2,10,0,10,2,10,,,,,0,1.00E+12,100,1.00E+15,0,1.00E+12,100,1.00E+12,0.9,1.00E+06
23dpg.23dpg_1.Heavy,23dpg,0,10,0,10,0,10,2,10,0,10,2,10,,,,,0,1.00E+12,100,1.00E+15,0,1.00E+12,100,1.00E+12,0.9,1.00E+06
23dpg.23dpg_1.Light,23dpg,0,10,0,10,0,10,2,10,0,10,2,10,,,,,0,1.00E+12,100,1.00E+15,0,1.00E+12,100,1.00E+12,0.9,1.00E+06
23dpg.23dpg_2.Light,23dpg,0,10,0,10,0,10,2,10,0,10,2,10,,,,,0,1.00E+12,100,1.00E+15,0,1.00E+12,100,1.00E+12,0.9,1.00E+06
atp.atp_1.Heavy,atp,0,10,0,10,0,10,2,10,0,10,2,10,,,,,0,1.00E+12,100,1.00E+15,0,1.00E+12,100,1.00E+12,0.9,1.00E+06
atp.atp_1.Light,atp,0,10,0,10,0,10,2,10,0,10,2,10,,,,,0,1.00E+12,100,1.00E+15,0,1.00E+12,100,1.00E+12,0.9,1.00E+06
atp.atp_2.Light,atp,0,10,0,10,0,10,2,10,0,10,2,10,,,,,0,1.00E+12,100,1.00E+15,0,1.00E+12,100,1.00E+12,0.9,1.00E+06
datp.datp_1.Heavy,datp,0,10,0,10,0,10,2,10,0,10,2,10,,,,,0,1.00E+12,100,1.00E+15,0,1.00E+12,100,1.00E+12,0.9,1.00E+06
datp.datp_1.Light,datp,0,10,0,10,0,10,2,10,0,10,2,10,,,,,0,1.00E+12,100,1.00E+15,0,1.00E+12,100,1.00E+12,0.9,1.00E+06
datp.datp_2.Light,datp,0,10,0,10,0,10,2,10,0,10,2,10,,,,,0,1.00E+12,100,1.00E+15,0,1.00E+12,100,1.00E+12,0.9,1.00E+06
dttp.dttp_1.Heavy,dttp,0,10,0,10,0,10,2,10,0,10,2,10,,,,,0,1.00E+12,100,1.00E+15,0,1.00E+12,100,1.00E+12,0.9,1.00E+06
dttp.dttp_1.Light,dttp,0,10,0,10,0,10,2,10,0,10,2,10,,,,,0,1.00E+12,100,1.00E+15,0,1.00E+12,100,1.00E+12,0.9,1.00E+06
dttp.dttp_2.Light,dttp,0,10,0,10,0,10,2,10,0,10,2,10,,,,,0,1.00E+12,100,1.00E+15,0,1.00E+12,100,1.00E+12,0.9,1.00E+06
gtp.gtp_1.Heavy,gtp,0,10,0,10,0,10,2,10,0,10,2,10,,,,,0,1.00E+12,100,1.00E+15,0,1.00E+12,100,1.00E+12,0.9,1.00E+06
gtp.gtp_1.Light,gtp,0,10,0,10,0,10,2,10,0,10,2,10,,,,,0,1.00E+12,100,1.00E+15,0,1.00E+12,100,1.00E+12,0.9,1.00E+06
gtp.gtp_2.Light,gtp,0,10,0,10,0,10,2,10,0,10,2,10,,,,,0,1.00E+12,100,1.00E+15,0,1.00E+12,100,1.00E+12,0.9,1.00E+06
nadph.nadph_1.Heavy,nadph,0,10,0,10,0,10,2,10,0,10,2,10,,,,,0,1.00E+12,100,1.00E+15,0,1.00E+12,100,1.00E+12,0.9,1.00E+06
nadph.nadph_1.Light,nadph,0,10,0,10,0,10,2,10,0,10,2,10,,,,,0,1.00E+12,100,1.00E+15,0,1.00E+12,100,1.00E+12,0.9,1.00E+06
nadph.nadph_2.Light,nadph,0,10,0,10,0,10,2,10,0,10,2,10,,,,,0,1.00E+12,100,1.00E+15,0,1.00E+12,100,1.00E+12,0.9,1.00E+06
prpp.prpp_1.Heavy,prpp,0,10,0,10,0,10,2,10,0,10,2,10,,,,,0,1.00E+12,100,1.00E+15,0,1.00E+12,100,1.00E+12,0.9,1.00E+06
prpp.prpp_1.Light,prpp,0,10,0,10,0,10,2,10,0,10,2,10,,,,,0,1.00E+12,100,1.00E+15,0,1.00E+12,100,1.00E+12,0.9,1.00E+06
prpp.prpp_2.Light,prpp,0,10,0,10,0,10,2,10,0,10,2,10,,,,,0,1.00E+12,100,1.00E+15,0,1.00E+12,100,1.00E+12,0.9,1.00E+06
phpyr.phpyr_1.Heavy,phpyr,0,10,0,10,0,10,2,10,0,10,2,10,,,,,0,1.00E+12,100,1.00E+15,0,1.00E+12,100,1.00E+12,0.9,1.00E+06
phpyr.phpyr_1.Light,phpyr,0,10,0,10,0,10,2,10,0,10,2,10,,,,,0,1.00E+12,100,1.00E+15,0,1.00E+12,100,1.00E+12,0.9,1.00E+06
phpyr.phpyr_2.Light,phpyr,0,10,0,10,0,10,2,10,0,10,2,10,,,,,0,1.00E+12,100,1.00E+15,0,1.00E+12,100,1.00E+12,0.9,1.00E+06
coa.coa_1.Heavy,coa,0,10,0,10,0,10,2,10,0,10,2,10,,,,,0,1.00E+12,100,1.00E+15,0,1.00E+12,100,1.00E+12,0.9,1.00E+06
coa.coa_1.Light,coa,0,10,0,10,0,10,2,10,0,10,2,10,,,,,0,1.00E+12,100,1.00E+15,0,1.00E+12,100,1.00E+12,0.9,1.00E+06
accoa.accoa_1.Heavy,accoa,0,10,0,10,0,10,2,10,0,10,2,10,,,,,0,1.00E+12,100,1.00E+15,0,1.00E+12,100,1.00E+12,0.9,1.00E+06
accoa.accoa_1.Light,accoa,0,10,0,10,0,10,2,10,0,10,2,10,,,,,0,1.00E+12,100,1.00E+15,0,1.00E+12,100,1.00E+12,0.9,1.00E+06
malcoa.malcoa_1.Heavy,malcoa,0,10,0,10,0,10,2,10,0,10,2,10,,,,,0,1.00E+12,100,1.00E+15,0,1.00E+12,100,1.00E+12,0.9,1.00E+06
malcoa.malcoa_1.Light,malcoa,0,10,0,10,0,10,2,10,0,10,2,10,,,,,0,1.00E+12,100,1.00E+15,0,1.00E+12,100,1.00E+12,0.9,1.00E+06
succoa.succoa_1.Heavy,succoa,0,10,0,10,0,10,2,10,0,10,2,10,,,,,0,1.00E+12,100,1.00E+15,0,1.00E+12,100,1.00E+12,0.9,1.00E+06
succoa.succoa_1.Light,succoa,0,10,0,10,0,10,2,10,0,10,2,10,,,,,0,1.00E+12,100,1.00E+15,0,1.00E+12,100,1.00E+12,0.9,1.00E+06
