component_name,component_group_name,n_heavy_l ,n_heavy_u,n_light_l,n_light_u,n_detecting_l,n_detecting_u,n_quantifying_l,n_quantifying_u,n_identifying_l,n_identifying_u,n_transitions_l,n_transitions_u,ion_ratio_pair_name_1,ion_ratio_pair_name_2,ion_ratio_l,ion_ratio_u,retention_time_l,retention_time_u,intensity_l,intensity_u,overall_quality_l,overall_quality_u,metaValue_peak_apex_int_l,metaValue_peak_apex_int_u,metaValue_sn_score_l,metaValue_sn_score_u,metaValue_var_xcorr_coelution_l,metaValue_var_xcorr_coelution_u,metaValue_var_xcorr_coelution_weighted_l,metaValue_var_xcorr_coelution_weighted_u,metaValue_var_xcorr_shape_l,metaValue_var_xcorr_shape_u,metaValue_var_xcorr_shape_weighted_l,metaValue_var_xcorr_shape_weighted_u
arg-L.arg-L_1.Heavy,arg-L,1,10,0,10,1,10,2,10,0,10,2,10,,,,,0,100,100,5.00E+06,0,1.00E+06,100,5.00E+06,10,1.00E+06,0,1.00E+09,0,1.00E+09,0,1.00E+09,0,1.00E+09
arg-L.arg-L_1.Light,arg-L,1,10,0,10,1,10,2,10,0,10,2,10,,,,,0,100,100,5.00E+06,0,1.00E+06,100,5.00E+06,10,1.00E+06,0,1.00E+09,0,1.00E+09,0,1.00E+09,0,1.00E+09
orn.orn_1.Heavy,orn,1,10,0,10,1,10,2,10,0,10,2,10,,,,,0,100,100,5.00E+06,0,1.00E+06,100,5.00E+06,10,1.00E+06,0,1.00E+09,0,1.00E+09,0,1.00E+09,0,1.00E+09
orn.orn_1.Light,orn,1,10,0,10,1,10,2,10,0,10,2,10,,,,,0,100,100,5.00E+06,0,1.00E+06,100,5.00E+06,10,1.00E+06,0,1.00E+09,0,1.00E+09,0,1.00E+09,0,1.00E+09
asn-L.asn-L_1.Heavy,asn-L,1,10,0,10,1,10,2,10,0,10,2,10,,,,,0,100,100,5.00E+06,0,1.00E+06,100,5.00E+06,10,1.00E+06,0,1.00E+09,0,1.00E+09,0,1.00E+09,0,1.00E+09
asn-L.asn-L_1.Light,asn-L,1,10,0,10,1,10,2,10,0,10,2,10,,,,,0,100,100,5.00E+06,0,1.00E+06,100,5.00E+06,10,1.00E+06,0,1.00E+09,0,1.00E+09,0,1.00E+09,0,1.00E+09
asn-L.asn-L_2.Light,asn-L,1,10,0,10,1,10,2,10,0,10,2,10,,,,,0,100,100,5.00E+06,0,1.00E+06,100,5.00E+06,10,1.00E+06,0,1.00E+09,0,1.00E+09,0,1.00E+09,0,1.00E+09
ser-L.ser-L_1.Heavy,ser-L,1,10,0,10,1,10,2,10,0,10,2,10,,,,,0,100,100,5.00E+06,0,1.00E+06,100,5.00E+06,10,1.00E+06,0,1.00E+09,0,1.00E+09,0,1.00E+09,0,1.00E+09
ser-L.ser-L_1.Light,ser-L,1,10,0,10,1,10,2,10,0,10,2,10,,,,,0,100,100,5.00E+06,0,1.00E+06,100,5.00E+06,10,1.00E+06,0,1.00E+09,0,1.00E+09,0,1.00E+09,0,1.00E+09
ser-L.ser-L_2.Light,ser-L,1,10,0,10,1,10,2,10,0,10,2,10,,,,,0,100,100,5.00E+06,0,1.00E+06,100,5.00E+06,10,1.00E+06,0,1.00E+09,0,1.00E+09,0,1.00E+09,0,1.00E+09
citr-L.citr-L_1.Heavy,citr-L,1,10,0,10,1,10,2,10,0,10,2,10,,,,,0,100,100,5.00E+06,0,1.00E+06,100,5.00E+06,10,1.00E+06,0,1.00E+09,0,1.00E+09,0,1.00E+09,0,1.00E+09
citr-L.citr-L_1.Light,citr-L,1,10,0,10,1,10,2,10,0,10,2,10,,,,,0,100,100,5.00E+06,0,1.00E+06,100,5.00E+06,10,1.00E+06,0,1.00E+09,0,1.00E+09,0,1.00E+09,0,1.00E+09
gln-L.gln-L_1.Heavy,gln-L,1,10,0,10,1,10,2,10,0,10,2,10,,,,,0,100,100,5.00E+06,0,1.00E+06,100,5.00E+06,10,1.00E+06,0,1.00E+09,0,1.00E+09,0,1.00E+09,0,1.00E+09
gln-L.gln-L_1.Light,gln-L,1,10,0,10,1,10,2,10,0,10,2,10,,,,,0,100,100,5.00E+06,0,1.00E+06,100,5.00E+06,10,1.00E+06,0,1.00E+09,0,1.00E+09,0,1.00E+09,0,1.00E+09
gln-L.gln-L_2.Light,gln-L,1,10,0,10,1,10,2,10,0,10,2,10,,,,,0,100,100,5.00E+06,0,1.00E+06,100,5.00E+06,10,1.00E+06,0,1.00E+09,0,1.00E+09,0,1.00E+09,0,1.00E+09
Hexose_Pool_fru_glc-D.Hexose_Pool_fru_glc-D_1.Heavy,Hexose_Pool_fru_glc-D,1,10,0,10,1,10,2,10,0,10,2,10,,,,,0,100,100,5.00E+06,0,1.00E+06,100,5.00E+06,10,1.00E+06,0,1.00E+09,0,1.00E+09,0,1.00E+09,0,1.00E+09
Hexose_Pool_fru_glc-D.Hexose_Pool_fru_glc-D_1.Light,Hexose_Pool_fru_glc-D,1,10,0,10,1,10,2,10,0,10,2,10,,,,,0,100,100,5.00E+06,0,1.00E+06,100,5.00E+06,10,1.00E+06,0,1.00E+09,0,1.00E+09,0,1.00E+09,0,1.00E+09
Hexose_Pool_fru_glc-D.Hexose_Pool_fru_glc-D_2.Light,Hexose_Pool_fru_glc-D,1,10,0,10,1,10,2,10,0,10,2,10,,,,,0,100,100,5.00E+06,0,1.00E+06,100,5.00E+06,10,1.00E+06,0,1.00E+09,0,1.00E+09,0,1.00E+09,0,1.00E+09
Lcystin.Lcystin_1.Heavy,Lcystin,1,10,0,10,1,10,2,10,0,10,2,10,,,,,0,100,100,5.00E+06,0,1.00E+06,100,5.00E+06,10,1.00E+06,0,1.00E+09,0,1.00E+09,0,1.00E+09,0,1.00E+09
Lcystin.Lcystin_1.Light,Lcystin,1,10,0,10,1,10,2,10,0,10,2,10,,,,,0,100,100,5.00E+06,0,1.00E+06,100,5.00E+06,10,1.00E+06,0,1.00E+09,0,1.00E+09,0,1.00E+09,0,1.00E+09
thr-L.thr-L_1.Heavy,thr-L,1,10,0,10,1,10,2,10,0,10,2,10,,,,,0,100,100,5.00E+06,0,1.00E+06,100,5.00E+06,10,1.00E+06,0,1.00E+09,0,1.00E+09,0,1.00E+09,0,1.00E+09
thr-L.thr-L_1.Light,thr-L,1,10,0,10,1,10,2,10,0,10,2,10,,,,,0,100,100,5.00E+06,0,1.00E+06,100,5.00E+06,10,1.00E+06,0,1.00E+09,0,1.00E+09,0,1.00E+09,0,1.00E+09
ala-L.ala-L_1.Heavy,ala-L,1,10,0,10,1,10,2,10,0,10,2,10,,,,,0,100,100,5.00E+06,0,1.00E+06,100,5.00E+06,10,1.00E+06,0,1.00E+09,0,1.00E+09,0,1.00E+09,0,1.00E+09
ala-L.ala-L_1.Light,ala-L,1,10,0,10,1,10,2,10,0,10,2,10,,,,,0,100,100,5.00E+06,0,1.00E+06,100,5.00E+06,10,1.00E+06,0,1.00E+09,0,1.00E+09,0,1.00E+09,0,1.00E+09
ala-L.ala-L_2.Light,ala-L,1,10,0,10,1,10,2,10,0,10,2,10,,,,,0,100,100,5.00E+06,0,1.00E+06,100,5.00E+06,10,1.00E+06,0,1.00E+09,0,1.00E+09,0,1.00E+09,0,1.00E+09
his-L.his-L_1.Heavy,his-L,1,10,0,10,1,10,2,10,0,10,2,10,,,,,0,100,100,5.00E+06,0,1.00E+06,100,5.00E+06,10,1.00E+06,0,1.00E+09,0,1.00E+09,0,1.00E+09,0,1.00E+09
his-L.his-L_1.Light,his-L,1,10,0,10,1,10,2,10,0,10,2,10,,,,,0,100,100,5.00E+06,0,1.00E+06,100,5.00E+06,10,1.00E+06,0,1.00E+09,0,1.00E+09,0,1.00E+09,0,1.00E+09
his-L.his-L_2.Light,his-L,1,10,0,10,1,10,2,10,0,10,2,10,,,,,0,100,100,5.00E+06,0,1.00E+06,100,5.00E+06,10,1.00E+06,0,1.00E+09,0,1.00E+09,0,1.00E+09,0,1.00E+09
cytd.cytd_1.Heavy,cytd,1,10,0,10,1,10,2,10,0,10,2,10,,,,,0,100,100,5.00E+06,0,1.00E+06,100,5.00E+06,10,1.00E+06,0,1.00E+09,0,1.00E+09,0,1.00E+09,0,1.00E+09
cytd.cytd_1.Light,cytd,1,10,0,10,1,10,2,10,0,10,2,10,,,,,0,100,100,5.00E+06,0,1.00E+06,100,5.00E+06,10,1.00E+06,0,1.00E+09,0,1.00E+09,0,1.00E+09,0,1.00E+09
ura.ura_1.Heavy,ura,1,10,0,10,1,10,2,10,0,10,2,10,,,,,0,100,100,5.00E+06,0,1.00E+06,100,5.00E+06,10,1.00E+06,0,1.00E+09,0,1.00E+09,0,1.00E+09,0,1.00E+09
ura.ura_1.Light,ura,1,10,0,10,1,10,2,10,0,10,2,10,,,,,0,100,100,5.00E+06,0,1.00E+06,100,5.00E+06,10,1.00E+06,0,1.00E+09,0,1.00E+09,0,1.00E+09,0,1.00E+09
AICAr.AICAr_1.Heavy,AICAr,1,10,0,10,1,10,2,10,0,10,2,10,,,,,0,100,100,5.00E+06,0,1.00E+06,100,5.00E+06,10,1.00E+06,0,1.00E+09,0,1.00E+09,0,1.00E+09,0,1.00E+09
AICAr.AICAr_1.Light,AICAr,1,10,0,10,1,10,2,10,0,10,2,10,,,,,0,100,100,5.00E+06,0,1.00E+06,100,5.00E+06,10,1.00E+06,0,1.00E+09,0,1.00E+09,0,1.00E+09,0,1.00E+09
met-L.met-L_1.Heavy,met-L,1,10,0,10,1,10,2,10,0,10,2,10,,,,,0,100,100,5.00E+06,0,1.00E+06,100,5.00E+06,10,1.00E+06,0,1.00E+09,0,1.00E+09,0,1.00E+09,0,1.00E+09
met-L.met-L_1.Light,met-L,1,10,0,10,1,10,2,10,0,10,2,10,,,,,0,100,100,5.00E+06,0,1.00E+06,100,5.00E+06,10,1.00E+06,0,1.00E+09,0,1.00E+09,0,1.00E+09,0,1.00E+09
uri.uri_1.Heavy,uri,1,10,0,10,1,10,2,10,0,10,2,10,,,,,0,100,100,5.00E+06,0,1.00E+06,100,5.00E+06,10,1.00E+06,0,1.00E+09,0,1.00E+09,0,1.00E+09,0,1.00E+09
uri.uri_1.Light,uri,1,10,0,10,1,10,2,10,0,10,2,10,,,,,0,100,100,5.00E+06,0,1.00E+06,100,5.00E+06,10,1.00E+06,0,1.00E+09,0,1.00E+09,0,1.00E+09,0,1.00E+09
uri.uri_2.Light,uri,1,10,0,10,1,10,2,10,0,10,2,10,,,,,0,100,100,5.00E+06,0,1.00E+06,100,5.00E+06,10,1.00E+06,0,1.00E+09,0,1.00E+09,0,1.00E+09,0,1.00E+09
gua.gua_1.Heavy,gua,1,10,0,10,1,10,2,10,0,10,2,10,,,,,0,100,100,5.00E+06,0,1.00E+06,100,5.00E+06,10,1.00E+06,0,1.00E+09,0,1.00E+09,0,1.00E+09,0,1.00E+09
gua.gua_1.Light,gua,1,10,0,10,1,10,2,10,0,10,2,10,,,,,0,100,100,5.00E+06,0,1.00E+06,100,5.00E+06,10,1.00E+06,0,1.00E+09,0,1.00E+09,0,1.00E+09,0,1.00E+09
hxan.hxan_1.Heavy,hxan,1,10,0,10,1,10,2,10,0,10,2,10,,,,,0,100,100,5.00E+06,0,1.00E+06,100,5.00E+06,10,1.00E+06,0,1.00E+09,0,1.00E+09,0,1.00E+09,0,1.00E+09
hxan.hxan_1.Light,hxan,1,10,0,10,1,10,2,10,0,10,2,10,,,,,0,100,100,5.00E+06,0,1.00E+06,100,5.00E+06,10,1.00E+06,0,1.00E+09,0,1.00E+09,0,1.00E+09,0,1.00E+09
tyr-L.tyr-L_1.Heavy,tyr-L,1,10,0,10,1,10,2,10,0,10,2,10,,,,,0,100,100,5.00E+06,0,1.00E+06,100,5.00E+06,10,1.00E+06,0,1.00E+09,0,1.00E+09,0,1.00E+09,0,1.00E+09
tyr-L.tyr-L_1.Light,tyr-L,1,10,0,10,1,10,2,10,0,10,2,10,,,,,0,100,100,5.00E+06,0,1.00E+06,100,5.00E+06,10,1.00E+06,0,1.00E+09,0,1.00E+09,0,1.00E+09,0,1.00E+09
tyr-L.tyr-L_2.Light,tyr-L,1,10,0,10,1,10,2,10,0,10,2,10,,,,,0,100,100,5.00E+06,0,1.00E+06,100,5.00E+06,10,1.00E+06,0,1.00E+09,0,1.00E+09,0,1.00E+09,0,1.00E+09
xan.xan_1.Heavy,xan,1,10,0,10,1,10,2,10,0,10,2,10,,,,,0,100,100,5.00E+06,0,1.00E+06,100,5.00E+06,10,1.00E+06,0,1.00E+09,0,1.00E+09,0,1.00E+09,0,1.00E+09
xan.xan_1.Light,xan,1,10,0,10,1,10,2,10,0,10,2,10,,,,,0,100,100,5.00E+06,0,1.00E+06,100,5.00E+06,10,1.00E+06,0,1.00E+09,0,1.00E+09,0,1.00E+09,0,1.00E+09
ins.ins_1.Heavy,ins,1,10,0,10,1,10,2,10,0,10,2,10,,,,,0,100,100,5.00E+06,0,1.00E+06,100,5.00E+06,10,1.00E+06,0,1.00E+09,0,1.00E+09,0,1.00E+09,0,1.00E+09
ins.ins_1.Light,ins,1,10,0,10,1,10,2,10,0,10,2,10,,,,,0,100,100,5.00E+06,0,1.00E+06,100,5.00E+06,10,1.00E+06,0,1.00E+09,0,1.00E+09,0,1.00E+09,0,1.00E+09
ins.ins_2.Light,ins,1,10,0,10,1,10,2,10,0,10,2,10,,,,,0,100,100,5.00E+06,0,1.00E+06,100,5.00E+06,10,1.00E+06,0,1.00E+09,0,1.00E+09,0,1.00E+09,0,1.00E+09
gsn.gsn_1.Heavy,gsn,1,10,0,10,1,10,2,10,0,10,2,10,,,,,0,100,100,5.00E+06,0,1.00E+06,100,5.00E+06,10,1.00E+06,0,1.00E+09,0,1.00E+09,0,1.00E+09,0,1.00E+09
gsn.gsn_1.Light,gsn,1,10,0,10,1,10,2,10,0,10,2,10,,,,,0,100,100,5.00E+06,0,1.00E+06,100,5.00E+06,10,1.00E+06,0,1.00E+09,0,1.00E+09,0,1.00E+09,0,1.00E+09
gsn.gsn_2.Light,gsn,1,10,0,10,1,10,2,10,0,10,2,10,,,,,0,100,100,5.00E+06,0,1.00E+06,100,5.00E+06,10,1.00E+06,0,1.00E+09,0,1.00E+09,0,1.00E+09,0,1.00E+09
thym.thym_1.Heavy,thym,1,10,0,10,1,10,2,10,0,10,2,10,,,,,0,100,100,5.00E+06,0,1.00E+06,100,5.00E+06,10,1.00E+06,0,1.00E+09,0,1.00E+09,0,1.00E+09,0,1.00E+09
thym.thym_1.Light,thym,1,10,0,10,1,10,2,10,0,10,2,10,,,,,0,100,100,5.00E+06,0,1.00E+06,100,5.00E+06,10,1.00E+06,0,1.00E+09,0,1.00E+09,0,1.00E+09,0,1.00E+09
ade.ade_1.Heavy,ade,1,10,0,10,1,10,2,10,0,10,2,10,,,,,0,100,100,5.00E+06,0,1.00E+06,100,5.00E+06,10,1.00E+06,0,1.00E+09,0,1.00E+09,0,1.00E+09,0,1.00E+09
ade.ade_1.Light,ade,1,10,0,10,1,10,2,10,0,10,2,10,,,,,0,100,100,5.00E+06,0,1.00E+06,100,5.00E+06,10,1.00E+06,0,1.00E+09,0,1.00E+09,0,1.00E+09,0,1.00E+09
ade.ade_2.Light,ade,1,10,0,10,1,10,2,10,0,10,2,10,,,,,0,100,100,5.00E+06,0,1.00E+06,100,5.00E+06,10,1.00E+06,0,1.00E+09,0,1.00E+09,0,1.00E+09,0,1.00E+09
gam6p.gam6p_1.Heavy,gam6p,1,10,0,10,1,10,2,10,0,10,2,10,,,,,0,100,100,5.00E+06,0,1.00E+06,100,5.00E+06,10,1.00E+06,0,1.00E+09,0,1.00E+09,0,1.00E+09,0,1.00E+09
gam6p.gam6p_1.Light,gam6p,1,10,0,10,1,10,2,10,0,10,2,10,,,,,0,100,100,5.00E+06,0,1.00E+06,100,5.00E+06,10,1.00E+06,0,1.00E+09,0,1.00E+09,0,1.00E+09,0,1.00E+09
gam6p.gam6p_2.Light,gam6p,1,10,0,10,1,10,2,10,0,10,2,10,,,,,0,100,100,5.00E+06,0,1.00E+06,100,5.00E+06,10,1.00E+06,0,1.00E+09,0,1.00E+09,0,1.00E+09,0,1.00E+09
adn.adn_1.Heavy,adn,1,10,0,10,1,10,2,10,0,10,2,10,,,,,0,100,100,5.00E+06,0,1.00E+06,100,5.00E+06,10,1.00E+06,0,1.00E+09,0,1.00E+09,0,1.00E+09,0,1.00E+09
adn.adn_1.Light,adn,1,10,0,10,1,10,2,10,0,10,2,10,,,,,0,100,100,5.00E+06,0,1.00E+06,100,5.00E+06,10,1.00E+06,0,1.00E+09,0,1.00E+09,0,1.00E+09,0,1.00E+09
phe-L.phe-L_1.Heavy,phe-L,1,10,0,10,1,10,2,10,0,10,2,10,,,,,0,100,100,5.00E+06,0,1.00E+06,100,5.00E+06,10,1.00E+06,0,1.00E+09,0,1.00E+09,0,1.00E+09,0,1.00E+09
phe-L.phe-L_1.Light,phe-L,1,10,0,10,1,10,2,10,0,10,2,10,,,,,0,100,100,5.00E+06,0,1.00E+06,100,5.00E+06,10,1.00E+06,0,1.00E+09,0,1.00E+09,0,1.00E+09,0,1.00E+09
phe-L.phe-L_2.Light,phe-L,1,10,0,10,1,10,2,10,0,10,2,10,,,,,0,100,100,5.00E+06,0,1.00E+06,100,5.00E+06,10,1.00E+06,0,1.00E+09,0,1.00E+09,0,1.00E+09,0,1.00E+09
asp-L.asp-L_1.Heavy,asp-L,1,10,0,10,1,10,2,10,0,10,2,10,,,,,0,100,100,5.00E+06,0,1.00E+06,100,5.00E+06,10,1.00E+06,0,1.00E+09,0,1.00E+09,0,1.00E+09,0,1.00E+09
asp-L.asp-L_1.Light,asp-L,1,10,0,10,1,10,2,10,0,10,2,10,,,,,0,100,100,5.00E+06,0,1.00E+06,100,5.00E+06,10,1.00E+06,0,1.00E+09,0,1.00E+09,0,1.00E+09,0,1.00E+09
asp-L.asp-L_2.Light,asp-L,1,10,0,10,1,10,2,10,0,10,2,10,,,,,0,100,100,5.00E+06,0,1.00E+06,100,5.00E+06,10,1.00E+06,0,1.00E+09,0,1.00E+09,0,1.00E+09,0,1.00E+09
glu-L.glu-L_1.Heavy,glu-L,1,10,0,10,1,10,2,10,0,10,2,10,,,,,0,100,100,5.00E+06,0,1.00E+06,100,5.00E+06,10,1.00E+06,0,1.00E+09,0,1.00E+09,0,1.00E+09,0,1.00E+09
glu-L.glu-L_1.Light,glu-L,1,10,0,10,1,10,2,10,0,10,2,10,,,,,0,100,100,5.00E+06,0,1.00E+06,100,5.00E+06,10,1.00E+06,0,1.00E+09,0,1.00E+09,0,1.00E+09,0,1.00E+09
glu-L.glu-L_2.Light,glu-L,1,10,0,10,1,10,2,10,0,10,2,10,,,,,0,100,100,5.00E+06,0,1.00E+06,100,5.00E+06,10,1.00E+06,0,1.00E+09,0,1.00E+09,0,1.00E+09,0,1.00E+09
skm.skm_1.Heavy,skm,1,10,0,10,1,10,2,10,0,10,2,10,,,,,0,100,100,5.00E+06,0,1.00E+06,100,5.00E+06,10,1.00E+06,0,1.00E+09,0,1.00E+09,0,1.00E+09,0,1.00E+09
skm.skm_1.Light,skm,1,10,0,10,1,10,2,10,0,10,2,10,,,,,0,100,100,5.00E+06,0,1.00E+06,100,5.00E+06,10,1.00E+06,0,1.00E+09,0,1.00E+09,0,1.00E+09,0,1.00E+09
skm.skm_2.Light,skm,1,10,0,10,1,10,2,10,0,10,2,10,,,,,0,100,100,5.00E+06,0,1.00E+06,100,5.00E+06,10,1.00E+06,0,1.00E+09,0,1.00E+09,0,1.00E+09,0,1.00E+09
glx.glx_1.Heavy,glx,1,10,0,10,1,10,2,10,0,10,2,10,,,,,0,100,100,5.00E+06,0,1.00E+06,100,5.00E+06,10,1.00E+06,0,1.00E+09,0,1.00E+09,0,1.00E+09,0,1.00E+09
glx.glx_1.Light,glx,1,10,0,10,1,10,2,10,0,10,2,10,,,,,0,100,100,5.00E+06,0,1.00E+06,100,5.00E+06,10,1.00E+06,0,1.00E+09,0,1.00E+09,0,1.00E+09,0,1.00E+09
glyclt.glyclt_1.Heavy,glyclt,1,10,0,10,1,10,2,10,0,10,2,10,,,,,0,100,100,5.00E+06,0,1.00E+06,100,5.00E+06,10,1.00E+06,0,1.00E+09,0,1.00E+09,0,1.00E+09,0,1.00E+09
glyclt.glyclt_1.Light,glyclt,1,10,0,10,1,10,2,10,0,10,2,10,,,,,0,100,100,5.00E+06,0,1.00E+06,100,5.00E+06,10,1.00E+06,0,1.00E+09,0,1.00E+09,0,1.00E+09,0,1.00E+09
glyclt.glyclt_2.Light,glyclt,1,10,0,10,1,10,2,10,0,10,2,10,,,,,0,100,100,5.00E+06,0,1.00E+06,100,5.00E+06,10,1.00E+06,0,1.00E+09,0,1.00E+09,0,1.00E+09,0,1.00E+09
trp-L.trp-L_1.Heavy,trp-L,1,10,0,10,1,10,2,10,0,10,2,10,,,,,0,100,100,5.00E+06,0,1.00E+06,100,5.00E+06,10,1.00E+06,0,1.00E+09,0,1.00E+09,0,1.00E+09,0,1.00E+09
trp-L.trp-L_1.Light,trp-L,1,10,0,10,1,10,2,10,0,10,2,10,,,,,0,100,100,5.00E+06,0,1.00E+06,100,5.00E+06,10,1.00E+06,0,1.00E+09,0,1.00E+09,0,1.00E+09,0,1.00E+09
trp-L.trp-L_2.Light,trp-L,1,10,0,10,1,10,2,10,0,10,2,10,,,,,0,100,100,5.00E+06,0,1.00E+06,100,5.00E+06,10,1.00E+06,0,1.00E+09,0,1.00E+09,0,1.00E+09,0,1.00E+09
5oxpro.5oxpro_1.Heavy,5oxpro,1,10,0,10,1,10,2,10,0,10,2,10,,,,,0,100,100,5.00E+06,0,1.00E+06,100,5.00E+06,10,1.00E+06,0,1.00E+09,0,1.00E+09,0,1.00E+09,0,1.00E+09
5oxpro.5oxpro_1.Light,5oxpro,1,10,0,10,1,10,2,10,0,10,2,10,,,,,0,100,100,5.00E+06,0,1.00E+06,100,5.00E+06,10,1.00E+06,0,1.00E+09,0,1.00E+09,0,1.00E+09,0,1.00E+09
5oxpro.5oxpro_2.Light,5oxpro,1,10,0,10,1,10,2,10,0,10,2,10,,,,,0,100,100,5.00E+06,0,1.00E+06,100,5.00E+06,10,1.00E+06,0,1.00E+09,0,1.00E+09,0,1.00E+09,0,1.00E+09
lac-L.lac-L_1.Heavy,lac-L,1,10,0,10,1,10,2,10,0,10,2,10,,,,,0,100,100,5.00E+06,0,1.00E+06,100,5.00E+06,10,1.00E+06,0,1.00E+09,0,1.00E+09,0,1.00E+09,0,1.00E+09
lac-L.lac-L_1.Light,lac-L,1,10,0,10,1,10,2,10,0,10,2,10,,,,,0,100,100,5.00E+06,0,1.00E+06,100,5.00E+06,10,1.00E+06,0,1.00E+09,0,1.00E+09,0,1.00E+09,0,1.00E+09
lac-L.lac-L_2.Light,lac-L,1,10,0,10,1,10,2,10,0,10,2,10,,,,,0,100,100,5.00E+06,0,1.00E+06,100,5.00E+06,10,1.00E+06,0,1.00E+09,0,1.00E+09,0,1.00E+09,0,1.00E+09
urate.urate_1.Heavy,urate,1,10,0,10,1,10,2,10,0,10,2,10,,,,,0,100,100,5.00E+06,0,1.00E+06,100,5.00E+06,10,1.00E+06,0,1.00E+09,0,1.00E+09,0,1.00E+09,0,1.00E+09
urate.urate_1.Light,urate,1,10,0,10,1,10,2,10,0,10,2,10,,,,,0,100,100,5.00E+06,0,1.00E+06,100,5.00E+06,10,1.00E+06,0,1.00E+09,0,1.00E+09,0,1.00E+09,0,1.00E+09
urate.urate_2.Light,urate,1,10,0,10,1,10,2,10,0,10,2,10,,,,,0,100,100,5.00E+06,0,1.00E+06,100,5.00E+06,10,1.00E+06,0,1.00E+09,0,1.00E+09,0,1.00E+09,0,1.00E+09
gthrd.gthrd_1.Heavy,gthrd,1,10,0,10,1,10,2,10,0,10,2,10,,,,,0,100,100,5.00E+06,0,1.00E+06,100,5.00E+06,10,1.00E+06,0,1.00E+09,0,1.00E+09,0,1.00E+09,0,1.00E+09
gthrd.gthrd_1.Light,gthrd,1,10,0,10,1,10,2,10,0,10,2,10,,,,,0,100,100,5.00E+06,0,1.00E+06,100,5.00E+06,10,1.00E+06,0,1.00E+09,0,1.00E+09,0,1.00E+09,0,1.00E+09
gthrd.gthrd_2.Light,gthrd,1,10,0,10,1,10,2,10,0,10,2,10,,,,,0,100,100,5.00E+06,0,1.00E+06,100,5.00E+06,10,1.00E+06,0,1.00E+09,0,1.00E+09,0,1.00E+09,0,1.00E+09
nad.nad_1.Heavy,nad,1,10,0,10,1,10,2,10,0,10,2,10,,,,,0,100,100,5.00E+06,0,1.00E+06,100,5.00E+06,10,1.00E+06,0,1.00E+09,0,1.00E+09,0,1.00E+09,0,1.00E+09
nad.nad_1.Light,nad,1,10,0,10,1,10,2,10,0,10,2,10,,,,,0,100,100,5.00E+06,0,1.00E+06,100,5.00E+06,10,1.00E+06,0,1.00E+09,0,1.00E+09,0,1.00E+09,0,1.00E+09
nad.nad_2.Light,nad,1,10,0,10,1,10,2,10,0,10,2,10,,,,,0,100,100,5.00E+06,0,1.00E+06,100,5.00E+06,10,1.00E+06,0,1.00E+09,0,1.00E+09,0,1.00E+09,0,1.00E+09
pyr.pyr_1.Heavy,pyr,1,10,0,10,1,10,2,10,0,10,2,10,,,,,0,100,100,5.00E+06,0,1.00E+06,100,5.00E+06,10,1.00E+06,0,1.00E+09,0,1.00E+09,0,1.00E+09,0,1.00E+09
pyr.pyr_1.Light,pyr,1,10,0,10,1,10,2,10,0,10,2,10,,,,,0,100,100,5.00E+06,0,1.00E+06,100,5.00E+06,10,1.00E+06,0,1.00E+09,0,1.00E+09,0,1.00E+09,0,1.00E+09
pyr.pyr_2.Light,pyr,1,10,0,10,1,10,2,10,0,10,2,10,,,,,0,100,100,5.00E+06,0,1.00E+06,100,5.00E+06,10,1.00E+06,0,1.00E+09,0,1.00E+09,0,1.00E+09,0,1.00E+09
g3p.g3p_1.Heavy,g3p,1,10,0,10,1,10,2,10,0,10,2,10,,,,,0,100,100,5.00E+06,0,1.00E+06,100,5.00E+06,10,1.00E+06,0,1.00E+09,0,1.00E+09,0,1.00E+09,0,1.00E+09
g3p.g3p_1.Light,g3p,1,10,0,10,1,10,2,10,0,10,2,10,,,,,0,100,100,5.00E+06,0,1.00E+06,100,5.00E+06,10,1.00E+06,0,1.00E+09,0,1.00E+09,0,1.00E+09,0,1.00E+09
g3p.g3p_2.Light,g3p,1,10,0,10,1,10,2,10,0,10,2,10,,,,,0,100,100,5.00E+06,0,1.00E+06,100,5.00E+06,10,1.00E+06,0,1.00E+09,0,1.00E+09,0,1.00E+09,0,1.00E+09
g6p.g6p_1.Heavy,g6p,1,10,0,10,1,10,2,10,0,10,2,10,,,,,0,100,100,5.00E+06,0,1.00E+06,100,5.00E+06,10,1.00E+06,0,1.00E+09,0,1.00E+09,0,1.00E+09,0,1.00E+09
g6p.g6p_1.Light,g6p,1,10,0,10,1,10,2,10,0,10,2,10,,,,,0,100,100,5.00E+06,0,1.00E+06,100,5.00E+06,10,1.00E+06,0,1.00E+09,0,1.00E+09,0,1.00E+09,0,1.00E+09
g6p.g6p_2.Heavy,g6p,1,10,0,10,1,10,2,10,0,10,2,10,,,,,0,100,100,5.00E+06,0,1.00E+06,100,5.00E+06,10,1.00E+06,0,1.00E+09,0,1.00E+09,0,1.00E+09,0,1.00E+09
g6p.g6p_2.Light,g6p,1,10,0,10,1,10,2,10,0,10,2,10,,,,,0,100,100,5.00E+06,0,1.00E+06,100,5.00E+06,10,1.00E+06,0,1.00E+09,0,1.00E+09,0,1.00E+09,0,1.00E+09
r5p.r5p_1.Heavy,r5p,1,10,0,10,1,10,2,10,0,10,2,10,,,,,0,100,100,5.00E+06,0,1.00E+06,100,5.00E+06,10,1.00E+06,0,1.00E+09,0,1.00E+09,0,1.00E+09,0,1.00E+09
r5p.r5p_1.Light,r5p,1,10,0,10,1,10,2,10,0,10,2,10,,,,,0,100,100,5.00E+06,0,1.00E+06,100,5.00E+06,10,1.00E+06,0,1.00E+09,0,1.00E+09,0,1.00E+09,0,1.00E+09
r5p.r5p_2.Light,r5p,1,10,0,10,1,10,2,10,0,10,2,10,,,,,0,100,100,5.00E+06,0,1.00E+06,100,5.00E+06,10,1.00E+06,0,1.00E+09,0,1.00E+09,0,1.00E+09,0,1.00E+09
f6p.f6p_1.Heavy,f6p,1,10,0,10,1,10,2,10,0,10,2,10,,,,,0,100,100,5.00E+06,0,1.00E+06,100,5.00E+06,10,1.00E+06,0,1.00E+09,0,1.00E+09,0,1.00E+09,0,1.00E+09
f6p.f6p_1.Light,f6p,1,10,0,10,1,10,2,10,0,10,2,10,,,,,0,100,100,5.00E+06,0,1.00E+06,100,5.00E+06,10,1.00E+06,0,1.00E+09,0,1.00E+09,0,1.00E+09,0,1.00E+09
f6p.f6p_2.Light,f6p,1,10,0,10,1,10,2,10,0,10,2,10,,,,,0,100,100,5.00E+06,0,1.00E+06,100,5.00E+06,10,1.00E+06,0,1.00E+09,0,1.00E+09,0,1.00E+09,0,1.00E+09
s7p.s7p_1.Heavy,s7p,1,10,0,10,1,10,2,10,0,10,2,10,,,,,0,100,100,5.00E+06,0,1.00E+06,100,5.00E+06,10,1.00E+06,0,1.00E+09,0,1.00E+09,0,1.00E+09,0,1.00E+09
s7p.s7p_1.Light,s7p,1,10,0,10,1,10,2,10,0,10,2,10,,,,,0,100,100,5.00E+06,0,1.00E+06,100,5.00E+06,10,1.00E+06,0,1.00E+09,0,1.00E+09,0,1.00E+09,0,1.00E+09
s7p.s7p_2.Light,s7p,1,10,0,10,1,10,2,10,0,10,2,10,,,,,0,100,100,5.00E+06,0,1.00E+06,100,5.00E+06,10,1.00E+06,0,1.00E+09,0,1.00E+09,0,1.00E+09,0,1.00E+09
glyc3p.glyc3p_1.Heavy,glyc3p,1,10,0,10,1,10,2,10,0,10,2,10,,,,,0,100,100,5.00E+06,0,1.00E+06,100,5.00E+06,10,1.00E+06,0,1.00E+09,0,1.00E+09,0,1.00E+09,0,1.00E+09
glyc3p.glyc3p_1.Light,glyc3p,1,10,0,10,1,10,2,10,0,10,2,10,,,,,0,100,100,5.00E+06,0,1.00E+06,100,5.00E+06,10,1.00E+06,0,1.00E+09,0,1.00E+09,0,1.00E+09,0,1.00E+09
glyc3p.glyc3p_2.Light,glyc3p,1,10,0,10,1,10,2,10,0,10,2,10,,,,,0,100,100,5.00E+06,0,1.00E+06,100,5.00E+06,10,1.00E+06,0,1.00E+09,0,1.00E+09,0,1.00E+09,0,1.00E+09
g1p.g1p_1.Heavy,g1p,1,10,0,10,1,10,2,10,0,10,2,10,,,,,0,100,100,5.00E+06,0,1.00E+06,100,5.00E+06,10,1.00E+06,0,1.00E+09,0,1.00E+09,0,1.00E+09,0,1.00E+09
g1p.g1p_1.Light,g1p,1,10,0,10,1,10,2,10,0,10,2,10,,,,,0,100,100,5.00E+06,0,1.00E+06,100,5.00E+06,10,1.00E+06,0,1.00E+09,0,1.00E+09,0,1.00E+09,0,1.00E+09
g1p.g1p_2.Light,g1p,1,10,0,10,1,10,2,10,0,10,2,10,,,,,0,100,100,5.00E+06,0,1.00E+06,100,5.00E+06,10,1.00E+06,0,1.00E+09,0,1.00E+09,0,1.00E+09,0,1.00E+09
ru5p-D.ru5p-D_1.Heavy,ru5p-D,1,10,0,10,1,10,2,10,0,10,2,10,,,,,0,100,100,5.00E+06,0,1.00E+06,100,5.00E+06,10,1.00E+06,0,1.00E+09,0,1.00E+09,0,1.00E+09,0,1.00E+09
ru5p-D.ru5p-D_1.Light,ru5p-D,1,10,0,10,1,10,2,10,0,10,2,10,,,,,0,100,100,5.00E+06,0,1.00E+06,100,5.00E+06,10,1.00E+06,0,1.00E+09,0,1.00E+09,0,1.00E+09,0,1.00E+09
ru5p-D.ru5p-D_2.Light,ru5p-D,1,10,0,10,1,10,2,10,0,10,2,10,,,,,0,100,100,5.00E+06,0,1.00E+06,100,5.00E+06,10,1.00E+06,0,1.00E+09,0,1.00E+09,0,1.00E+09,0,1.00E+09
cmp.cmp_1.Heavy,cmp,1,10,0,10,1,10,2,10,0,10,2,10,,,,,0,100,100,5.00E+06,0,1.00E+06,100,5.00E+06,10,1.00E+06,0,1.00E+09,0,1.00E+09,0,1.00E+09,0,1.00E+09
cmp.cmp_1.Light,cmp,1,10,0,10,1,10,2,10,0,10,2,10,,,,,0,100,100,5.00E+06,0,1.00E+06,100,5.00E+06,10,1.00E+06,0,1.00E+09,0,1.00E+09,0,1.00E+09,0,1.00E+09
cmp.cmp_2.Light,cmp,1,10,0,10,1,10,2,10,0,10,2,10,,,,,0,100,100,5.00E+06,0,1.00E+06,100,5.00E+06,10,1.00E+06,0,1.00E+09,0,1.00E+09,0,1.00E+09,0,1.00E+09
2obut.2obut_1.Heavy,2obut,1,10,0,10,1,10,2,10,0,10,2,10,,,,,0,100,100,5.00E+06,0,1.00E+06,100,5.00E+06,10,1.00E+06,0,1.00E+09,0,1.00E+09,0,1.00E+09,0,1.00E+09
2obut.2obut_1.Light,2obut,1,10,0,10,1,10,2,10,0,10,2,10,,,,,0,100,100,5.00E+06,0,1.00E+06,100,5.00E+06,10,1.00E+06,0,1.00E+09,0,1.00E+09,0,1.00E+09,0,1.00E+09
2obut.2obut_2.Light,2obut,1,10,0,10,1,10,2,10,0,10,2,10,,,,,0,100,100,5.00E+06,0,1.00E+06,100,5.00E+06,10,1.00E+06,0,1.00E+09,0,1.00E+09,0,1.00E+09,0,1.00E+09
f1p.f1p_1.Heavy,f1p,1,10,0,10,1,10,2,10,0,10,2,10,,,,,0,100,100,5.00E+06,0,1.00E+06,100,5.00E+06,10,1.00E+06,0,1.00E+09,0,1.00E+09,0,1.00E+09,0,1.00E+09
f1p.f1p_1.Light,f1p,1,10,0,10,1,10,2,10,0,10,2,10,,,,,0,100,100,5.00E+06,0,1.00E+06,100,5.00E+06,10,1.00E+06,0,1.00E+09,0,1.00E+09,0,1.00E+09,0,1.00E+09
f1p.f1p_2.Light,f1p,1,10,0,10,1,10,2,10,0,10,2,10,,,,,0,100,100,5.00E+06,0,1.00E+06,100,5.00E+06,10,1.00E+06,0,1.00E+09,0,1.00E+09,0,1.00E+09,0,1.00E+09
dcmp.dcmp_1.Heavy,dcmp,1,10,0,10,1,10,2,10,0,10,2,10,,,,,0,100,100,5.00E+06,0,1.00E+06,100,5.00E+06,10,1.00E+06,0,1.00E+09,0,1.00E+09,0,1.00E+09,0,1.00E+09
dcmp.dcmp_1.Light,dcmp,1,10,0,10,1,10,2,10,0,10,2,10,,,,,0,100,100,5.00E+06,0,1.00E+06,100,5.00E+06,10,1.00E+06,0,1.00E+09,0,1.00E+09,0,1.00E+09,0,1.00E+09
dcmp.dcmp_2.Light,dcmp,1,10,0,10,1,10,2,10,0,10,2,10,,,,,0,100,100,5.00E+06,0,1.00E+06,100,5.00E+06,10,1.00E+06,0,1.00E+09,0,1.00E+09,0,1.00E+09,0,1.00E+09
ump.ump_1.Heavy,ump,1,10,0,10,1,10,2,10,0,10,2,10,,,,,0,100,100,5.00E+06,0,1.00E+06,100,5.00E+06,10,1.00E+06,0,1.00E+09,0,1.00E+09,0,1.00E+09,0,1.00E+09
ump.ump_1.Light,ump,1,10,0,10,1,10,2,10,0,10,2,10,,,,,0,100,100,5.00E+06,0,1.00E+06,100,5.00E+06,10,1.00E+06,0,1.00E+09,0,1.00E+09,0,1.00E+09,0,1.00E+09
ump.ump_2.Light,ump,1,10,0,10,1,10,2,10,0,10,2,10,,,,,0,100,100,5.00E+06,0,1.00E+06,100,5.00E+06,10,1.00E+06,0,1.00E+09,0,1.00E+09,0,1.00E+09,0,1.00E+09
dhap.dhap_1.Heavy,dhap,1,10,0,10,1,10,2,10,0,10,2,10,,,,,0,100,100,5.00E+06,0,1.00E+06,100,5.00E+06,10,1.00E+06,0,1.00E+09,0,1.00E+09,0,1.00E+09,0,1.00E+09
dhap.dhap_1.Light,dhap,1,10,0,10,1,10,2,10,0,10,2,10,,,,,0,100,100,5.00E+06,0,1.00E+06,100,5.00E+06,10,1.00E+06,0,1.00E+09,0,1.00E+09,0,1.00E+09,0,1.00E+09
dhap.dhap_2.Light,dhap,1,10,0,10,1,10,2,10,0,10,2,10,,,,,0,100,100,5.00E+06,0,1.00E+06,100,5.00E+06,10,1.00E+06,0,1.00E+09,0,1.00E+09,0,1.00E+09,0,1.00E+09
dump.dump_1.Heavy,dump,1,10,0,10,1,10,2,10,0,10,2,10,,,,,0,100,100,5.00E+06,0,1.00E+06,100,5.00E+06,10,1.00E+06,0,1.00E+09,0,1.00E+09,0,1.00E+09,0,1.00E+09
dump.dump_1.Light,dump,1,10,0,10,1,10,2,10,0,10,2,10,,,,,0,100,100,5.00E+06,0,1.00E+06,100,5.00E+06,10,1.00E+06,0,1.00E+09,0,1.00E+09,0,1.00E+09,0,1.00E+09
dump.dump_2.Light,dump,1,10,0,10,1,10,2,10,0,10,2,10,,,,,0,100,100,5.00E+06,0,1.00E+06,100,5.00E+06,10,1.00E+06,0,1.00E+09,0,1.00E+09,0,1.00E+09,0,1.00E+09
dimp.dimp_1.Heavy,dimp,1,10,0,10,1,10,2,10,0,10,2,10,,,,,0,100,100,5.00E+06,0,1.00E+06,100,5.00E+06,10,1.00E+06,0,1.00E+09,0,1.00E+09,0,1.00E+09,0,1.00E+09
dimp.dimp_1.Light,dimp,1,10,0,10,1,10,2,10,0,10,2,10,,,,,0,100,100,5.00E+06,0,1.00E+06,100,5.00E+06,10,1.00E+06,0,1.00E+09,0,1.00E+09,0,1.00E+09,0,1.00E+09
dimp.dimp_2.Light,dimp,1,10,0,10,1,10,2,10,0,10,2,10,,,,,0,100,100,5.00E+06,0,1.00E+06,100,5.00E+06,10,1.00E+06,0,1.00E+09,0,1.00E+09,0,1.00E+09,0,1.00E+09
35cgmp.35cgmp_1.Heavy,35cgmp,1,10,0,10,1,10,2,10,0,10,2,10,,,,,0,100,100,5.00E+06,0,1.00E+06,100,5.00E+06,10,1.00E+06,0,1.00E+09,0,1.00E+09,0,1.00E+09,0,1.00E+09
35cgmp.35cgmp_1.Light,35cgmp,1,10,0,10,1,10,2,10,0,10,2,10,,,,,0,100,100,5.00E+06,0,1.00E+06,100,5.00E+06,10,1.00E+06,0,1.00E+09,0,1.00E+09,0,1.00E+09,0,1.00E+09
35cgmp.35cgmp_2.Light,35cgmp,1,10,0,10,1,10,2,10,0,10,2,10,,,,,0,100,100,5.00E+06,0,1.00E+06,100,5.00E+06,10,1.00E+06,0,1.00E+09,0,1.00E+09,0,1.00E+09,0,1.00E+09
dgmp.dgmp_1.Heavy,dgmp,1,10,0,10,1,10,2,10,0,10,2,10,,,,,0,100,100,5.00E+06,0,1.00E+06,100,5.00E+06,10,1.00E+06,0,1.00E+09,0,1.00E+09,0,1.00E+09,0,1.00E+09
dgmp.dgmp_1.Light,dgmp,1,10,0,10,1,10,2,10,0,10,2,10,,,,,0,100,100,5.00E+06,0,1.00E+06,100,5.00E+06,10,1.00E+06,0,1.00E+09,0,1.00E+09,0,1.00E+09,0,1.00E+09
dgmp.dgmp_2.Light,dgmp,1,10,0,10,1,10,2,10,0,10,2,10,,,,,0,100,100,5.00E+06,0,1.00E+06,100,5.00E+06,10,1.00E+06,0,1.00E+09,0,1.00E+09,0,1.00E+09,0,1.00E+09
dtmp.dtmp_1.Heavy,dtmp,1,10,0,10,1,10,2,10,0,10,2,10,,,,,0,100,100,5.00E+06,0,1.00E+06,100,5.00E+06,10,1.00E+06,0,1.00E+09,0,1.00E+09,0,1.00E+09,0,1.00E+09
dtmp.dtmp_1.Light,dtmp,1,10,0,10,1,10,2,10,0,10,2,10,,,,,0,100,100,5.00E+06,0,1.00E+06,100,5.00E+06,10,1.00E+06,0,1.00E+09,0,1.00E+09,0,1.00E+09,0,1.00E+09
ribflv.ribflv_1.Heavy,ribflv,1,10,0,10,1,10,2,10,0,10,2,10,,,,,0,100,100,5.00E+06,0,1.00E+06,100,5.00E+06,10,1.00E+06,0,1.00E+09,0,1.00E+09,0,1.00E+09,0,1.00E+09
ribflv.ribflv_1.Light,ribflv,1,10,0,10,1,10,2,10,0,10,2,10,,,,,0,100,100,5.00E+06,0,1.00E+06,100,5.00E+06,10,1.00E+06,0,1.00E+09,0,1.00E+09,0,1.00E+09,0,1.00E+09
amp.amp_1.Heavy,amp,1,10,0,10,1,10,2,10,0,10,2,10,,,,,0,100,100,5.00E+06,0,1.00E+06,100,5.00E+06,10,1.00E+06,0,1.00E+09,0,1.00E+09,0,1.00E+09,0,1.00E+09
amp.amp_1.Light,amp,1,10,0,10,1,10,2,10,0,10,2,10,,,,,0,100,100,5.00E+06,0,1.00E+06,100,5.00E+06,10,1.00E+06,0,1.00E+09,0,1.00E+09,0,1.00E+09,0,1.00E+09
amp.amp_2.Light,amp,1,10,0,10,1,10,2,10,0,10,2,10,,,,,0,100,100,5.00E+06,0,1.00E+06,100,5.00E+06,10,1.00E+06,0,1.00E+09,0,1.00E+09,0,1.00E+09,0,1.00E+09
gmp.gmp_1.Heavy,gmp,1,10,0,10,1,10,2,10,0,10,2,10,,,,,0,100,100,5.00E+06,0,1.00E+06,100,5.00E+06,10,1.00E+06,0,1.00E+09,0,1.00E+09,0,1.00E+09,0,1.00E+09
gmp.gmp_1.Light,gmp,1,10,0,10,1,10,2,10,0,10,2,10,,,,,0,100,100,5.00E+06,0,1.00E+06,100,5.00E+06,10,1.00E+06,0,1.00E+09,0,1.00E+09,0,1.00E+09,0,1.00E+09
gmp.gmp_2.Light,gmp,1,10,0,10,1,10,2,10,0,10,2,10,,,,,0,100,100,5.00E+06,0,1.00E+06,100,5.00E+06,10,1.00E+06,0,1.00E+09,0,1.00E+09,0,1.00E+09,0,1.00E+09
imp.imp_1.Heavy,imp,1,10,0,10,1,10,2,10,0,10,2,10,,,,,0,100,100,5.00E+06,0,1.00E+06,100,5.00E+06,10,1.00E+06,0,1.00E+09,0,1.00E+09,0,1.00E+09,0,1.00E+09
imp.imp_1.Light,imp,1,10,0,10,1,10,2,10,0,10,2,10,,,,,0,100,100,5.00E+06,0,1.00E+06,100,5.00E+06,10,1.00E+06,0,1.00E+09,0,1.00E+09,0,1.00E+09,0,1.00E+09
imp.imp_2.Light,imp,1,10,0,10,1,10,2,10,0,10,2,10,,,,,0,100,100,5.00E+06,0,1.00E+06,100,5.00E+06,10,1.00E+06,0,1.00E+09,0,1.00E+09,0,1.00E+09,0,1.00E+09
camp.camp_1.Heavy,camp,1,10,0,10,1,10,2,10,0,10,2,10,,,,,0,100,100,5.00E+06,0,1.00E+06,100,5.00E+06,10,1.00E+06,0,1.00E+09,0,1.00E+09,0,1.00E+09,0,1.00E+09
camp.camp_1.Light,camp,1,10,0,10,1,10,2,10,0,10,2,10,,,,,0,100,100,5.00E+06,0,1.00E+06,100,5.00E+06,10,1.00E+06,0,1.00E+09,0,1.00E+09,0,1.00E+09,0,1.00E+09
camp.camp_2.Light,camp,1,10,0,10,1,10,2,10,0,10,2,10,,,,,0,100,100,5.00E+06,0,1.00E+06,100,5.00E+06,10,1.00E+06,0,1.00E+09,0,1.00E+09,0,1.00E+09,0,1.00E+09
gthox.gthox_1.Heavy,gthox,1,10,0,10,1,10,2,10,0,10,2,10,,,,,0,100,100,5.00E+06,0,1.00E+06,100,5.00E+06,10,1.00E+06,0,1.00E+09,0,1.00E+09,0,1.00E+09,0,1.00E+09
gthox.gthox_1.Light,gthox,1,10,0,10,1,10,2,10,0,10,2,10,,,,,0,100,100,5.00E+06,0,1.00E+06,100,5.00E+06,10,1.00E+06,0,1.00E+09,0,1.00E+09,0,1.00E+09,0,1.00E+09
gthox.gthox_2.Light,gthox,1,10,0,10,1,10,2,10,0,10,2,10,,,,,0,100,100,5.00E+06,0,1.00E+06,100,5.00E+06,10,1.00E+06,0,1.00E+09,0,1.00E+09,0,1.00E+09,0,1.00E+09
btn.btn_1.Heavy,btn,1,10,0,10,1,10,2,10,0,10,2,10,,,,,0,100,100,5.00E+06,0,1.00E+06,100,5.00E+06,10,1.00E+06,0,1.00E+09,0,1.00E+09,0,1.00E+09,0,1.00E+09
btn.btn_1.Light,btn,1,10,0,10,1,10,2,10,0,10,2,10,,,,,0,100,100,5.00E+06,0,1.00E+06,100,5.00E+06,10,1.00E+06,0,1.00E+09,0,1.00E+09,0,1.00E+09,0,1.00E+09
btn.btn_2.Light,btn,1,10,0,10,1,10,2,10,0,10,2,10,,,,,0,100,100,5.00E+06,0,1.00E+06,100,5.00E+06,10,1.00E+06,0,1.00E+09,0,1.00E+09,0,1.00E+09,0,1.00E+09
mmal.mmal_1.Heavy,mmal,1,10,0,10,1,10,2,10,0,10,2,10,,,,,0,100,100,5.00E+06,0,1.00E+06,100,5.00E+06,10,1.00E+06,0,1.00E+09,0,1.00E+09,0,1.00E+09,0,1.00E+09
mmal.mmal_1.Light,mmal,1,10,0,10,1,10,2,10,0,10,2,10,,,,,0,100,100,5.00E+06,0,1.00E+06,100,5.00E+06,10,1.00E+06,0,1.00E+09,0,1.00E+09,0,1.00E+09,0,1.00E+09
mmal.mmal_2.Light,mmal,1,10,0,10,1,10,2,10,0,10,2,10,,,,,0,100,100,5.00E+06,0,1.00E+06,100,5.00E+06,10,1.00E+06,0,1.00E+09,0,1.00E+09,0,1.00E+09,0,1.00E+09
succ.succ_1.Heavy,succ,1,10,0,10,1,10,2,10,0,10,2,10,,,,,0,100,100,5.00E+06,0,1.00E+06,100,5.00E+06,10,1.00E+06,0,1.00E+09,0,1.00E+09,0,1.00E+09,0,1.00E+09
succ.succ_1.Light,succ,1,10,0,10,1,10,2,10,0,10,2,10,,,,,0,100,100,5.00E+06,0,1.00E+06,100,5.00E+06,10,1.00E+06,0,1.00E+09,0,1.00E+09,0,1.00E+09,0,1.00E+09
succ.succ_2.Light,succ,1,10,0,10,1,10,2,10,0,10,2,10,,,,,0,100,100,5.00E+06,0,1.00E+06,100,5.00E+06,10,1.00E+06,0,1.00E+09,0,1.00E+09,0,1.00E+09,0,1.00E+09
mal-L.mal-L_1.Heavy,mal-L,1,10,0,10,1,10,2,10,0,10,2,10,,,,,0,100,100,5.00E+06,0,1.00E+06,100,5.00E+06,10,1.00E+06,0,1.00E+09,0,1.00E+09,0,1.00E+09,0,1.00E+09
mal-L.mal-L_1.Light,mal-L,1,10,0,10,1,10,2,10,0,10,2,10,,,,,0,100,100,5.00E+06,0,1.00E+06,100,5.00E+06,10,1.00E+06,0,1.00E+09,0,1.00E+09,0,1.00E+09,0,1.00E+09
glutacon.glutacon_1.Heavy,glutacon,1,10,0,10,1,10,2,10,0,10,2,10,,,,,0,100,100,5.00E+06,0,1.00E+06,100,5.00E+06,10,1.00E+06,0,1.00E+09,0,1.00E+09,0,1.00E+09,0,1.00E+09
glutacon.glutacon_1.Light,glutacon,1,10,0,10,1,10,2,10,0,10,2,10,,,,,0,100,100,5.00E+06,0,1.00E+06,100,5.00E+06,10,1.00E+06,0,1.00E+09,0,1.00E+09,0,1.00E+09,0,1.00E+09
fum.fum_1.Heavy,fum,1,10,0,10,1,10,2,10,0,10,2,10,,,,,0,100,100,5.00E+06,0,1.00E+06,100,5.00E+06,10,1.00E+06,0,1.00E+09,0,1.00E+09,0,1.00E+09,0,1.00E+09
fum.fum_1.Light,fum,1,10,0,10,1,10,2,10,0,10,2,10,,,,,0,100,100,5.00E+06,0,1.00E+06,100,5.00E+06,10,1.00E+06,0,1.00E+09,0,1.00E+09,0,1.00E+09,0,1.00E+09
udpg.udpg_1.Heavy,udpg,1,10,0,10,1,10,2,10,0,10,2,10,,,,,0,100,100,5.00E+06,0,1.00E+06,100,5.00E+06,10,1.00E+06,0,1.00E+09,0,1.00E+09,0,1.00E+09,0,1.00E+09
udpg.udpg_1.Light,udpg,1,10,0,10,1,10,2,10,0,10,2,10,,,,,0,100,100,5.00E+06,0,1.00E+06,100,5.00E+06,10,1.00E+06,0,1.00E+09,0,1.00E+09,0,1.00E+09,0,1.00E+09
udpg.udpg_2.Light,udpg,1,10,0,10,1,10,2,10,0,10,2,10,,,,,0,100,100,5.00E+06,0,1.00E+06,100,5.00E+06,10,1.00E+06,0,1.00E+09,0,1.00E+09,0,1.00E+09,0,1.00E+09
damp.damp_1.Heavy,damp,1,10,0,10,1,10,2,10,0,10,2,10,,,,,0,100,100,5.00E+06,0,1.00E+06,100,5.00E+06,10,1.00E+06,0,1.00E+09,0,1.00E+09,0,1.00E+09,0,1.00E+09
damp.damp_1.Light,damp,1,10,0,10,1,10,2,10,0,10,2,10,,,,,0,100,100,5.00E+06,0,1.00E+06,100,5.00E+06,10,1.00E+06,0,1.00E+09,0,1.00E+09,0,1.00E+09,0,1.00E+09
damp.damp_2.Light,damp,1,10,0,10,1,10,2,10,0,10,2,10,,,,,0,100,100,5.00E+06,0,1.00E+06,100,5.00E+06,10,1.00E+06,0,1.00E+09,0,1.00E+09,0,1.00E+09,0,1.00E+09
oxa.oxa_1.Heavy,oxa,1,10,0,10,1,10,2,10,0,10,2,10,,,,,0,100,100,5.00E+06,0,1.00E+06,100,5.00E+06,10,1.00E+06,0,1.00E+09,0,1.00E+09,0,1.00E+09,0,1.00E+09
oxa.oxa_1.Light,oxa,1,10,0,10,1,10,2,10,0,10,2,10,,,,,0,100,100,5.00E+06,0,1.00E+06,100,5.00E+06,10,1.00E+06,0,1.00E+09,0,1.00E+09,0,1.00E+09,0,1.00E+09
oxa.oxa_2.Light,oxa,1,10,0,10,1,10,2,10,0,10,2,10,,,,,0,100,100,5.00E+06,0,1.00E+06,100,5.00E+06,10,1.00E+06,0,1.00E+09,0,1.00E+09,0,1.00E+09,0,1.00E+09
actp.actp_1.Heavy,actp,1,10,0,10,1,10,2,10,0,10,2,10,,,,,0,100,100,5.00E+06,0,1.00E+06,100,5.00E+06,10,1.00E+06,0,1.00E+09,0,1.00E+09,0,1.00E+09,0,1.00E+09
actp.actp_1.Light,actp,1,10,0,10,1,10,2,10,0,10,2,10,,,,,0,100,100,5.00E+06,0,1.00E+06,100,5.00E+06,10,1.00E+06,0,1.00E+09,0,1.00E+09,0,1.00E+09,0,1.00E+09
actp.actp_2.Light,actp,1,10,0,10,1,10,2,10,0,10,2,10,,,,,0,100,100,5.00E+06,0,1.00E+06,100,5.00E+06,10,1.00E+06,0,1.00E+09,0,1.00E+09,0,1.00E+09,0,1.00E+09
akg.akg_1.Heavy,akg,1,10,0,10,1,10,2,10,0,10,2,10,,,,,0,100,100,5.00E+06,0,1.00E+06,100,5.00E+06,10,1.00E+06,0,1.00E+09,0,1.00E+09,0,1.00E+09,0,1.00E+09
akg.akg_1.Light,akg,1,10,0,10,1,10,2,10,0,10,2,10,,,,,0,100,100,5.00E+06,0,1.00E+06,100,5.00E+06,10,1.00E+06,0,1.00E+09,0,1.00E+09,0,1.00E+09,0,1.00E+09
oaa.oaa_1.Heavy,oaa,1,10,0,10,1,10,2,10,0,10,2,10,,,,,0,100,100,5.00E+06,0,1.00E+06,100,5.00E+06,10,1.00E+06,0,1.00E+09,0,1.00E+09,0,1.00E+09,0,1.00E+09
oaa.oaa_1.Light,oaa,1,10,0,10,1,10,2,10,0,10,2,10,,,,,0,100,100,5.00E+06,0,1.00E+06,100,5.00E+06,10,1.00E+06,0,1.00E+09,0,1.00E+09,0,1.00E+09,0,1.00E+09
dtdpglu.dtdpglu_1.Heavy,dtdpglu,1,10,0,10,1,10,2,10,0,10,2,10,,,,,0,100,100,5.00E+06,0,1.00E+06,100,5.00E+06,10,1.00E+06,0,1.00E+09,0,1.00E+09,0,1.00E+09,0,1.00E+09
dtdpglu.dtdpglu_1.Light,dtdpglu,1,10,0,10,1,10,2,10,0,10,2,10,,,,,0,100,100,5.00E+06,0,1.00E+06,100,5.00E+06,10,1.00E+06,0,1.00E+09,0,1.00E+09,0,1.00E+09,0,1.00E+09
dtdpglu.dtdpglu_2.Light,dtdpglu,1,10,0,10,1,10,2,10,0,10,2,10,,,,,0,100,100,5.00E+06,0,1.00E+06,100,5.00E+06,10,1.00E+06,0,1.00E+09,0,1.00E+09,0,1.00E+09,0,1.00E+09
nadh.nadh_1.Heavy,nadh,1,10,0,10,1,10,2,10,0,10,2,10,,,,,0,100,100,5.00E+06,0,1.00E+06,100,5.00E+06,10,1.00E+06,0,1.00E+09,0,1.00E+09,0,1.00E+09,0,1.00E+09
nadh.nadh_1.Light,nadh,1,10,0,10,1,10,2,10,0,10,2,10,,,,,0,100,100,5.00E+06,0,1.00E+06,100,5.00E+06,10,1.00E+06,0,1.00E+09,0,1.00E+09,0,1.00E+09,0,1.00E+09
nadh.nadh_2.Light,nadh,1,10,0,10,1,10,2,10,0,10,2,10,,,,,0,100,100,5.00E+06,0,1.00E+06,100,5.00E+06,10,1.00E+06,0,1.00E+09,0,1.00E+09,0,1.00E+09,0,1.00E+09
adpglc.adpglc_1.Heavy,adpglc,1,10,0,10,1,10,2,10,0,10,2,10,,,,,0,100,100,5.00E+06,0,1.00E+06,100,5.00E+06,10,1.00E+06,0,1.00E+09,0,1.00E+09,0,1.00E+09,0,1.00E+09
adpglc.adpglc_1.Light,adpglc,1,10,0,10,1,10,2,10,0,10,2,10,,,,,0,100,100,5.00E+06,0,1.00E+06,100,5.00E+06,10,1.00E+06,0,1.00E+09,0,1.00E+09,0,1.00E+09,0,1.00E+09
adpglc.adpglc_2.Light,adpglc,1,10,0,10,1,10,2,10,0,10,2,10,,,,,0,100,100,5.00E+06,0,1.00E+06,100,5.00E+06,10,1.00E+06,0,1.00E+09,0,1.00E+09,0,1.00E+09,0,1.00E+09
chor.chor_1.Heavy,chor,1,10,0,10,1,10,2,10,0,10,2,10,,,,,0,100,100,5.00E+06,0,1.00E+06,100,5.00E+06,10,1.00E+06,0,1.00E+09,0,1.00E+09,0,1.00E+09,0,1.00E+09
chor.chor_1.Light,chor,1,10,0,10,1,10,2,10,0,10,2,10,,,,,0,100,100,5.00E+06,0,1.00E+06,100,5.00E+06,10,1.00E+06,0,1.00E+09,0,1.00E+09,0,1.00E+09,0,1.00E+09
fol.fol_1.Heavy,fol,1,10,0,10,1,10,2,10,0,10,2,10,,,,,0,100,100,5.00E+06,0,1.00E+06,100,5.00E+06,10,1.00E+06,0,1.00E+09,0,1.00E+09,0,1.00E+09,0,1.00E+09
fol.fol_1.Light,fol,1,10,0,10,1,10,2,10,0,10,2,10,,,,,0,100,100,5.00E+06,0,1.00E+06,100,5.00E+06,10,1.00E+06,0,1.00E+09,0,1.00E+09,0,1.00E+09,0,1.00E+09
fol.fol_2.Light,fol,1,10,0,10,1,10,2,10,0,10,2,10,,,,,0,100,100,5.00E+06,0,1.00E+06,100,5.00E+06,10,1.00E+06,0,1.00E+09,0,1.00E+09,0,1.00E+09,0,1.00E+09
dgdp.dgdp_1.Heavy,dgdp,1,10,0,10,1,10,2,10,0,10,2,10,,,,,0,100,100,5.00E+06,0,1.00E+06,100,5.00E+06,10,1.00E+06,0,1.00E+09,0,1.00E+09,0,1.00E+09,0,1.00E+09
dgdp.dgdp_1.Light,dgdp,1,10,0,10,1,10,2,10,0,10,2,10,,,,,0,100,100,5.00E+06,0,1.00E+06,100,5.00E+06,10,1.00E+06,0,1.00E+09,0,1.00E+09,0,1.00E+09,0,1.00E+09
dgdp.dgdp_2.Light,dgdp,1,10,0,10,1,10,2,10,0,10,2,10,,,,,0,100,100,5.00E+06,0,1.00E+06,100,5.00E+06,10,1.00E+06,0,1.00E+09,0,1.00E+09,0,1.00E+09,0,1.00E+09
gdp.gdp_1.Heavy,gdp,1,10,0,10,1,10,2,10,0,10,2,10,,,,,0,100,100,5.00E+06,0,1.00E+06,100,5.00E+06,10,1.00E+06,0,1.00E+09,0,1.00E+09,0,1.00E+09,0,1.00E+09
gdp.gdp_1.Light,gdp,1,10,0,10,1,10,2,10,0,10,2,10,,,,,0,100,100,5.00E+06,0,1.00E+06,100,5.00E+06,10,1.00E+06,0,1.00E+09,0,1.00E+09,0,1.00E+09,0,1.00E+09
gdp.gdp_2.Light,gdp,1,10,0,10,1,10,2,10,0,10,2,10,,,,,0,100,100,5.00E+06,0,1.00E+06,100,5.00E+06,10,1.00E+06,0,1.00E+09,0,1.00E+09,0,1.00E+09,0,1.00E+09
6pgc.6pgc_1.Heavy,6pgc,1,10,0,10,1,10,2,10,0,10,2,10,,,,,0,100,100,5.00E+06,0,1.00E+06,100,5.00E+06,10,1.00E+06,0,1.00E+09,0,1.00E+09,0,1.00E+09,0,1.00E+09
6pgc.6pgc_1.Light,6pgc,1,10,0,10,1,10,2,10,0,10,2,10,,,,,0,100,100,5.00E+06,0,1.00E+06,100,5.00E+06,10,1.00E+06,0,1.00E+09,0,1.00E+09,0,1.00E+09,0,1.00E+09
Pool_2pg_3pg.Pool_2pg_3pg_1.Heavy,Pool_2pg_3pg,1,10,0,10,1,10,2,10,0,10,2,10,,,,,0,100,100,5.00E+06,0,1.00E+06,100,5.00E+06,10,1.00E+06,0,1.00E+09,0,1.00E+09,0,1.00E+09,0,1.00E+09
Pool_2pg_3pg.Pool_2pg_3pg_1.Light,Pool_2pg_3pg,1,10,0,10,1,10,2,10,0,10,2,10,,,,,0,100,100,5.00E+06,0,1.00E+06,100,5.00E+06,10,1.00E+06,0,1.00E+09,0,1.00E+09,0,1.00E+09,0,1.00E+09
Pool_2pg_3pg.Pool_2pg_3pg_2.Light,Pool_2pg_3pg,1,10,0,10,1,10,2,10,0,10,2,10,,,,,0,100,100,5.00E+06,0,1.00E+06,100,5.00E+06,10,1.00E+06,0,1.00E+09,0,1.00E+09,0,1.00E+09,0,1.00E+09
dcdp.dcdp_1.Heavy,dcdp,1,10,0,10,1,10,2,10,0,10,2,10,,,,,0,100,100,5.00E+06,0,1.00E+06,100,5.00E+06,10,1.00E+06,0,1.00E+09,0,1.00E+09,0,1.00E+09,0,1.00E+09
dcdp.dcdp_1.Light,dcdp,1,10,0,10,1,10,2,10,0,10,2,10,,,,,0,100,100,5.00E+06,0,1.00E+06,100,5.00E+06,10,1.00E+06,0,1.00E+09,0,1.00E+09,0,1.00E+09,0,1.00E+09
dcdp.dcdp_2.Light,dcdp,1,10,0,10,1,10,2,10,0,10,2,10,,,,,0,100,100,5.00E+06,0,1.00E+06,100,5.00E+06,10,1.00E+06,0,1.00E+09,0,1.00E+09,0,1.00E+09,0,1.00E+09
adp.adp_1.Heavy,adp,1,10,0,10,1,10,2,10,0,10,2,10,,,,,0,100,100,5.00E+06,0,1.00E+06,100,5.00E+06,10,1.00E+06,0,1.00E+09,0,1.00E+09,0,1.00E+09,0,1.00E+09
adp.adp_1.Light,adp,1,10,0,10,1,10,2,10,0,10,2,10,,,,,0,100,100,5.00E+06,0,1.00E+06,100,5.00E+06,10,1.00E+06,0,1.00E+09,0,1.00E+09,0,1.00E+09,0,1.00E+09
adp.adp_2.Light,adp,1,10,0,10,1,10,2,10,0,10,2,10,,,,,0,100,100,5.00E+06,0,1.00E+06,100,5.00E+06,10,1.00E+06,0,1.00E+09,0,1.00E+09,0,1.00E+09,0,1.00E+09
2mcit.2mcit_1.Heavy,2mcit,1,10,0,10,1,10,2,10,0,10,2,10,,,,,0,100,100,5.00E+06,0,1.00E+06,100,5.00E+06,10,1.00E+06,0,1.00E+09,0,1.00E+09,0,1.00E+09,0,1.00E+09
2mcit.2mcit_1.Light,2mcit,1,10,0,10,1,10,2,10,0,10,2,10,,,,,0,100,100,5.00E+06,0,1.00E+06,100,5.00E+06,10,1.00E+06,0,1.00E+09,0,1.00E+09,0,1.00E+09,0,1.00E+09
2mcit.2mcit_2.Light,2mcit,1,10,0,10,1,10,2,10,0,10,2,10,,,,,0,100,100,5.00E+06,0,1.00E+06,100,5.00E+06,10,1.00E+06,0,1.00E+09,0,1.00E+09,0,1.00E+09,0,1.00E+09
udp.udp_1.Heavy,udp,1,10,0,10,1,10,2,10,0,10,2,10,,,,,0,100,100,5.00E+06,0,1.00E+06,100,5.00E+06,10,1.00E+06,0,1.00E+09,0,1.00E+09,0,1.00E+09,0,1.00E+09
udp.udp_1.Light,udp,1,10,0,10,1,10,2,10,0,10,2,10,,,,,0,100,100,5.00E+06,0,1.00E+06,100,5.00E+06,10,1.00E+06,0,1.00E+09,0,1.00E+09,0,1.00E+09,0,1.00E+09
udp.udp_2.Light,udp,1,10,0,10,1,10,2,10,0,10,2,10,,,,,0,100,100,5.00E+06,0,1.00E+06,100,5.00E+06,10,1.00E+06,0,1.00E+09,0,1.00E+09,0,1.00E+09,0,1.00E+09
acon-C.acon-C_1.Heavy,acon-C,1,10,0,10,1,10,2,10,0,10,2,10,,,,,0,100,100,5.00E+06,0,1.00E+06,100,5.00E+06,10,1.00E+06,0,1.00E+09,0,1.00E+09,0,1.00E+09,0,1.00E+09
acon-C.acon-C_1.Light,acon-C,1,10,0,10,1,10,2,10,0,10,2,10,,,,,0,100,100,5.00E+06,0,1.00E+06,100,5.00E+06,10,1.00E+06,0,1.00E+09,0,1.00E+09,0,1.00E+09,0,1.00E+09
acon-C.acon-C_2.Light,acon-C,1,10,0,10,1,10,2,10,0,10,2,10,,,,,0,100,100,5.00E+06,0,1.00E+06,100,5.00E+06,10,1.00E+06,0,1.00E+09,0,1.00E+09,0,1.00E+09,0,1.00E+09
nadp.nadp_1.Heavy,nadp,1,10,0,10,1,10,2,10,0,10,2,10,,,,,0,100,100,5.00E+06,0,1.00E+06,100,5.00E+06,10,1.00E+06,0,1.00E+09,0,1.00E+09,0,1.00E+09,0,1.00E+09
nadp.nadp_1.Light,nadp,1,10,0,10,1,10,2,10,0,10,2,10,,,,,0,100,100,5.00E+06,0,1.00E+06,100,5.00E+06,10,1.00E+06,0,1.00E+09,0,1.00E+09,0,1.00E+09,0,1.00E+09
nadp.nadp_2.Light,nadp,1,10,0,10,1,10,2,10,0,10,2,10,,,,,0,100,100,5.00E+06,0,1.00E+06,100,5.00E+06,10,1.00E+06,0,1.00E+09,0,1.00E+09,0,1.00E+09,0,1.00E+09
pep.pep_1.Heavy,pep,1,10,0,10,1,10,2,10,0,10,2,10,,,,,0,100,100,5.00E+06,0,1.00E+06,100,5.00E+06,10,1.00E+06,0,1.00E+09,0,1.00E+09,0,1.00E+09,0,1.00E+09
pep.pep_1.Light,pep,1,10,0,10,1,10,2,10,0,10,2,10,,,,,0,100,100,5.00E+06,0,1.00E+06,100,5.00E+06,10,1.00E+06,0,1.00E+09,0,1.00E+09,0,1.00E+09,0,1.00E+09
pep.pep_2.Light,pep,1,10,0,10,1,10,2,10,0,10,2,10,,,,,0,100,100,5.00E+06,0,1.00E+06,100,5.00E+06,10,1.00E+06,0,1.00E+09,0,1.00E+09,0,1.00E+09,0,1.00E+09
dadp.dadp_1.Heavy,dadp,1,10,0,10,1,10,2,10,0,10,2,10,,,,,0,100,100,5.00E+06,0,1.00E+06,100,5.00E+06,10,1.00E+06,0,1.00E+09,0,1.00E+09,0,1.00E+09,0,1.00E+09
dadp.dadp_1.Light,dadp,1,10,0,10,1,10,2,10,0,10,2,10,,,,,0,100,100,5.00E+06,0,1.00E+06,100,5.00E+06,10,1.00E+06,0,1.00E+09,0,1.00E+09,0,1.00E+09,0,1.00E+09
dadp.dadp_2.Light,dadp,1,10,0,10,1,10,2,10,0,10,2,10,,,,,0,100,100,5.00E+06,0,1.00E+06,100,5.00E+06,10,1.00E+06,0,1.00E+09,0,1.00E+09,0,1.00E+09,0,1.00E+09
cit.cit_1.Heavy,cit,1,10,0,10,1,10,2,10,0,10,2,10,,,,,0,100,100,5.00E+06,0,1.00E+06,100,5.00E+06,10,1.00E+06,0,1.00E+09,0,1.00E+09,0,1.00E+09,0,1.00E+09
cit.cit_1.Light,cit,1,10,0,10,1,10,2,10,0,10,2,10,,,,,0,100,100,5.00E+06,0,1.00E+06,100,5.00E+06,10,1.00E+06,0,1.00E+09,0,1.00E+09,0,1.00E+09,0,1.00E+09
cit.cit_2.Light,cit,1,10,0,10,1,10,2,10,0,10,2,10,,,,,0,100,100,5.00E+06,0,1.00E+06,100,5.00E+06,10,1.00E+06,0,1.00E+09,0,1.00E+09,0,1.00E+09,0,1.00E+09
Pool_cit_icit.Pool_cit_icit_1.Heavy,Pool_cit_icit,1,10,0,10,1,10,2,10,0,10,2,10,,,,,0,100,100,5.00E+06,0,1.00E+06,100,5.00E+06,10,1.00E+06,0,1.00E+09,0,1.00E+09,0,1.00E+09,0,1.00E+09
icit.icit_1.Heavy,icit,1,10,0,10,1,10,2,10,0,10,2,10,,,,,0,100,100,5.00E+06,0,1.00E+06,100,5.00E+06,10,1.00E+06,0,1.00E+09,0,1.00E+09,0,1.00E+09,0,1.00E+09
icit.icit_1.Light,icit,1,10,0,10,1,10,2,10,0,10,2,10,,,,,0,100,100,5.00E+06,0,1.00E+06,100,5.00E+06,10,1.00E+06,0,1.00E+09,0,1.00E+09,0,1.00E+09,0,1.00E+09
icit.icit_2.Light,icit,1,10,0,10,1,10,2,10,0,10,2,10,,,,,0,100,100,5.00E+06,0,1.00E+06,100,5.00E+06,10,1.00E+06,0,1.00E+09,0,1.00E+09,0,1.00E+09,0,1.00E+09
fad.fad_1.Heavy,fad,1,10,0,10,1,10,2,10,0,10,2,10,,,,,0,100,100,5.00E+06,0,1.00E+06,100,5.00E+06,10,1.00E+06,0,1.00E+09,0,1.00E+09,0,1.00E+09,0,1.00E+09
fad.fad_1.Light,fad,1,10,0,10,1,10,2,10,0,10,2,10,,,,,0,100,100,5.00E+06,0,1.00E+06,100,5.00E+06,10,1.00E+06,0,1.00E+09,0,1.00E+09,0,1.00E+09,0,1.00E+09
fad.fad_2.Light,fad,1,10,0,10,1,10,2,10,0,10,2,10,,,,,0,100,100,5.00E+06,0,1.00E+06,100,5.00E+06,10,1.00E+06,0,1.00E+09,0,1.00E+09,0,1.00E+09,0,1.00E+09
fdp.fdp_1.Heavy,fdp,1,10,0,10,1,10,2,10,0,10,2,10,,,,,0,100,100,5.00E+06,0,1.00E+06,100,5.00E+06,10,1.00E+06,0,1.00E+09,0,1.00E+09,0,1.00E+09,0,1.00E+09
fdp.fdp_1.Light,fdp,1,10,0,10,1,10,2,10,0,10,2,10,,,,,0,100,100,5.00E+06,0,1.00E+06,100,5.00E+06,10,1.00E+06,0,1.00E+09,0,1.00E+09,0,1.00E+09,0,1.00E+09
fdp.fdp_2.Light,fdp,1,10,0,10,1,10,2,10,0,10,2,10,,,,,0,100,100,5.00E+06,0,1.00E+06,100,5.00E+06,10,1.00E+06,0,1.00E+09,0,1.00E+09,0,1.00E+09,0,1.00E+09
udpglcur.udpglcur_1.Heavy,udpglcur,1,10,0,10,1,10,2,10,0,10,2,10,,,,,0,100,100,5.00E+06,0,1.00E+06,100,5.00E+06,10,1.00E+06,0,1.00E+09,0,1.00E+09,0,1.00E+09,0,1.00E+09
udpglcur.udpglcur_1.Light,udpglcur,1,10,0,10,1,10,2,10,0,10,2,10,,,,,0,100,100,5.00E+06,0,1.00E+06,100,5.00E+06,10,1.00E+06,0,1.00E+09,0,1.00E+09,0,1.00E+09,0,1.00E+09
udpglcur.udpglcur_2.Light,udpglcur,1,10,0,10,1,10,2,10,0,10,2,10,,,,,0,100,100,5.00E+06,0,1.00E+06,100,5.00E+06,10,1.00E+06,0,1.00E+09,0,1.00E+09,0,1.00E+09,0,1.00E+09
dgtp.dgtp_1.Heavy,dgtp,1,10,0,10,1,10,2,10,0,10,2,10,,,,,0,100,100,5.00E+06,0,1.00E+06,100,5.00E+06,10,1.00E+06,0,1.00E+09,0,1.00E+09,0,1.00E+09,0,1.00E+09
dgtp.dgtp_1.Light,dgtp,1,10,0,10,1,10,2,10,0,10,2,10,,,,,0,100,100,5.00E+06,0,1.00E+06,100,5.00E+06,10,1.00E+06,0,1.00E+09,0,1.00E+09,0,1.00E+09,0,1.00E+09
ctp.ctp_1.Heavy,ctp,1,10,0,10,1,10,2,10,0,10,2,10,,,,,0,100,100,5.00E+06,0,1.00E+06,100,5.00E+06,10,1.00E+06,0,1.00E+09,0,1.00E+09,0,1.00E+09,0,1.00E+09
ctp.ctp_1.Light,ctp,1,10,0,10,1,10,2,10,0,10,2,10,,,,,0,100,100,5.00E+06,0,1.00E+06,100,5.00E+06,10,1.00E+06,0,1.00E+09,0,1.00E+09,0,1.00E+09,0,1.00E+09
ctp.ctp_2.Light,ctp,1,10,0,10,1,10,2,10,0,10,2,10,,,,,0,100,100,5.00E+06,0,1.00E+06,100,5.00E+06,10,1.00E+06,0,1.00E+09,0,1.00E+09,0,1.00E+09,0,1.00E+09
dctp.dctp_1.Heavy,dctp,1,10,0,10,1,10,2,10,0,10,2,10,,,,,0,100,100,5.00E+06,0,1.00E+06,100,5.00E+06,10,1.00E+06,0,1.00E+09,0,1.00E+09,0,1.00E+09,0,1.00E+09
dctp.dctp_1.Light,dctp,1,10,0,10,1,10,2,10,0,10,2,10,,,,,0,100,100,5.00E+06,0,1.00E+06,100,5.00E+06,10,1.00E+06,0,1.00E+09,0,1.00E+09,0,1.00E+09,0,1.00E+09
dctp.dctp_2.Light,dctp,1,10,0,10,1,10,2,10,0,10,2,10,,,,,0,100,100,5.00E+06,0,1.00E+06,100,5.00E+06,10,1.00E+06,0,1.00E+09,0,1.00E+09,0,1.00E+09,0,1.00E+09
ditp.ditp_1.Heavy,ditp,1,10,0,10,1,10,2,10,0,10,2,10,,,,,0,100,100,5.00E+06,0,1.00E+06,100,5.00E+06,10,1.00E+06,0,1.00E+09,0,1.00E+09,0,1.00E+09,0,1.00E+09
ditp.ditp_1.Light,ditp,1,10,0,10,1,10,2,10,0,10,2,10,,,,,0,100,100,5.00E+06,0,1.00E+06,100,5.00E+06,10,1.00E+06,0,1.00E+09,0,1.00E+09,0,1.00E+09,0,1.00E+09
ditp.ditp_2.Light,ditp,1,10,0,10,1,10,2,10,0,10,2,10,,,,,0,100,100,5.00E+06,0,1.00E+06,100,5.00E+06,10,1.00E+06,0,1.00E+09,0,1.00E+09,0,1.00E+09,0,1.00E+09
dutp.dutp_1.Heavy,dutp,1,10,0,10,1,10,2,10,0,10,2,10,,,,,0,100,100,5.00E+06,0,1.00E+06,100,5.00E+06,10,1.00E+06,0,1.00E+09,0,1.00E+09,0,1.00E+09,0,1.00E+09
dutp.dutp_1.Light,dutp,1,10,0,10,1,10,2,10,0,10,2,10,,,,,0,100,100,5.00E+06,0,1.00E+06,100,5.00E+06,10,1.00E+06,0,1.00E+09,0,1.00E+09,0,1.00E+09,0,1.00E+09
dutp.dutp_2.Light,dutp,1,10,0,10,1,10,2,10,0,10,2,10,,,,,0,100,100,5.00E+06,0,1.00E+06,100,5.00E+06,10,1.00E+06,0,1.00E+09,0,1.00E+09,0,1.00E+09,0,1.00E+09
itp.itp_1.Heavy,itp,1,10,0,10,1,10,2,10,0,10,2,10,,,,,0,100,100,5.00E+06,0,1.00E+06,100,5.00E+06,10,1.00E+06,0,1.00E+09,0,1.00E+09,0,1.00E+09,0,1.00E+09
itp.itp_1.Light,itp,1,10,0,10,1,10,2,10,0,10,2,10,,,,,0,100,100,5.00E+06,0,1.00E+06,100,5.00E+06,10,1.00E+06,0,1.00E+09,0,1.00E+09,0,1.00E+09,0,1.00E+09
itp.itp_2.Light,itp,1,10,0,10,1,10,2,10,0,10,2,10,,,,,0,100,100,5.00E+06,0,1.00E+06,100,5.00E+06,10,1.00E+06,0,1.00E+09,0,1.00E+09,0,1.00E+09,0,1.00E+09
utp.utp_1.Heavy,utp,1,10,0,10,1,10,2,10,0,10,2,10,,,,,0,100,100,5.00E+06,0,1.00E+06,100,5.00E+06,10,1.00E+06,0,1.00E+09,0,1.00E+09,0,1.00E+09,0,1.00E+09
utp.utp_1.Light,utp,1,10,0,10,1,10,2,10,0,10,2,10,,,,,0,100,100,5.00E+06,0,1.00E+06,100,5.00E+06,10,1.00E+06,0,1.00E+09,0,1.00E+09,0,1.00E+09,0,1.00E+09
utp.utp_2.Light,utp,1,10,0,10,1,10,2,10,0,10,2,10,,,,,0,100,100,5.00E+06,0,1.00E+06,100,5.00E+06,10,1.00E+06,0,1.00E+09,0,1.00E+09,0,1.00E+09,0,1.00E+09
23dpg.23dpg_1.Heavy,23dpg,1,10,0,10,1,10,2,10,0,10,2,10,,,,,0,100,100,5.00E+06,0,1.00E+06,100,5.00E+06,10,1.00E+06,0,1.00E+09,0,1.00E+09,0,1.00E+09,0,1.00E+09
23dpg.23dpg_1.Light,23dpg,1,10,0,10,1,10,2,10,0,10,2,10,,,,,0,100,100,5.00E+06,0,1.00E+06,100,5.00E+06,10,1.00E+06,0,1.00E+09,0,1.00E+09,0,1.00E+09,0,1.00E+09
23dpg.23dpg_2.Light,23dpg,1,10,0,10,1,10,2,10,0,10,2,10,,,,,0,100,100,5.00E+06,0,1.00E+06,100,5.00E+06,10,1.00E+06,0,1.00E+09,0,1.00E+09,0,1.00E+09,0,1.00E+09
atp.atp_1.Heavy,atp,1,10,0,10,1,10,2,10,0,10,2,10,,,,,0,100,100,5.00E+06,0,1.00E+06,100,5.00E+06,10,1.00E+06,0,1.00E+09,0,1.00E+09,0,1.00E+09,0,1.00E+09
atp.atp_1.Light,atp,1,10,0,10,1,10,2,10,0,10,2,10,,,,,0,100,100,5.00E+06,0,1.00E+06,100,5.00E+06,10,1.00E+06,0,1.00E+09,0,1.00E+09,0,1.00E+09,0,1.00E+09
atp.atp_2.Light,atp,1,10,0,10,1,10,2,10,0,10,2,10,,,,,0,100,100,5.00E+06,0,1.00E+06,100,5.00E+06,10,1.00E+06,0,1.00E+09,0,1.00E+09,0,1.00E+09,0,1.00E+09
datp.datp_1.Heavy,datp,1,10,0,10,1,10,2,10,0,10,2,10,,,,,0,100,100,5.00E+06,0,1.00E+06,100,5.00E+06,10,1.00E+06,0,1.00E+09,0,1.00E+09,0,1.00E+09,0,1.00E+09
datp.datp_1.Light,datp,1,10,0,10,1,10,2,10,0,10,2,10,,,,,0,100,100,5.00E+06,0,1.00E+06,100,5.00E+06,10,1.00E+06,0,1.00E+09,0,1.00E+09,0,1.00E+09,0,1.00E+09
datp.datp_2.Light,datp,1,10,0,10,1,10,2,10,0,10,2,10,,,,,0,100,100,5.00E+06,0,1.00E+06,100,5.00E+06,10,1.00E+06,0,1.00E+09,0,1.00E+09,0,1.00E+09,0,1.00E+09
dttp.dttp_1.Heavy,dttp,1,10,0,10,1,10,2,10,0,10,2,10,,,,,0,100,100,5.00E+06,0,1.00E+06,100,5.00E+06,10,1.00E+06,0,1.00E+09,0,1.00E+09,0,1.00E+09,0,1.00E+09
dttp.dttp_1.Light,dttp,1,10,0,10,1,10,2,10,0,10,2,10,,,,,0,100,100,5.00E+06,0,1.00E+06,100,5.00E+06,10,1.00E+06,0,1.00E+09,0,1.00E+09,0,1.00E+09,0,1.00E+09
dttp.dttp_2.Light,dttp,1,10,0,10,1,10,2,10,0,10,2,10,,,,,0,100,100,5.00E+06,0,1.00E+06,100,5.00E+06,10,1.00E+06,0,1.00E+09,0,1.00E+09,0,1.00E+09,0,1.00E+09
gtp.gtp_1.Heavy,gtp,1,10,0,10,1,10,2,10,0,10,2,10,,,,,0,100,100,5.00E+06,0,1.00E+06,100,5.00E+06,10,1.00E+06,0,1.00E+09,0,1.00E+09,0,1.00E+09,0,1.00E+09
gtp.gtp_1.Light,gtp,1,10,0,10,1,10,2,10,0,10,2,10,,,,,0,100,100,5.00E+06,0,1.00E+06,100,5.00E+06,10,1.00E+06,0,1.00E+09,0,1.00E+09,0,1.00E+09,0,1.00E+09
gtp.gtp_2.Light,gtp,1,10,0,10,1,10,2,10,0,10,2,10,,,,,0,100,100,5.00E+06,0,1.00E+06,100,5.00E+06,10,1.00E+06,0,1.00E+09,0,1.00E+09,0,1.00E+09,0,1.00E+09
nadph.nadph_1.Heavy,nadph,1,10,0,10,1,10,2,10,0,10,2,10,,,,,0,100,100,5.00E+06,0,1.00E+06,100,5.00E+06,10,1.00E+06,0,1.00E+09,0,1.00E+09,0,1.00E+09,0,1.00E+09
nadph.nadph_1.Light,nadph,1,10,0,10,1,10,2,10,0,10,2,10,,,,,0,100,100,5.00E+06,0,1.00E+06,100,5.00E+06,10,1.00E+06,0,1.00E+09,0,1.00E+09,0,1.00E+09,0,1.00E+09
nadph.nadph_2.Light,nadph,1,10,0,10,1,10,2,10,0,10,2,10,,,,,0,100,100,5.00E+06,0,1.00E+06,100,5.00E+06,10,1.00E+06,0,1.00E+09,0,1.00E+09,0,1.00E+09,0,1.00E+09
prpp.prpp_1.Heavy,prpp,1,10,0,10,1,10,2,10,0,10,2,10,,,,,0,100,100,5.00E+06,0,1.00E+06,100,5.00E+06,10,1.00E+06,0,1.00E+09,0,1.00E+09,0,1.00E+09,0,1.00E+09
prpp.prpp_1.Light,prpp,1,10,0,10,1,10,2,10,0,10,2,10,,,,,0,100,100,5.00E+06,0,1.00E+06,100,5.00E+06,10,1.00E+06,0,1.00E+09,0,1.00E+09,0,1.00E+09,0,1.00E+09
prpp.prpp_2.Light,prpp,1,10,0,10,1,10,2,10,0,10,2,10,,,,,0,100,100,5.00E+06,0,1.00E+06,100,5.00E+06,10,1.00E+06,0,1.00E+09,0,1.00E+09,0,1.00E+09,0,1.00E+09
phpyr.phpyr_1.Heavy,phpyr,1,10,0,10,1,10,2,10,0,10,2,10,,,,,0,100,100,5.00E+06,0,1.00E+06,100,5.00E+06,10,1.00E+06,0,1.00E+09,0,1.00E+09,0,1.00E+09,0,1.00E+09
phpyr.phpyr_1.Light,phpyr,1,10,0,10,1,10,2,10,0,10,2,10,,,,,0,100,100,5.00E+06,0,1.00E+06,100,5.00E+06,10,1.00E+06,0,1.00E+09,0,1.00E+09,0,1.00E+09,0,1.00E+09
phpyr.phpyr_2.Light,phpyr,1,10,0,10,1,10,2,10,0,10,2,10,,,,,0,100,100,5.00E+06,0,1.00E+06,100,5.00E+06,10,1.00E+06,0,1.00E+09,0,1.00E+09,0,1.00E+09,0,1.00E+09
coa.coa_1.Heavy,coa,1,10,0,10,1,10,2,10,0,10,2,10,,,,,0,100,100,5.00E+06,0,1.00E+06,100,5.00E+06,10,1.00E+06,0,1.00E+09,0,1.00E+09,0,1.00E+09,0,1.00E+09
coa.coa_1.Light,coa,1,10,0,10,1,10,2,10,0,10,2,10,,,,,0,100,100,5.00E+06,0,1.00E+06,100,5.00E+06,10,1.00E+06,0,1.00E+09,0,1.00E+09,0,1.00E+09,0,1.00E+09
accoa.accoa_1.Heavy,accoa,1,10,0,10,1,10,2,10,0,10,2,10,,,,,0,100,100,5.00E+06,0,1.00E+06,100,5.00E+06,10,1.00E+06,0,1.00E+09,0,1.00E+09,0,1.00E+09,0,1.00E+09
accoa.accoa_1.Light,accoa,1,10,0,10,1,10,2,10,0,10,2,10,,,,,0,100,100,5.00E+06,0,1.00E+06,100,5.00E+06,10,1.00E+06,0,1.00E+09,0,1.00E+09,0,1.00E+09,0,1.00E+09
malcoa.malcoa_1.Heavy,malcoa,1,10,0,10,1,10,2,10,0,10,2,10,,,,,0,100,100,5.00E+06,0,1.00E+06,100,5.00E+06,10,1.00E+06,0,1.00E+09,0,1.00E+09,0,1.00E+09,0,1.00E+09
malcoa.malcoa_1.Light,malcoa,1,10,0,10,1,10,2,10,0,10,2,10,,,,,0,100,100,5.00E+06,0,1.00E+06,100,5.00E+06,10,1.00E+06,0,1.00E+09,0,1.00E+09,0,1.00E+09,0,1.00E+09
succoa.succoa_1.Heavy,succoa,1,10,0,10,1,10,2,10,0,10,2,10,,,,,0,100,100,5.00E+06,0,1.00E+06,100,5.00E+06,10,1.00E+06,0,1.00E+09,0,1.00E+09,0,1.00E+09,0,1.00E+09
succoa.succoa_1.Light,succoa,1,10,0,10,1,10,2,10,0,10,2,10,,,,,0,100,100,5.00E+06,0,1.00E+06,100,5.00E+06,10,1.00E+06,0,1.00E+09,0,1.00E+09,0,1.00E+09,0,1.00E+09
