component_group_name,component_name,meta_value,150516_CM1_Level1,150516_CM1_Level10,150516_CM1_Level11,150516_CM1_Level12,150516_CM1_Level13,150516_CM1_Level14,150516_CM1_Level15,150516_CM1_Level2,150516_CM1_Level3,150516_CM1_Level4,150516_CM1_Level5,150516_CM1_Level6,150516_CM1_Level7,150516_CM1_Level8,150516_CM1_Level9,150516_CM2_Level1,150516_CM2_Level10,150516_CM2_Level11,150516_CM2_Level12,150516_CM2_Level13,150516_CM2_Level14,150516_CM2_Level15,150516_CM2_Level2,150516_CM2_Level3,150516_CM2_Level4,150516_CM2_Level5,150516_CM2_Level6,150516_CM2_Level7,150516_CM2_Level8,150516_CM2_Level9,150516_CM3_Level1,150516_CM3_Level10,150516_CM3_Level11,150516_CM3_Level12,150516_CM3_Level13,150516_CM3_Level14,150516_CM3_Level15,150516_CM3_Level2,150516_CM3_Level3,150516_CM3_Level4,150516_CM3_Level5,150516_CM3_Level6,150516_CM3_Level7,150516_CM3_Level8,150516_CM3_Level9
23dpg,23dpg.23dpg_1.Light,calculated_concentration,9.32870353784,3.12580199153,4.56364318162,2.60967976297,2.04761679449,3.40853973358,2.85779461857,0.354049716561,4.64667735264,8.73834206864,9.56653960342,6.0272108197,3.63263760025,3.67331512221,3.47801356132,5.45214655058,9.56301640822,15.2786592738,16.6307797723,24.1046659759,31.3789025084,42.7582740385,41.0981815077,37.9217798895,31.460233152,nan,11.0168782971,12.8769215833,8.9801711518,13.3262954015,nan,2.05279783203,nan,1.71608195097,nan,nan,nan,nan,nan,nan,6.13465775129,1.71868798452,0.610346510054,0.721082386867,0.816720237341
23dpg,23dpg.23dpg_2.Light,calculated_concentration,1.65052195309,nan,nan,nan,nan,nan,nan,0.112856631236,1.07432502125,2.40501285302,2.96946857575,nan,nan,nan,nan,1.23721413497,3.31914767128,5.73972460128,5.00607308412,nan,7.73100304261,8.74029795266,10.374915214,9.45826092108,8.63716007211,nan,3.59435002679,nan,3.23046585423,4.72821561087,nan,nan,nan,nan,nan,nan,nan,nan,1.60638458547,4.22768338365,1.26244844379,0.665598620958,nan,nan,nan
2mcit,2mcit.2mcit_1.Light,calculated_concentration,nan,nan,1.83017971477,nan,3.80346971493,nan,nan,0.0405467619992,0.740326223638,nan,nan,3.90962561093,nan,nan,nan,9.6841815054,nan,nan,nan,nan,nan,nan,1.68140111158,0.318973923291,0.130388437497,nan,nan,0.605064397888,0.567807006719,nan,0.598869254648,nan,nan,9.84112228402,nan,nan,nan,nan,nan,nan,nan,3.46071732303,nan,nan,nan
35cgmp,35cgmp.35cgmp_1.Light,calculated_concentration,0.0109705946715,0.00044732804449,nan,nan,nan,nan,nan,nan,0.00133913525115,0.0017120314507,0.000789234373459,nan,nan,nan,nan,0.00215867587651,nan,nan,nan,nan,0.00050999758427,nan,0.00141712641598,0.000900611829215,0.000462694394066,0.317147548446,nan,nan,nan,nan,nan,0.0130825295984,0.00674749692104,0.00344026523632,0.00152731265414,0.000725553396887,0.000548067026307,nan,nan,1.30375583099,0.809341272522,0.274267177691,0.11906288457,0.0700693360143,0.0263368121341
35cgmp,35cgmp.35cgmp_2.Light,calculated_concentration,nan,nan,nan,nan,nan,nan,nan,nan,nan,nan,nan,nan,nan,nan,nan,nan,nan,nan,nan,nan,nan,nan,nan,nan,nan,nan,nan,nan,nan,nan,nan,nan,nan,nan,nan,nan,nan,nan,1.7616891329,0.80830949132,0.467234710093,nan,nan,nan,nan
5oxpro,5oxpro.5oxpro_1.Light,calculated_concentration,28.9453541877,2.19342368515,1.29299328937,135.300404158,1.44636923591,2.14993059888,1.61719477388,0.575183265934,4.11526317956,4.6930837608,3.66240072681,1.96617710363,2.92203360836,2.51055705412,1.33352357,173.650890555,1.52716378986,2.18846536579,1.62005500409,1.73974912959,1.94890686978,1.5509745941,125.867474501,58.1493708517,29.2555246734,nan,8.76820133921,4.1229584539,2.76393322789,3.63079908072,nan,22.0555279148,4.26731545906,3.48809223528,2.53030609324,3.64249964851,2.98343938216,nan,nan,211.962563915,147.760718715,58.2813488717,34.3832270715,20.7658295026,8.88217253164
5oxpro,5oxpro.5oxpro_2.Light,calculated_concentration,nan,nan,nan,28.3492769417,nan,nan,nan,nan,nan,nan,nan,nan,nan,nan,nan,35.5955959528,nan,nan,nan,nan,nan,nan,24.4762759345,nan,nan,nan,nan,nan,nan,nan,86.5731304597,nan,nan,nan,nan,nan,nan,130.054511467,61.8558088939,41.5230747999,28.9905435304,12.5032820282,nan,nan,nan
6pgc,6pgc.6pgc_1.Light,calculated_concentration,nan,nan,nan,nan,nan,nan,nan,0.0774837683398,39.5671638889,33.850730032,17.4790913869,nan,nan,nan,nan,0.936577685343,nan,nan,nan,nan,nan,nan,nan,nan,nan,nan,nan,nan,nan,nan,0.257861708186,nan,nan,nan,nan,nan,nan,nan,nan,nan,nan,nan,nan,nan,nan
AICAr,AICAr.AICAr_1.Light,calculated_concentration,0.0823713143239,nan,nan,nan,nan,nan,nan,nan,nan,nan,nan,nan,nan,nan,0.0175179850444,nan,nan,nan,0.0104214583958,nan,nan,0.0108701039783,nan,nan,nan,nan,nan,nan,nan,0.0102132400289,nan,0.0113234420456,nan,0.011085684263,0.00884123325717,nan,nan,nan,0.0054063244282,0.00860787395255,0.009955738319,nan,nan,nan,nan
Pool_2pg_3pg,Pool_2pg_3pg.Pool_2pg_3pg_1.Light,calculated_concentration,nan,nan,nan,nan,nan,nan,nan,nan,1.23165658211,1.16493804781,0.708433318239,0.366421192069,nan,nan,nan,0.287628432906,nan,nan,nan,nan,nan,nan,nan,nan,nan,nan,nan,nan,nan,nan,nan,nan,nan,nan,nan,nan,nan,nan,0.524359615643,nan,nan,nan,nan,nan,nan
Pool_2pg_3pg,Pool_2pg_3pg.Pool_2pg_3pg_2.Light,calculated_concentration,2.95389722273,nan,nan,nan,nan,nan,nan,nan,0.853149067334,0.745881095198,0.517160704729,nan,nan,nan,nan,0.203969252326,nan,nan,nan,nan,nan,nan,nan,nan,nan,nan,nan,nan,nan,nan,nan,nan,nan,nan,nan,nan,nan,nan,0.373064504148,nan,nan,nan,nan,nan,nan
accoa,accoa.accoa_1.Light,calculated_concentration,nan,nan,nan,nan,nan,nan,nan,nan,nan,nan,1.11279318039,nan,nan,nan,nan,nan,nan,nan,nan,nan,nan,nan,nan,nan,nan,7.24594572661,nan,nan,nan,nan,nan,nan,nan,nan,nan,nan,nan,nan,nan,nan,1.43038615926,nan,nan,nan,nan
acon-C,acon-C.acon-C_1.Light,calculated_concentration,nan,nan,nan,nan,nan,nan,nan,nan,nan,nan,nan,nan,nan,nan,nan,nan,nan,nan,nan,nan,nan,nan,nan,nan,nan,nan,nan,nan,3.37125203358,2.24026003784,nan,nan,nan,nan,nan,nan,nan,nan,nan,nan,nan,nan,nan,nan,nan
acon-C,acon-C.acon-C_2.Light,calculated_concentration,nan,nan,nan,nan,nan,nan,nan,nan,nan,nan,nan,nan,nan,nan,nan,nan,0.398438907663,nan,nan,nan,nan,nan,nan,nan,nan,nan,nan,nan,3.84179711659,1.98724138402,nan,nan,nan,nan,nan,nan,nan,nan,nan,nan,nan,nan,nan,nan,nan
actp,actp.actp_1.Light,calculated_concentration,nan,nan,nan,nan,nan,nan,nan,nan,nan,nan,nan,nan,nan,nan,nan,nan,nan,nan,nan,nan,nan,nan,nan,3.38545889252,0.19512350891,nan,0.0155340842485,0.0217998110487,nan,0.00962226080492,nan,nan,nan,nan,nan,nan,nan,nan,nan,nan,nan,nan,nan,nan,nan
actp,actp.actp_2.Light,calculated_concentration,nan,nan,nan,nan,nan,nan,nan,nan,nan,nan,nan,nan,nan,nan,nan,nan,nan,nan,nan,nan,nan,nan,nan,3.82991086823,0.236109741266,nan,0.0172764916995,0.0303040541841,nan,0.00976265808671,nan,nan,nan,nan,nan,nan,nan,nan,nan,nan,nan,nan,nan,nan,nan
ade,ade.ade_1.Light,calculated_concentration,nan,nan,nan,nan,nan,nan,nan,nan,nan,nan,nan,nan,5.20827119952,nan,nan,nan,nan,nan,nan,nan,nan,nan,nan,nan,nan,nan,nan,nan,nan,nan,nan,nan,nan,nan,nan,nan,nan,nan,nan,nan,nan,nan,nan,nan,nan
ade,ade.ade_2.Light,calculated_concentration,nan,nan,nan,nan,nan,nan,nan,nan,nan,nan,nan,3.90730077396,1.77445066007,nan,nan,nan,nan,nan,nan,nan,nan,nan,nan,nan,nan,nan,nan,nan,nan,nan,nan,nan,nan,nan,nan,nan,nan,nan,nan,nan,nan,nan,nan,nan,nan
adn,adn.adn_1.Light,calculated_concentration,nan,0.0463713733603,0.0211216086987,0.012776063772,0.00633354704226,0.00673322413241,0.00341450267797,nan,nan,nan,nan,nan,3.27245474058,0.618257457034,0.213090736811,0.0878297330731,0.000236148664535,0.000263123327678,nan,nan,nan,nan,0.0645714748812,0.030381661834,0.0130557215886,nan,0.00276959843848,0.00221251413179,nan,nan,0.000869813676436,0.00101610102474,0.000545364554791,0.00054025787824,0.000628793888553,nan,nan,0.00115893934337,0.000584947471198,0.035849684786,0.0345894431844,0.0108202317324,0.00613466706666,0.00266469738407,0.00106514331977
adp,adp.adp_1.Light,calculated_concentration,4.24965093981,nan,nan,nan,nan,nan,nan,nan,nan,nan,nan,nan,nan,nan,nan,nan,nan,nan,nan,nan,nan,nan,nan,nan,nan,nan,nan,nan,nan,nan,nan,0.00944629306128,0.00693603265423,0.00567489460237,0.00626384603312,0.00749579042544,0.00778933237621,0.00991022784801,nan,nan,nan,nan,nan,nan,0.0146391645914
adpglc,adpglc.adpglc_1.Light,calculated_concentration,2.67719034879,nan,nan,nan,nan,nan,nan,nan,0.16544963259,0.162463061066,0.113609725892,0.022920635364,nan,nan,nan,nan,0.358195908834,0.198866884314,0.059102990695,0.0647952388321,nan,nan,164.940911136,64.6494447504,35.5280493275,nan,7.71420935052,3.72536814164,1.37062460974,0.477062754727,0.015580994671,nan,nan,nan,nan,nan,nan,nan,nan,nan,nan,nan,nan,nan,nan
adpglc,adpglc.adpglc_2.Light,calculated_concentration,nan,nan,nan,nan,nan,nan,nan,nan,nan,nan,nan,nan,nan,nan,nan,nan,nan,nan,nan,nan,nan,nan,155.774709717,62.2187010063,34.9025718336,nan,nan,nan,nan,nan,nan,nan,nan,nan,nan,nan,nan,nan,nan,nan,nan,nan,nan,nan,nan
ala-L,ala-L.ala-L_1.Light,calculated_concentration,0.055947767205,0.0163039656651,nan,0.09541638767,nan,nan,nan,0.011268555767,nan,nan,nan,nan,nan,nan,0.0119297619565,0.021159898872,0.0180812431591,0.019487208454,nan,0.0193037099928,nan,nan,nan,nan,0.014037830142,nan,nan,nan,nan,nan,6.40304195473,0.0485885379746,0.0171785703262,nan,nan,nan,nan,8.39125703077,2.55248689095,1.21516193857,0.561240933986,0.267209157415,0.100388121627,0.0584771882337,0.0241451207987
amp,amp.amp_1.Light,calculated_concentration,4.61289323295,nan,nan,nan,nan,nan,nan,nan,0.638806105452,0.684120262997,0.379714061097,nan,nan,nan,nan,nan,nan,nan,nan,nan,nan,nan,nan,nan,nan,nan,nan,nan,nan,nan,nan,nan,nan,nan,nan,nan,nan,4.045782478,nan,0.613444109823,nan,nan,nan,nan,nan
arg-L,arg-L.arg-L_1.Light,calculated_concentration,nan,nan,nan,1.00811316989,nan,nan,nan,nan,nan,nan,nan,nan,nan,nan,nan,nan,nan,nan,nan,nan,nan,nan,nan,nan,nan,74.1391419801,nan,nan,nan,nan,nan,0.462676305943,0.221440196621,nan,nan,nan,nan,nan,nan,nan,nan,nan,nan,1.98848135195,0.813157364217
asn-L,asn-L.asn-L_1.Light,calculated_concentration,nan,nan,nan,0.317416427966,nan,nan,nan,nan,nan,nan,nan,nan,nan,nan,nan,nan,nan,nan,nan,nan,nan,nan,nan,nan,nan,1.51781107188,nan,nan,nan,nan,nan,0.263617655371,0.130061425981,0.0687026575603,0.0561812906283,nan,nan,nan,nan,nan,nan,nan,2.02153782093,1.054390719,0.486399318275
asn-L,asn-L.asn-L_2.Light,calculated_concentration,nan,nan,nan,0.0747684162767,nan,nan,nan,nan,nan,nan,nan,nan,nan,nan,nan,0.000641737555465,nan,nan,nan,nan,nan,nan,nan,nan,nan,nan,nan,nan,nan,nan,nan,0.0537751219749,0.0255656429875,0.0123128143711,0.00630038636646,0.00284565148661,0.00155814402077,nan,nan,4.08669823367,2.59739570185,1.11173746095,0.519645272795,0.253598740414,0.122923193834
atp,atp.atp_1.Light,calculated_concentration,nan,0.00346033815875,0.00275971813797,0.00199010536981,0.00252070106176,0.00170249916057,0.00135370043922,nan,nan,nan,nan,0.0511539454913,0.0239432488034,0.0116938311081,0.00968731034321,0.00726734942486,0.00118914051645,0.00450051447852,0.00331319295293,nan,0.00366873081433,0.00339527738899,0.148834842752,0.101907663472,0.0597865950869,0.655771674735,0.0135227149789,0.00810314216987,0.00364077391017,0.00414889798332,0.00625846611732,0.00613548919927,0.00378461374398,0.00820453604106,0.0102452360724,nan,0.0115412075818,0.00773163602372,0.00622961746881,0.00615641573432,0.050981806603,0.0275818058871,0.015125705035,0.0163911647896,0.0109357956433
atp,atp.atp_2.Light,calculated_concentration,nan,nan,nan,nan,nan,nan,nan,nan,nan,nan,nan,0.102910621747,nan,nan,nan,0.0130451900572,nan,nan,nan,nan,nan,nan,0.281987697615,0.218219930281,0.12441724569,nan,nan,nan,nan,nan,nan,nan,nan,nan,nan,nan,nan,nan,nan,nan,nan,nan,nan,nan,nan
btn,btn.btn_1.Light,calculated_concentration,nan,nan,nan,nan,nan,nan,nan,nan,nan,nan,nan,nan,nan,nan,nan,nan,0.00598021458775,nan,nan,nan,nan,nan,nan,1.19128059005,0.625414937421,nan,0.103781597691,0.0590039245135,nan,nan,nan,nan,nan,nan,nan,nan,nan,nan,nan,nan,nan,nan,nan,nan,0.00314354898728
btn,btn.btn_2.Light,calculated_concentration,nan,nan,nan,nan,nan,nan,nan,nan,nan,nan,nan,nan,nan,nan,nan,nan,nan,nan,nan,nan,nan,nan,nan,1.38455460395,nan,nan,nan,nan,nan,nan,nan,nan,nan,nan,nan,nan,nan,nan,nan,nan,nan,nan,nan,nan,nan
camp,camp.camp_1.Light,calculated_concentration,0.0016754214017,nan,nan,0.000688276763095,nan,nan,0.000804734821104,nan,nan,nan,nan,nan,nan,nan,nan,0.00918735916213,nan,0.00111531427411,nan,nan,nan,nan,0.00569354556107,0.00417975348084,nan,0.776504620185,nan,nan,nan,nan,4.6862582496,0.00586089587806,0.00332192335457,0.00203905321736,0.000919932880802,nan,nan,4.83925566963,1.66724353087,0.723062521413,0.381480955456,0.151059933671,0.0725564552998,0.0353468174634,0.0125250919936
camp,camp.camp_2.Light,calculated_concentration,nan,nan,nan,nan,nan,nan,nan,nan,nan,nan,nan,nan,nan,nan,nan,nan,nan,nan,nan,nan,nan,nan,nan,nan,nan,nan,nan,nan,nan,nan,1.95861711838,nan,nan,nan,nan,nan,nan,nan,nan,nan,nan,nan,nan,nan,nan
chor,chor.chor_1.Light,calculated_concentration,nan,nan,nan,nan,nan,nan,nan,nan,nan,nan,nan,0.000580510103395,nan,nan,nan,9.19582077869,0.00545439014742,0.00205171168855,nan,nan,0.000327794020039,nan,5.91467115688,2.09547824954,0.952857996998,nan,0.0976657591621,0.0612857542955,nan,0.0120471766912,nan,nan,0.000699393503195,nan,nan,nan,nan,0.000376026169258,0.000641494414201,nan,nan,nan,0.000411202183776,0.000355035099439,nan
cit,cit.cit_1.Light,calculated_concentration,4.38308049039,nan,nan,nan,nan,nan,nan,nan,nan,nan,nan,nan,nan,nan,nan,nan,nan,nan,nan,nan,nan,nan,nan,nan,nan,nan,nan,17.5776711378,7.2873452111,nan,nan,nan,nan,nan,nan,nan,nan,nan,nan,55.0784675353,124.023007977,57.0029356291,nan,nan,nan
cit,cit.cit_2.Light,calculated_concentration,nan,nan,nan,nan,nan,nan,nan,nan,nan,nan,nan,nan,nan,nan,nan,nan,nan,nan,nan,nan,nan,nan,nan,nan,nan,nan,19.4411525524,nan,nan,nan,nan,nan,nan,nan,nan,nan,nan,nan,nan,nan,nan,nan,nan,nan,nan
citr-L,citr-L.citr-L_1.Light,calculated_concentration,0.0371800842517,0.0470753888188,0.0235894497274,nan,0.0432691796604,0.0374261618388,0.0360473569133,0.0169365159615,0.0160964274956,0.0288774866267,0.0193414771316,0.0326005998373,0.100879344949,0.0308628598654,0.0302827751408,0.143947949327,0.0448370336721,0.046383507025,0.0322262793148,0.0507990243401,0.0473246699457,0.040624598544,0.0651900876854,0.10269658781,0.0491412121836,nan,0.038265720656,0.0503189854668,0.0393510518937,0.0775654385219,nan,1.19830136686,0.26804183271,0.127382643034,0.104080516934,0.108295568819,0.084147367556,nan,nan,nan,nan,8.16639197767,3.58174567891,1.89016374319,0.811757721923
cmp,cmp.cmp_1.Light,calculated_concentration,nan,nan,nan,nan,0.00184019742029,nan,nan,nan,0.031414279898,0.00987169352411,0.00556765642494,nan,nan,nan,nan,nan,nan,nan,nan,0.00304122771922,nan,nan,nan,nan,0.00918504459808,2.51284757922,0.00634393331938,nan,nan,nan,nan,0.00888189628011,0.00653957135296,nan,nan,nan,0.00415957494693,nan,nan,0.866840600244,0.473867145377,0.173330545141,0.082525490918,0.0411600075632,0.0206326298208
coa,coa.coa_1.Light,calculated_concentration,nan,nan,nan,nan,nan,nan,nan,nan,nan,nan,nan,nan,nan,nan,nan,nan,nan,nan,nan,nan,nan,nan,nan,nan,nan,nan,nan,nan,nan,nan,nan,nan,nan,nan,0.00992063100586,0.0111273269955,0.011344510589,nan,nan,nan,nan,nan,nan,nan,nan
ctp,ctp.ctp_1.Light,calculated_concentration,6.05993547164,0.0393737576438,0.0294215298696,0.0201442596873,nan,nan,nan,nan,1.17564015688,1.71861778516,1.00176759145,0.575330214701,0.297290053668,0.198101018804,0.117332145787,nan,nan,nan,nan,0.0127854037132,0.0200208189263,nan,nan,0.0076116752521,nan,nan,0.0154370103592,nan,0.0194693139882,nan,nan,nan,nan,0.0322189505685,0.0499116418622,nan,nan,nan,nan,0.00941040545559,nan,nan,nan,0.0267863345196,nan
ctp,ctp.ctp_2.Light,calculated_concentration,6.5791537125,nan,nan,nan,nan,nan,nan,nan,1.26824654261,2.01023090145,1.08228982122,nan,nan,0.147092491184,nan,nan,nan,nan,nan,nan,nan,nan,nan,nan,nan,nan,nan,nan,nan,nan,nan,nan,nan,nan,nan,nan,nan,nan,nan,nan,nan,nan,nan,nan,nan
cytd,cytd.cytd_1.Light,calculated_concentration,nan,nan,nan,nan,0.000715710023801,0.000924040520624,nan,nan,0.651188919742,0.702045699554,nan,0.204389766645,0.0882582724271,nan,0.0159343428125,nan,nan,nan,nan,nan,nan,nan,nan,nan,nan,nan,nan,nan,nan,nan,nan,nan,nan,nan,nan,nan,nan,nan,nan,0.0141539082275,0.0315502575131,nan,nan,nan,nan
dadp,dadp.dadp_1.Light,calculated_concentration,nan,1.67682204162,0.865418133573,0.609932316971,nan,nan,nan,nan,nan,nan,nan,20.4653354364,12.0712675089,5.32443707399,2.08524174919,nan,nan,nan,nan,nan,nan,nan,nan,15.640426909,6.39755956071,nan,1.33715798624,1.09407600393,nan,nan,nan,nan,nan,nan,nan,nan,nan,0.850549997635,0.921129342671,nan,nan,1.67430034264,nan,nan,nan
dadp,dadp.dadp_2.Light,calculated_concentration,nan,0.625611615062,nan,nan,nan,nan,nan,0.0758791047559,nan,nan,nan,8.96889425167,5.75392862752,2.49938160854,0.892713663846,nan,nan,nan,nan,nan,nan,nan,nan,6.61884551601,3.08355863394,nan,0.604615976791,0.444859727641,0.23058016701,nan,nan,nan,nan,nan,nan,0.508184720754,0.812820962407,nan,nan,nan,nan,nan,nan,nan,nan
damp,damp.damp_1.Light,calculated_concentration,1.85804526931,nan,nan,nan,nan,nan,nan,nan,7.47685588337,1.98738151047,1.49100301625,0.532496392803,0.465547060184,0.154619228738,nan,3.34444118569,nan,0.0416857018335,nan,nan,nan,nan,1.85952241143,1.51661161667,1.08592931982,9.75895194905,0.351323187268,0.195156628847,0.0920111893586,nan,nan,0.246923002684,0.15957332796,nan,nan,nan,nan,nan,nan,24.9759677384,12.2184438449,4.39707788024,2.26693320571,1.23669775832,0.514030628971
damp,damp.damp_2.Light,calculated_concentration,1.39859549667,nan,nan,nan,nan,nan,nan,nan,5.07645367427,1.4315568767,1.06301492942,nan,nan,nan,nan,2.48259309859,nan,nan,nan,nan,nan,nan,1.17744525342,0.904897898186,0.735590444961,nan,nan,nan,nan,nan,nan,nan,nan,nan,nan,nan,nan,nan,nan,16.6098737599,8.61498602007,2.78689396061,1.45686269907,0.865946693804,nan
datp,datp.datp_1.Light,calculated_concentration,nan,1.65857280688,nan,nan,nan,nan,nan,0.110455997409,nan,nan,nan,nan,10.6449756916,6.8075237373,4.43558916927,2.74230192926,nan,0.568733406178,nan,nan,0.600355839802,0.488467304646,3.60779856571,7.9734893394,3.92434585,4.42917445238,0.949111270439,1.02278572639,0.424386499942,1.19607412662,0.33637976676,nan,nan,nan,nan,nan,nan,0.504671441612,0.571494846087,0.506812502404,1.09632334276,nan,1.56516837683,1.56426650785,1.67346649222
datp,datp.datp_2.Light,calculated_concentration,nan,2.04605632276,nan,nan,nan,nan,nan,0.134867078731,nan,nan,nan,nan,12.174416418,7.91566941815,5.41519155976,3.23085214196,nan,nan,nan,nan,nan,nan,4.1630266266,9.72281130104,4.56114552409,nan,1.11022372966,nan,nan,nan,nan,nan,nan,nan,nan,nan,nan,nan,nan,nan,nan,nan,2.10842898772,nan,nan
dcdp,dcdp.dcdp_1.Light,calculated_concentration,12.8925991628,0.307556917081,0.225380749242,0.163829976662,0.182583495725,0.331333766716,0.268211232434,0.0181708570124,2.06130372682,2.28596808922,nan,1.25598198402,0.522972081663,0.492370579473,0.469519524719,nan,0.347420127665,0.274550567964,0.26152878614,0.320014383894,0.40852659754,0.287900918442,nan,41.2611984434,15.356715284,nan,nan,nan,0.461172913949,0.478881959311,0.179203152964,0.658019526552,0.618993847283,0.651966643462,1.1292488812,1.21500925685,1.5331872251,nan,0.32358172517,0.374640255282,0.398367381489,0.447592634287,0.320877550107,0.470511246843,0.499613331392
dcdp,dcdp.dcdp_2.Light,calculated_concentration,nan,nan,nan,nan,nan,nan,nan,nan,6.30927626872,7.38979511202,4.78191700744,nan,nan,nan,nan,nan,nan,nan,nan,nan,nan,nan,nan,nan,nan,nan,7.08492239172,3.15128515608,nan,nan,nan,nan,nan,nan,nan,nan,nan,nan,nan,nan,nan,nan,nan,nan,nan
dcmp,dcmp.dcmp_1.Light,calculated_concentration,0.152247062394,nan,nan,nan,nan,nan,nan,nan,0.105064974278,0.0298690236673,0.0128303455765,0.00507640190266,0.00370768248624,nan,nan,0.910315772908,0.00652512094853,0.00288156718919,0.00170015094472,nan,nan,0.00137012154812,0.417308182645,0.235690311112,0.260853083478,nan,0.121822542518,0.0580670166493,0.031248398517,0.0129292231043,nan,0.0214816622893,0.00880585581062,0.00583173331875,0.00296593783844,nan,nan,nan,nan,1.85861920846,1.0551590241,0.420963326285,0.16653743169,0.0848760556191,0.0374499241927
dcmp,dcmp.dcmp_2.Light,calculated_concentration,nan,nan,nan,nan,nan,nan,nan,nan,nan,nan,nan,nan,nan,nan,nan,3.25744369268,nan,nan,nan,nan,nan,nan,nan,nan,nan,nan,nan,nan,nan,nan,nan,nan,nan,nan,nan,nan,nan,nan,nan,nan,nan,1.51098482973,nan,nan,nan
dctp,dctp.dctp_1.Light,calculated_concentration,22.5561775221,0.525554330206,0.291158305347,nan,nan,nan,nan,0.0339107300669,nan,nan,nan,12.8313261436,5.72522562369,2.45928780342,1.17617265661,2.42270527103,nan,nan,nan,0.108576065019,nan,nan,1.16700396056,0.620671307233,0.525289500488,nan,nan,nan,nan,nan,0.187942689171,nan,nan,nan,nan,nan,nan,nan,0.205668227514,nan,0.14156002416,nan,nan,nan,nan
dctp,dctp.dctp_2.Light,calculated_concentration,5.23991201577,0.106416418558,0.0619496895204,nan,nan,nan,nan,0.00465885197822,8.72728642835,10.5040925977,6.06378372569,3.39723059217,1.46401182767,0.545510047632,0.24771917491,0.584417158479,nan,nan,nan,nan,nan,nan,0.255286164175,0.150497068715,nan,nan,nan,nan,nan,nan,0.00579681888084,nan,nan,nan,nan,nan,nan,0.00634940573436,nan,nan,nan,nan,nan,nan,nan
dgdp,dgdp.dgdp_1.Light,calculated_concentration,nan,nan,nan,nan,nan,nan,nan,nan,1.13326026456,nan,nan,nan,nan,nan,nan,nan,nan,nan,nan,nan,0.0111990378271,nan,nan,nan,nan,nan,nan,nan,0.0997361293447,nan,nan,0.023963056082,0.0159952346665,0.0166004234466,0.0163874954472,0.0224990877234,0.0211877684281,nan,nan,nan,nan,nan,nan,nan,nan
dgdp,dgdp.dgdp_2.Light,calculated_concentration,nan,nan,nan,nan,nan,nan,nan,nan,0.000923680406962,nan,nan,nan,nan,nan,nan,nan,nan,nan,nan,nan,nan,nan,nan,nan,nan,nan,nan,nan,nan,nan,nan,nan,nan,nan,nan,nan,nan,nan,nan,nan,nan,nan,nan,nan,nan
dgmp,dgmp.dgmp_1.Light,calculated_concentration,nan,nan,nan,nan,nan,nan,nan,nan,nan,nan,nan,0.206104024069,nan,nan,nan,nan,nan,nan,nan,nan,nan,nan,nan,nan,nan,nan,nan,nan,nan,nan,nan,nan,nan,nan,nan,nan,nan,nan,nan,nan,nan,nan,nan,nan,nan
dgmp,dgmp.dgmp_2.Light,calculated_concentration,0.000707466717735,nan,nan,nan,nan,nan,nan,nan,nan,nan,nan,nan,nan,nan,nan,nan,nan,nan,nan,nan,nan,nan,nan,nan,nan,nan,nan,nan,nan,nan,nan,nan,nan,nan,nan,nan,nan,nan,nan,nan,nan,nan,nan,nan,nan
dgtp,dgtp.dgtp_1.Light,calculated_concentration,nan,0.0140231842489,0.0126662230401,0.00810442008003,0.00630054805722,0.0107937102406,0.00812824150722,nan,nan,nan,nan,nan,0.0963065504847,0.0496953456739,0.0335084793499,nan,0.0105612355023,0.0134524511272,0.00873638103876,0.0114253014,0.0133771771328,0.0120167751971,0.550997686025,0.451198648321,0.224105514192,nan,0.0477636657509,0.0307540991325,0.0135595951068,0.0133703766159,0.0177968588048,0.0345167101397,0.0365335953079,0.0309650132162,0.0332519510442,0.0405419301382,0.0610223888181,0.0257656613009,0.0334114882594,0.0230266947126,0.235803819983,0.122679446515,0.0587420675915,0.0395300030597,0.0389534014587
dhap,dhap.dhap_1.Light,calculated_concentration,nan,nan,0.138139209388,0.230242019449,nan,nan,0.240506205266,nan,nan,nan,nan,nan,nan,nan,nan,nan,nan,nan,nan,nan,nan,nan,nan,nan,nan,nan,nan,nan,nan,nan,nan,nan,nan,nan,0.174622370081,nan,0.158143738394,nan,nan,nan,0.512648735176,nan,nan,nan,nan
dimp,dimp.dimp_1.Light,calculated_concentration,nan,0.0326993138915,0.0386898531174,0.0186554196195,0.0246703720243,0.0290997863958,nan,nan,2.23946403083,2.54938774776,0.99402261303,0.370115602097,0.170643906725,0.0986024606071,0.0421404712575,0.0171097199851,0.0396488837516,0.035785427254,0.045274586184,0.0817752224905,nan,nan,0.0233796381842,0.0415552268085,0.0266640864294,nan,0.0281734774118,0.0372822270987,0.0503947108774,0.0431757975502,nan,1.2188110304,0.69679036411,0.215248232175,0.138683277377,0.0802570232818,nan,nan,nan,nan,12.9206815838,7.48453977789,3.36134314685,2.21512751981,2.46236003247
ditp,ditp.ditp_1.Light,calculated_concentration,nan,12.3398395461,nan,nan,nan,nan,nan,nan,nan,nan,nan,nan,14.6502450377,14.5512055598,11.8046629724,4.56547469636,nan,7.91060777867,7.16273351022,nan,7.84748937114,6.96585453507,9.57892384287,16.0372159243,10.1473833051,nan,7.00534788376,7.94438821668,6.18641057195,12.3304778905,6.28209657314,nan,nan,29.4925085351,nan,15.8763610112,20.8907830423,7.10889494482,6.65736734334,7.05127327401,14.1144046121,nan,14.7190223642,12.4159833701,14.9200884782
ditp,ditp.ditp_2.Light,calculated_concentration,nan,3.91973584036,nan,nan,nan,nan,nan,nan,nan,nan,14.1611771558,9.13917497086,4.81185408388,4.72877810701,3.82035350252,1.47862272576,nan,2.35114356109,2.47260530845,nan,2.27608128796,2.10129109069,3.09695897662,4.8888481249,3.17295931591,nan,2.27152745432,2.48291584637,1.91080262953,4.04104896976,2.03472866623,nan,nan,9.64144120398,nan,nan,nan,2.13888982304,2.2280278058,2.20489272946,4.51178114559,nan,4.68916530543,4.17704479211,4.53735321854
dtdpglu,dtdpglu.dtdpglu_1.Light,calculated_concentration,nan,nan,nan,nan,nan,nan,nan,nan,nan,nan,nan,nan,nan,nan,nan,nan,nan,nan,nan,nan,nan,nan,nan,nan,nan,nan,20.4496805354,8.38850860297,3.44845837463,1.74973950008,nan,nan,nan,nan,nan,nan,nan,nan,nan,nan,nan,nan,nan,nan,nan
dtmp,dtmp.dtmp_1.Light,calculated_concentration,0.0121818333602,nan,nan,nan,nan,nan,nan,nan,0.00269586948834,0.00183445854988,0.00172189210921,0.00136588888309,nan,nan,0.000853506418627,0.0164311421102,nan,nan,nan,nan,nan,nan,0.00671111189681,0.00289503781793,0.00169141357989,nan,nan,0.000917117790703,nan,nan,nan,nan,0.0074062231226,nan,0.00199715955981,nan,nan,nan,nan,nan,0.670460210608,0.242192549004,0.115507899762,0.0602880325301,0.0268542095836
dttp,dttp.dttp_1.Light,calculated_concentration,6.84179967412,1.73975957955,nan,nan,nan,nan,nan,0.142632684263,0.304535465214,0.552227114911,0.561250248237,3.55014140628,nan,2.65118011996,2.83242548171,0.217621781908,nan,1.43383380649,nan,nan,5.33853393758,1.51215453471,0.394685622129,1.16598742242,nan,10.3724442463,nan,1.25609886824,0.660356948293,nan,1.31615116216,nan,nan,14.3662569283,nan,7.4851322752,15.5635003494,1.26591226909,0.814157132967,0.816748773629,4.97796035552,nan,6.4824013704,3.94259749766,7.30891095618
dttp,dttp.dttp_2.Light,calculated_concentration,nan,0.344372842063,nan,nan,nan,nan,nan,0.0130179960648,0.0870938249756,0.17125441438,0.164564023766,0.79674621871,nan,0.710451560611,0.52366145141,0.0127700308532,nan,nan,nan,nan,0.526008445474,nan,0.0283118108334,nan,nan,nan,nan,nan,nan,nan,0.10260854414,nan,nan,nan,nan,nan,nan,0.106911444929,nan,nan,nan,nan,0.673052362724,nan,nan
dump,dump.dump_1.Light,calculated_concentration,nan,nan,0.0597617406305,nan,nan,nan,nan,nan,nan,nan,nan,nan,0.29610258499,0.152979756164,0.113876633068,nan,nan,nan,nan,nan,nan,nan,nan,nan,nan,nan,nan,nan,nan,nan,nan,nan,nan,nan,nan,nan,nan,0.449783457452,nan,nan,nan,nan,nan,nan,nan
dutp,dutp.dutp_1.Light,calculated_concentration,nan,0.425085768761,nan,nan,nan,nan,nan,0.00365644109107,nan,nan,19.1301647077,16.0039768875,5.32887642551,3.08561572159,1.2450124505,0.0196739574803,nan,nan,0.0119869076193,nan,0.012727708488,0.0176313204789,0.0130666741365,0.0154822009772,0.00761607333271,0.745574765534,0.00927384798783,nan,0.00977981193171,0.019318243386,0.00512017058604,nan,nan,0.155608799882,nan,0.0903078657465,0.274187698255,0.0151330735637,0.00754068472604,0.00791677830387,0.0343486413754,nan,0.0486779794595,0.0432268316064,0.063122167541
dutp,dutp.dutp_2.Light,calculated_concentration,nan,nan,nan,nan,nan,nan,nan,nan,5.050140805,7.3482029324,6.41368321877,5.30723714562,2.23170487751,1.18265465356,nan,nan,nan,nan,nan,nan,nan,nan,nan,nan,nan,nan,nan,nan,nan,nan,nan,nan,nan,nan,nan,nan,nan,nan,nan,nan,nan,nan,nan,nan,nan
f1p,f1p.f1p_1.Light,calculated_concentration,nan,1.16390711319,0.590876484318,0.293998918818,0.209960338338,nan,nan,nan,nan,nan,nan,nan,nan,nan,nan,nan,7.51269336745,3.9853690372,1.44177267505,0.835514916352,nan,nan,nan,nan,nan,nan,nan,nan,nan,nan,nan,nan,nan,nan,nan,nan,nan,nan,nan,nan,nan,nan,nan,nan,nan
f1p,f1p.f1p_2.Light,calculated_concentration,nan,1.02536701238,0.537486478236,0.188849120166,0.11917432137,0.0464239767934,nan,nan,nan,nan,nan,nan,nan,nan,nan,nan,2.05986991785,1.00445406895,0.342273460685,0.20040450719,nan,nan,nan,nan,nan,nan,nan,nan,5.5632885958,nan,nan,nan,nan,nan,nan,0.00886446649176,nan,nan,nan,0.010646752763,nan,nan,nan,nan,nan
f6p,f6p.f6p_1.Light,calculated_concentration,nan,0.72417195302,0.414059906214,0.182000402134,0.0868945157566,nan,nan,0.00764967808247,nan,nan,28.7169840619,16.972157785,7.38851048387,3.24703098364,1.65412357273,nan,0.0610602810771,nan,nan,0.0242263338507,nan,nan,27.6142101041,12.9455562577,5.02347938841,nan,0.755043157264,0.471170104141,0.0932214278538,0.0902815065766,nan,0.04896726964,nan,nan,nan,nan,nan,0.0759033131334,nan,nan,nan,nan,nan,nan,nan
f6p,f6p.f6p_2.Light,calculated_concentration,nan,5.67104891563,nan,nan,nan,nan,nan,nan,nan,nan,nan,nan,nan,nan,nan,nan,nan,nan,nan,nan,nan,nan,nan,nan,nan,nan,nan,nan,nan,nan,nan,nan,nan,nan,nan,nan,nan,nan,nan,nan,nan,nan,nan,nan,nan
fad,fad.fad_1.Light,calculated_concentration,0.0050479242145,0.00313919615545,0.0115123352729,0.0133336001614,0.00861195920671,0.00494287794488,0.00691155646889,0.000633198689363,0.00758764830277,0.0104744833901,0.0100357215216,0.0173023077891,nan,0.00485990853165,nan,nan,6.09507513472,3.69805924234,1.01873498341,0.646751219066,0.371879385359,0.120109266591,nan,nan,nan,nan,nan,nan,nan,11.3762007605,nan,nan,0.0051262006976,nan,nan,0.00651495587311,0.00678308589527,nan,0.00394391264488,nan,nan,nan,0.00605730190505,0.00440109245199,nan
fad,fad.fad_2.Light,calculated_concentration,nan,nan,nan,nan,nan,nan,nan,nan,nan,nan,nan,nan,nan,nan,nan,nan,8.01241485123,4.805544651,nan,nan,nan,nan,nan,nan,nan,nan,nan,nan,nan,nan,nan,nan,nan,nan,nan,nan,nan,nan,nan,nan,nan,nan,nan,nan,nan
fdp,fdp.fdp_1.Light,calculated_concentration,12.4007079863,nan,nan,nan,nan,nan,nan,nan,1.54606000056,0.994651995746,nan,nan,nan,nan,nan,nan,44.2119573122,nan,nan,1.9313695963,nan,nan,nan,15.256284087,nan,nan,nan,nan,nan,nan,nan,nan,nan,nan,nan,nan,nan,nan,66.0541836611,nan,2.23299649975,nan,nan,nan,nan
fdp,fdp.fdp_2.Light,calculated_concentration,3.87543834762,nan,nan,nan,nan,nan,nan,nan,0.458169418979,0.350469846046,nan,nan,nan,nan,nan,nan,45.845625826,nan,nan,nan,nan,1.80393490182,nan,nan,nan,nan,nan,nan,20.0064969384,nan,38.3378520426,nan,nan,nan,nan,nan,nan,47.5218264876,17.9582660669,nan,nan,nan,nan,nan,nan
fol,fol.fol_1.Light,calculated_concentration,0.0349781711978,nan,0.0179274461619,nan,nan,0.0263714997874,0.0226667363852,nan,0.0147467577586,nan,0.0240355790715,nan,nan,nan,0.0157525736876,195.789994561,2.23532131556,1.6236917288,nan,0.260943639606,0.15789845917,0.0638107909037,0.0538628260339,nan,2.32617698912,1476.26041249,30.6494403884,26.9590993864,5.90071967902,5.01366859335,0.0131379851462,nan,0.0212848783236,nan,0.02014867554,nan,nan,nan,0.0168195116954,0.0254915414725,nan,nan,nan,nan,nan
fol,fol.fol_2.Light,calculated_concentration,nan,nan,nan,nan,nan,nan,nan,nan,nan,nan,nan,nan,nan,nan,nan,170.706911933,nan,nan,nan,nan,nan,nan,nan,nan,nan,nan,nan,nan,nan,nan,nan,nan,nan,nan,nan,nan,nan,nan,nan,nan,nan,nan,nan,nan,nan
fum,fum.fum_1.Light,calculated_concentration,nan,nan,nan,nan,nan,nan,nan,nan,nan,nan,nan,nan,nan,nan,nan,nan,nan,nan,nan,nan,nan,nan,nan,nan,nan,nan,nan,nan,0.478331181123,nan,nan,nan,nan,nan,nan,nan,nan,nan,nan,nan,nan,nan,nan,nan,nan
g1p,g1p.g1p_1.Light,calculated_concentration,nan,nan,nan,nan,nan,nan,nan,nan,nan,nan,nan,nan,nan,nan,nan,33.381301605,6.31782811038,4.07573679942,1.44982358657,1.04829632144,nan,nan,nan,18.8694695029,nan,nan,nan,nan,21.797030582,15.4607000337,nan,nan,nan,nan,nan,nan,nan,nan,nan,nan,nan,nan,nan,nan,nan
g1p,g1p.g1p_2.Light,calculated_concentration,nan,nan,nan,nan,nan,nan,nan,nan,nan,nan,nan,nan,nan,nan,nan,nan,nan,20.044257603,nan,nan,nan,nan,nan,nan,nan,nan,nan,nan,nan,nan,nan,nan,nan,nan,nan,nan,nan,nan,nan,nan,nan,nan,nan,nan,nan
g3p,g3p.g3p_1.Light,calculated_concentration,8.98312797762,1.02119664774,nan,nan,nan,nan,nan,nan,16.3591273188,31.0909089833,24.8642248513,17.6113046053,8.68409132697,2.73082807477,2.20219189984,65.4838501107,nan,nan,nan,nan,nan,nan,46.1504394845,nan,nan,nan,1.77937094517,1.24764235005,nan,nan,31.8161950536,nan,nan,nan,nan,nan,nan,38.1482141002,16.0165801204,4.51763682841,2.39745614171,0.755567813146,0.663995938249,nan,nan
g3p,g3p.g3p_2.Light,calculated_concentration,12.8379568486,nan,nan,nan,nan,nan,nan,nan,20.5346659714,40.8981709694,32.2914275516,nan,nan,4.04057948645,nan,nan,nan,nan,nan,nan,nan,nan,57.5694200753,nan,nan,nan,2.43850389616,nan,nan,nan,39.0954108715,nan,nan,nan,nan,nan,nan,45.7443202996,20.1924275247,nan,nan,nan,nan,nan,nan
g6p,g6p.g6p_1.Light,calculated_concentration,nan,1.27071452925,0.582801217972,nan,nan,nan,nan,nan,nan,nan,nan,nan,10.9734072069,4.89759718101,2.27207389139,5.40924748977,nan,nan,nan,nan,nan,nan,nan,nan,6.42129582497,nan,1.15779773349,0.800753140033,0.229701589228,nan,nan,nan,nan,nan,nan,nan,nan,nan,nan,nan,nan,nan,nan,nan,nan
gam6p,gam6p.gam6p_1.Light,calculated_concentration,nan,0.178074289376,0.0953625312133,0.0388896880617,nan,0.0154687083014,nan,nan,nan,nan,nan,nan,2.01995545962,0.893597497206,0.421702988603,0.102101411605,nan,nan,nan,nan,nan,nan,0.0508407189725,nan,0.0167858080056,nan,nan,nan,nan,nan,0.00566940830922,nan,nan,nan,nan,nan,nan,nan,nan,nan,0.00979817763226,nan,nan,0.015319154635,nan
gam6p,gam6p.gam6p_2.Light,calculated_concentration,nan,nan,nan,nan,nan,nan,nan,nan,nan,nan,nan,3.42272905192,1.61685960617,0.75920050855,nan,nan,nan,nan,nan,nan,nan,nan,nan,nan,nan,nan,nan,nan,nan,nan,nan,nan,nan,nan,nan,nan,nan,nan,nan,nan,nan,nan,nan,nan,nan
gdp,gdp.gdp_1.Light,calculated_concentration,nan,0.30438130054,0.210520822667,0.209955922654,nan,nan,nan,nan,nan,8.07066527021,5.24604418568,2.59996365909,0.833782624884,0.988030739501,0.314101877923,nan,nan,0.268198641065,nan,nan,nan,nan,nan,nan,nan,22.2774522334,3.41321651462,1.81399936761,0.689555578828,0.540450660316,nan,nan,nan,nan,0.547786818254,nan,0.58313268304,nan,nan,nan,nan,nan,nan,nan,nan
gdp,gdp.gdp_2.Light,calculated_concentration,nan,0.110582215097,nan,nan,nan,nan,nan,nan,4.10363458567,3.34250448735,2.08441272263,1.07087711727,0.352061234382,0.402298387578,0.0862189687479,nan,nan,nan,nan,nan,nan,nan,nan,nan,6.8992213111,11.5897512467,1.46379293142,0.671092089374,0.220075101667,0.128461479974,nan,nan,nan,nan,nan,nan,nan,nan,nan,nan,nan,nan,nan,nan,nan
gln-L,gln-L.gln-L_2.Light,calculated_concentration,nan,nan,nan,nan,nan,nan,nan,nan,nan,nan,nan,nan,nan,nan,nan,nan,nan,nan,nan,nan,nan,nan,nan,nan,nan,nan,nan,nan,nan,nan,1.13994126739,nan,nan,nan,nan,nan,nan,nan,nan,nan,nan,nan,nan,nan,nan
glx,glx.glx_1.Light,calculated_concentration,129.411084476,nan,nan,nan,nan,nan,nan,nan,nan,57.7658535144,nan,nan,nan,0.311677977481,0.435358410125,nan,7.81546841324,nan,nan,nan,nan,nan,nan,nan,nan,nan,nan,48.9882314759,7.46869155196,5.82505143028,nan,nan,nan,nan,nan,nan,nan,nan,182.43538591,nan,nan,nan,nan,nan,nan
glyc3p,glyc3p.glyc3p_1.Light,calculated_concentration,nan,0.232303762438,0.130228611679,0.101589826108,0.0522959215417,nan,nan,nan,nan,nan,nan,nan,2.35905604459,1.11370545161,0.544516479919,0.290865860207,nan,nan,nan,nan,nan,nan,0.180825191759,0.0987786545457,nan,17.238322081,nan,nan,nan,nan,nan,nan,nan,nan,nan,nan,nan,nan,nan,nan,nan,nan,nan,nan,nan
glyc3p,glyc3p.glyc3p_2.Light,calculated_concentration,nan,0.0370273151833,0.0211184969784,0.0131285951024,0.00453065366768,nan,nan,nan,nan,2.85388318729,1.5099555849,0.852484853523,0.366412795416,0.164831486914,0.0908713640475,0.0417702534367,nan,nan,nan,nan,nan,0.00373638776966,0.0241098146934,0.0162894220646,0.0124779525242,nan,0.00259040882548,nan,nan,nan,nan,nan,nan,nan,0.00485815899982,0.00705052836368,nan,nan,nan,nan,nan,nan,nan,nan,0.00208857571138
glyclt,glyclt.glyclt_1.Light,calculated_concentration,42.8202697047,nan,nan,nan,nan,1.9374211327,nan,0.447887430769,8.7640504275,10.7029438326,6.87118725223,4.25836686902,2.8221263566,2.39706256665,2.24455951461,nan,15.3674007761,8.10948571382,4.35724438226,2.92126658169,3.07677496475,nan,nan,nan,nan,nan,nan,nan,42.7221784096,26.0694708089,4.93024502945,2.46670536225,nan,nan,nan,4.95197931797,nan,5.53084842094,2.40856911023,nan,nan,1.95600382988,2.54015965923,2.86102917414,nan
glyclt,glyclt.glyclt_2.Light,calculated_concentration,21.8638609269,0.948740418305,1.03234320391,0.85363205368,nan,nan,nan,0.206877501371,4.5497831353,5.45972282414,3.5605922069,2.23352537951,1.47779129385,1.23260634819,1.16398036264,nan,7.91078065442,4.03934947827,2.12555084059,1.49105650232,nan,nan,nan,nan,nan,nan,nan,60.6921783552,21.8146272928,13.1127476034,2.47330933896,1.30598904397,nan,nan,nan,2.62529372282,nan,2.82408680567,1.09441489976,1.32661336813,1.17817032331,nan,nan,1.53749574743,nan
gmp,gmp.gmp_1.Light,calculated_concentration,nan,nan,nan,nan,nan,nan,nan,nan,0.639721538614,0.703293372088,0.374144999781,0.20234280634,0.108382285594,0.0752874076671,nan,2.59248617714,nan,nan,nan,nan,nan,nan,1.08702824124,0.430673805593,0.242953845771,nan,0.0537596867415,0.0493901549826,nan,nan,5.1271496629,nan,nan,nan,0.0180290544077,nan,nan,5.24563096343,1.65685509922,0.749503287828,0.306808262751,0.117567191613,nan,nan,nan
gmp,gmp.gmp_2.Light,calculated_concentration,nan,nan,nan,nan,nan,nan,nan,nan,0.531024898216,nan,0.331996765822,nan,nan,nan,nan,2.15499889812,nan,nan,nan,nan,nan,nan,0.859233449664,0.366327179735,nan,nan,nan,nan,nan,nan,3.12989849128,nan,nan,nan,nan,nan,nan,2.93645393187,1.00466133589,0.507533912067,0.208634446393,0.0886328120384,nan,nan,nan
gsn,gsn.gsn_1.Light,calculated_concentration,nan,0.0340893532548,0.0135118935356,0.0162951345508,nan,0.0037512455272,0.00296422982118,nan,nan,nan,nan,nan,2.49762160626,0.536710913418,0.150465935819,0.0118837234038,nan,nan,nan,nan,nan,nan,0.127924685443,0.299285240926,0.113552663705,nan,0.0427082088605,0.0242923296114,0.0119852226456,0.0111539868767,0.0318691327992,0.0494916560512,0.0207013227278,0.0100583497284,nan,0.00557285845586,nan,0.0434795228145,0.0136010875987,1.53024521943,2.16358496846,0.683921568991,0.387924088305,0.195049766098,0.0803956175646
gsn,gsn.gsn_2.Light,calculated_concentration,nan,nan,nan,nan,nan,nan,nan,nan,nan,nan,nan,nan,nan,nan,0.0527685381324,nan,nan,nan,nan,nan,nan,nan,0.0477958341586,0.120102983888,0.0487267254607,nan,nan,nan,nan,nan,nan,0.0171548238471,nan,nan,nan,nan,nan,nan,nan,0.616420507646,0.854891267456,0.28798545249,0.140687756972,0.079615937784,0.0300915177603
gthox,gthox.gthox_1.Light,calculated_concentration,nan,0.00225394299641,0.00203752154442,0.00109006084372,0.0014736116542,0.00223801017717,0.00080557757412,nan,nan,nan,0.593738748074,0.224322314136,0.042103483617,0.0127667346732,0.0104685128899,0.00168668565779,nan,0.00188762044074,nan,nan,nan,nan,nan,nan,nan,nan,0.000624585729662,0.00139033629049,nan,0.00228292079857,nan,0.00557667683687,0.00269202997967,0.00153883039086,0.00406352210203,nan,nan,nan,nan,nan,1.96666395719,0.237204555505,0.0673854484025,0.0340204758005,0.00554571586766
gthox,gthox.gthox_2.Light,calculated_concentration,nan,nan,nan,nan,nan,nan,nan,nan,0.582411624795,0.841742819398,0.24805035146,0.106429572558,nan,nan,nan,nan,nan,nan,nan,nan,nan,nan,nan,nan,nan,nan,nan,nan,nan,nan,nan,nan,nan,nan,nan,nan,nan,nan,nan,nan,nan,0.101082720445,nan,nan,nan
gtp,gtp.gtp_1.Light,calculated_concentration,nan,0.691456345429,0.343534283411,nan,nan,0.195007165495,nan,0.270485418966,nan,nan,26.3214994121,12.7954655447,5.77957900498,2.12146826256,1.45606851993,6.06056904113,nan,0.948349491579,0.435875612094,0.634933597283,nan,nan,4.93471776952,9.59069744351,18.8253448658,nan,nan,nan,0.621724393303,nan,0.0153728305919,nan,nan,nan,nan,nan,nan,0.0380064778862,0.708478772112,1.23577093601,nan,1.23915365937,nan,1.34871588787,nan
gtp,gtp.gtp_2.Light,calculated_concentration,nan,nan,nan,nan,nan,nan,nan,0.14895903056,nan,nan,17.0786773512,9.23955573943,3.78282798751,nan,nan,3.75080481267,nan,nan,nan,nan,nan,nan,3.20551715368,6.70913889077,12.9449327438,nan,nan,nan,nan,nan,nan,nan,nan,nan,nan,nan,nan,nan,nan,nan,nan,nan,nan,nan,nan
gua,gua.gua_1.Light,calculated_concentration,nan,0.452657927897,0.205303708669,0.116853734863,0.0464414971588,0.0458636113916,0.0315202824593,0.00796051401825,nan,nan,15.6928533457,11.0486184052,4.30393180696,2.02159702773,1.06179343652,0.123354859447,0.0151871825726,0.0142891645038,0.00955985917644,nan,nan,0.00620801411021,0.0935956546448,0.373201889472,0.317934232193,nan,0.154803228356,0.0977352782217,0.0644975740872,0.032305248617,1.75411060349,0.078838992938,0.0315860721796,0.0167328218187,0.0133107123896,0.0252457231402,0.00896794518685,1.57222940242,0.57022107257,0.415338019664,2.45024490529,1.28400199323,0.635387735356,0.286802232199,0.109293384561
his-L,his-L.his-L_1.Light,calculated_concentration,0.0300703212366,0.0307604996766,0.0207943445097,5.86099942878,nan,nan,nan,nan,nan,nan,0.0162624299857,nan,nan,nan,nan,0.17167396368,nan,nan,nan,nan,nan,nan,nan,nan,0.0437437989938,nan,0.0296817509311,nan,0.0282265758029,0.033630525628,nan,3.60296938879,1.81602546092,0.676119778449,0.439217368672,0.230842824571,0.095929855194,nan,nan,nan,nan,nan,3.153346064,nan,6.9934141455
his-L,his-L.his-L_2.Light,calculated_concentration,nan,nan,nan,10.4771050763,nan,nan,nan,nan,nan,nan,nan,nan,nan,nan,nan,0.248228024372,nan,nan,nan,nan,nan,nan,nan,nan,nan,nan,nan,nan,nan,nan,nan,6.47959276809,2.94779041858,1.24770936878,0.752536609975,0.311112838178,nan,nan,nan,nan,nan,nan,4.85901553398,nan,13.3454468824
icit,icit.icit_1.Light,calculated_concentration,1204.50759548,nan,nan,nan,nan,nan,nan,nan,nan,nan,nan,nan,nan,nan,nan,nan,nan,nan,nan,nan,nan,nan,nan,nan,nan,nan,nan,nan,231.872408893,nan,nan,nan,nan,nan,nan,nan,nan,nan,nan,nan,nan,nan,nan,nan,nan
icit,icit.icit_2.Light,calculated_concentration,nan,nan,nan,nan,nan,nan,nan,nan,nan,nan,nan,nan,nan,nan,nan,nan,nan,nan,nan,nan,nan,nan,265.904408964,nan,nan,nan,nan,nan,nan,nan,nan,nan,nan,nan,nan,nan,nan,nan,nan,nan,nan,nan,nan,nan,nan
imp,imp.imp_1.Light,calculated_concentration,nan,0.0259584677812,0.0192704502248,0.0094387541017,0.0124641084371,0.00588163150634,nan,nan,2.1567187853,2.84429720532,1.51923280816,0.651424502129,0.32456477239,0.157714486105,0.0473078635695,9.3343931832,nan,nan,nan,nan,nan,nan,3.85492398168,1.45640753486,0.784801013524,nan,0.14298933162,0.091756424361,0.0344891337905,0.0302064476471,14.9581821274,nan,nan,nan,nan,nan,nan,14.7268282659,5.65415365968,2.42144593671,0.967162824301,0.286513939528,0.0990872466598,0.0979950689935,0.0483540799718
imp,imp.imp_2.Light,calculated_concentration,nan,nan,nan,nan,nan,nan,nan,nan,5.92178772486,nan,nan,nan,nan,nan,nan,25.6300233971,nan,nan,nan,nan,nan,nan,10.1579534379,nan,nan,nan,nan,nan,nan,nan,37.0837915315,nan,nan,nan,nan,nan,nan,37.5885831797,13.8118175896,5.86684392346,2.37647853873,nan,nan,nan,nan
ins,ins.ins_1.Light,calculated_concentration,nan,nan,nan,nan,nan,nan,nan,nan,nan,nan,nan,nan,1.4431962924,nan,nan,0.00430047989851,nan,0.000753158762768,nan,nan,nan,nan,0.00193704878317,nan,0.00113565366054,nan,nan,nan,nan,0.000509467611405,0.0219672337788,0.00550419578874,0.00318256764191,nan,0.00106681522856,nan,nan,nan,nan,0.113702592956,0.143755815014,0.063554164583,0.043537275898,0.0227198456389,0.00909968671813
ins,ins.ins_2.Light,calculated_concentration,nan,nan,nan,nan,nan,nan,nan,nan,3.92598028163,nan,nan,nan,nan,nan,nan,nan,nan,nan,nan,nan,nan,nan,nan,nan,nan,nan,nan,nan,nan,nan,nan,nan,nan,nan,nan,nan,nan,nan,nan,nan,nan,nan,nan,nan,nan
itp,itp.itp_1.Light,calculated_concentration,nan,0.0727461507782,nan,nan,nan,nan,nan,0.00343960511151,2.22755545647,3.3973754925,1.62680964318,1.15828144049,0.492388165159,0.223679230276,0.0774844902822,nan,nan,0.0371109080035,0.0303027470392,nan,0.0743341256164,nan,0.51070049537,0.833768519038,0.526691377841,nan,0.127904871493,0.11483071105,0.039054538713,nan,0.03749765302,nan,nan,0.330821204439,nan,0.207320254637,nan,0.0714462450639,0.0713137333516,0.0503964410003,0.39344859443,nan,nan,0.144389882913,0.125739070779
itp,itp.itp_2.Light,calculated_concentration,nan,nan,nan,nan,nan,nan,nan,nan,5.75422448252,8.78717640754,4.29346478499,2.79244026242,nan,nan,nan,nan,nan,nan,nan,nan,nan,nan,nan,nan,nan,nan,nan,nan,nan,nan,nan,nan,nan,nan,nan,nan,nan,nan,nan,nan,nan,nan,nan,nan,nan
malcoa,malcoa.malcoa_1.Light,calculated_concentration,nan,nan,nan,nan,nan,nan,nan,nan,nan,nan,0.86845641308,nan,nan,nan,nan,nan,nan,nan,nan,nan,nan,nan,nan,nan,nan,0.673630507912,nan,nan,nan,nan,nan,nan,nan,nan,nan,nan,nan,nan,nan,nan,1.03143669106,nan,nan,nan,nan
met-L,met-L.met-L_1.Light,calculated_concentration,0.0011219964226,nan,0.00044654695788,0.055908839805,nan,0.000595956349752,nan,nan,nan,nan,nan,nan,nan,0.000622241772144,nan,0.0012536218113,nan,nan,nan,0.000596824952642,nan,0.00050015456445,0.000951591998866,0.000508457627944,0.000446629325111,nan,0.000367497201209,nan,0.000309537765888,nan,nan,0.293303738604,0.128642526017,0.0558764256657,0.0277966721118,0.013261322339,0.00497038665258,nan,nan,nan,nan,nan,nan,1.30842485713,0.551850632369
mmal,mmal.mmal_1.Light,calculated_concentration,nan,nan,nan,nan,nan,nan,nan,nan,nan,nan,nan,nan,nan,nan,nan,2.79208610765,nan,nan,0.0247569446575,nan,nan,nan,2.13675716438,0.760853461847,0.310357463815,nan,0.0794653140176,0.0620787494522,0.033057056176,0.028433247423,nan,0.0381128240223,nan,nan,nan,0.0371743738339,nan,nan,nan,1.38707595012,0.905985189341,0.317044548264,0.168507116968,0.0959805490059,0.0556793551577
mmal,mmal.mmal_2.Light,calculated_concentration,nan,nan,nan,0.504664275022,nan,0.51486055979,nan,nan,nan,nan,nan,nan,nan,nan,nan,nan,nan,nan,0.538877649128,nan,0.669829085251,nan,nan,nan,nan,nan,nan,nan,nan,1.13235266085,nan,nan,nan,nan,nan,nan,nan,nan,nan,nan,nan,nan,nan,nan,nan
nadh,nadh.nadh_1.Light,calculated_concentration,nan,14.5749217357,nan,nan,nan,nan,nan,nan,nan,1022.496174,nan,nan,nan,nan,nan,nan,nan,nan,nan,nan,nan,nan,nan,nan,nan,nan,nan,nan,nan,nan,0.321943464279,nan,nan,nan,nan,nan,nan,0.406312542029,0.12718374139,nan,0.635494001304,0.270819939683,1.26163800124,nan,nan
nadp,nadp.nadp_1.Light,calculated_concentration,0.0416174256798,nan,0.000306769613691,nan,0.00029083118892,nan,nan,nan,0.00356148491668,0.0037902626021,0.00260117295148,0.00128888933331,0.000603835190797,0.00044842979026,0.00049201139203,0.00068551002962,0.0011869418958,0.0019057728812,0.00174194630825,0.0040889553128,0.00619103640406,0.0150649764582,0.000560219814736,0.000432027627514,0.000532713469447,nan,nan,nan,0.000627141997378,0.000908672081329,3.14286625589,0.00905836607783,0.00386908252839,nan,0.00151097608841,nan,0.00215269131771,nan,nan,0.812026626856,0.472618289906,0.166378040593,0.0872968042835,0.0435604304078,0.0208074114967
nadp,nadp.nadp_2.Light,calculated_concentration,nan,nan,nan,nan,nan,nan,nan,nan,nan,nan,nan,nan,nan,nan,nan,nan,nan,nan,nan,nan,nan,nan,nan,nan,nan,nan,nan,nan,nan,nan,1.28579221552,nan,nan,nan,nan,nan,nan,nan,0.708838936583,0.378431322103,0.234053067125,0.0957366147414,nan,nan,nan
nadph,nadph.nadph_1.Light,calculated_concentration,421.276418976,nan,0.256172418025,nan,nan,nan,nan,nan,67.3985921775,71.3844210688,25.7883925454,20.3353629839,7.36246071547,2.72507791979,2.0588825062,nan,nan,nan,nan,nan,nan,nan,nan,nan,nan,nan,nan,nan,nan,nan,nan,nan,nan,nan,nan,nan,nan,nan,nan,nan,nan,nan,nan,nan,nan
nadph,nadph.nadph_2.Light,calculated_concentration,1248.83277148,nan,nan,nan,nan,nan,nan,nan,nan,nan,nan,nan,nan,nan,nan,nan,nan,nan,nan,nan,nan,nan,nan,nan,nan,nan,nan,nan,nan,nan,nan,nan,nan,nan,nan,nan,nan,nan,nan,nan,nan,nan,nan,nan,nan
oaa,oaa.oaa_1.Light,calculated_concentration,nan,nan,nan,nan,nan,nan,nan,nan,nan,nan,nan,nan,nan,nan,nan,19.1506919328,nan,nan,nan,nan,nan,nan,15.3916851034,nan,nan,nan,nan,nan,nan,nan,nan,nan,nan,nan,nan,nan,nan,nan,nan,nan,nan,nan,nan,nan,nan
orn,orn.orn_1.Light,calculated_concentration,nan,nan,nan,nan,nan,nan,nan,nan,nan,nan,nan,nan,nan,nan,nan,nan,nan,nan,nan,nan,nan,nan,nan,nan,nan,nan,nan,nan,nan,nan,3.3822495833,nan,nan,nan,nan,nan,nan,3.2709204216,1.04047035334,0.491215770598,0.310794719177,nan,nan,nan,nan
oxa,oxa.oxa_2.Light,calculated_concentration,nan,nan,nan,nan,nan,nan,nan,nan,nan,nan,nan,nan,nan,nan,nan,nan,nan,nan,nan,nan,nan,nan,nan,nan,nan,nan,0.457419701843,nan,nan,nan,nan,nan,nan,nan,nan,nan,nan,nan,nan,nan,nan,nan,nan,nan,nan
phe-L,phe-L.phe-L_1.Light,calculated_concentration,0.00634447217873,0.00401652507332,0.00181887771149,0.537452135924,0.0030580627714,nan,0.00266212099929,nan,0.00225434527816,0.00297836314473,0.00369746159526,0.00238977925488,0.00354607491246,0.00616573359491,0.00299960010307,0.0228560852114,0.00402845014981,0.00410276798582,0.00236015785344,0.00428568522214,0.00489031689318,nan,0.0114667433336,0.00915602948335,0.00546984401208,nan,0.00793027577222,0.00383361198583,0.00535166865487,0.00589139619169,nan,0.615851014747,0.310951960888,0.124412441864,0.0661776964139,0.0396162408163,0.0167011857001,nan,nan,nan,nan,nan,nan,nan,1.27214032642
phe-L,phe-L.phe-L_2.Light,calculated_concentration,nan,nan,nan,0.316159996776,nan,nan,nan,nan,nan,nan,nan,nan,nan,nan,nan,nan,nan,nan,nan,nan,nan,nan,nan,nan,nan,nan,nan,nan,nan,nan,nan,0.379719248181,0.192067496637,nan,nan,nan,nan,nan,nan,nan,nan,nan,nan,1.73633101088,0.784154607115
phpyr,phpyr.phpyr_1.Light,calculated_concentration,0.347680765509,0.042310682584,0.0643587792703,0.0502589330886,0.055817864898,0.0611474751968,0.0636538605715,0.0140954553503,0.108542803294,0.0837041108356,nan,nan,0.0624563603666,0.0655534519896,0.0430762921941,nan,0.124758437897,0.088902397021,0.0547081077835,0.0633990660863,0.0543306128522,0.0614151272861,nan,nan,6.38019479611,nan,1.46030909182,0.837232399764,0.358988556465,0.177854246384,nan,0.127433886875,0.0934540114474,0.0662139292649,0.0790910223825,0.0695878942071,0.0561314259138,nan,nan,2.36538226217,3.45099467279,2.20310815179,0.971978334696,0.537732910866,0.27531839644
phpyr,phpyr.phpyr_2.Light,calculated_concentration,nan,nan,nan,nan,nan,nan,nan,nan,nan,nan,nan,nan,nan,nan,nan,0.463602614321,nan,nan,nan,nan,nan,nan,0.68081603694,1.65333748888,nan,nan,nan,nan,nan,nan,0.26020744766,1.25508897618,nan,nan,nan,nan,nan,0.336404340489,nan,nan,nan,nan,nan,nan,nan
prpp,prpp.prpp_1.Light,calculated_concentration,nan,nan,0.936748613938,nan,2.28940227042,nan,1.94354544188,nan,nan,0.543304470133,3.08212800791,nan,nan,nan,nan,nan,nan,nan,nan,nan,nan,nan,14.9490056868,7.18601875263,nan,nan,2.39814581836,nan,0.70191768256,nan,nan,nan,0.470188933154,nan,1.87397827073,nan,1.48841090858,nan,2.03738900553,2.45937875649,nan,nan,nan,nan,0.59715198618
pyr,pyr.pyr_1.Light,calculated_concentration,0.291999586766,nan,nan,nan,nan,nan,nan,nan,nan,nan,nan,nan,nan,nan,nan,nan,0.12575158384,0.0794710066467,nan,nan,nan,nan,nan,14.7776873005,7.78094043334,nan,1.55043139616,0.868899418177,0.324606938279,0.194602780393,4.26608000548,nan,nan,nan,nan,nan,nan,4.04560606751,1.7558520965,0.658905777256,0.302754378183,0.113018672619,nan,nan,nan
pyr,pyr.pyr_2.Light,calculated_concentration,nan,nan,nan,nan,nan,nan,nan,nan,nan,nan,nan,nan,nan,nan,nan,nan,nan,nan,nan,nan,nan,nan,nan,nan,nan,nan,8.94559274,nan,nan,nan,nan,nan,nan,nan,nan,nan,nan,nan,11.0331340463,nan,nan,nan,nan,nan,nan
r5p,r5p.r5p_1.Light,calculated_concentration,6.88728580853,nan,nan,nan,nan,nan,nan,nan,1.69059344825,1.92177056336,1.16518453504,0.743782145613,0.42346619973,0.22570514308,nan,nan,nan,nan,nan,nan,nan,nan,nan,nan,8.03012666893,nan,1.20058511269,0.972300646223,0.297942342739,0.265490664872,nan,nan,nan,nan,nan,nan,nan,nan,nan,7.06374664448,4.13898176242,1.24925285121,0.610318452704,0.402904698134,nan
r5p,r5p.r5p_2.Light,calculated_concentration,1.10095607108,nan,nan,nan,nan,nan,nan,nan,0.272964645986,0.298978212796,0.214509773225,0.108196717086,0.0693647251846,nan,nan,nan,nan,nan,nan,nan,nan,nan,6.26447370405,2.90777148074,1.21875815065,nan,0.197590792128,0.145137855041,0.0467950371991,nan,nan,nan,nan,nan,nan,nan,nan,6.9374705079,2.69357414081,1.15121915124,0.536526953044,0.287914200404,0.0958786825375,0.0478405205195,nan
ribflv,ribflv.ribflv_1.Light,calculated_concentration,0.0473856204716,nan,nan,nan,0.0352598081485,nan,nan,0.00866247415707,nan,nan,0.0277661772002,nan,0.0525361659537,0.0430178766438,nan,nan,2.9967358164,2.2724733783,0.549937253356,0.309284503078,0.120187741455,nan,nan,nan,nan,nan,80.2274296442,47.1933578548,15.0562396944,6.88708542068,nan,nan,nan,nan,nan,nan,nan,nan,nan,nan,0.0366365095736,nan,0.0503479702411,0.0480736262138,0.0383089700077
ru5p-D,ru5p-D.ru5p-D_1.Light,calculated_concentration,nan,nan,0.102566422754,0.0500111588426,nan,nan,nan,0.0270352794354,nan,nan,nan,nan,nan,0.849552685527,nan,nan,nan,nan,nan,nan,nan,nan,nan,nan,7.41802133825,nan,1.48539174792,0.572515515363,0.281414608448,0.129433650789,3.09521402874,nan,nan,nan,nan,nan,nan,3.13812018404,1.3524661382,4.79563866534,3.22612151253,1.19284496699,0.229031855207,0.268142298461,nan
ru5p-D,ru5p-D.ru5p-D_2.Light,calculated_concentration,nan,nan,nan,nan,nan,nan,nan,nan,nan,nan,nan,nan,nan,0.580737211761,nan,nan,nan,nan,nan,nan,nan,nan,6.55165787731,2.84517937619,1.38371800256,nan,0.244870812494,0.102989746611,0.0575837143473,nan,0.572532747216,nan,nan,nan,nan,nan,nan,0.593779391267,0.274241111703,0.916435336963,0.566911179877,0.180489023548,nan,nan,nan
s7p,s7p.s7p_1.Light,calculated_concentration,nan,1.03541490583,0.882258865068,0.2718487638,nan,nan,nan,0.296212904071,nan,nan,nan,10.4983155578,4.71646314163,2.43679441775,1.34283568161,8.21440259757,nan,nan,nan,nan,nan,nan,2.57475487672,1.62249791425,1.80224540054,nan,nan,nan,nan,nan,1.14723664121,nan,nan,nan,nan,nan,nan,nan,nan,nan,nan,nan,nan,nan,nan
s7p,s7p.s7p_2.Light,calculated_concentration,nan,5.82441026874,4.49565787724,nan,nan,nan,nan,2.16006825383,nan,nan,nan,12.0838784779,5.99156049171,4.07858960683,3.09463593278,7.87946134479,nan,nan,nan,nan,nan,nan,3.3883641458,5.37275827436,7.53135940879,nan,2.91883885789,nan,nan,nan,5.58976643997,nan,nan,nan,nan,nan,nan,nan,nan,nan,nan,nan,nan,nan,nan
ser-L,ser-L.ser-L_1.Light,calculated_concentration,0.231443489927,0.222809301736,0.127889093302,nan,0.170246169766,0.175761015588,0.15631887391,0.06363035659,0.0895138846018,0.137954013872,0.13474567524,0.131770605306,0.272827114356,0.198309889085,0.158717989691,1.1330696974,0.171605932331,0.175750290508,0.178311931045,0.233937653752,0.217537310189,0.194555023002,0.486710000549,0.420722690127,0.256657999489,nan,0.325648946816,0.216643055691,0.226453052857,0.231395469134,nan,3.26201970791,0.689027512535,0.448327974725,0.364603235362,0.392413779833,0.371890541382,nan,nan,nan,nan,13.5927865212,7.27787692698,3.84297849528,1.83181683472
ser-L,ser-L.ser-L_2.Light,calculated_concentration,nan,nan,nan,0.460618451109,nan,nan,nan,nan,nan,nan,nan,nan,nan,nan,nan,nan,nan,nan,nan,nan,nan,nan,nan,nan,nan,nan,nan,nan,nan,nan,4.75447374094,nan,nan,nan,nan,nan,nan,5.78780883302,1.57303259339,0.940183398383,0.485891615661,0.191087010968,nan,nan,nan
skm,skm.skm_1.Light,calculated_concentration,0.025413820743,nan,nan,nan,nan,nan,0.0268646539774,0.00787453902941,nan,nan,nan,0.0525114896493,0.0371490927085,0.0397400760497,nan,nan,0.869153950084,0.398852041196,0.209384994716,0.112138075022,0.138825528135,0.037391848199,nan,nan,nan,nan,28.2324008675,11.3777237603,3.53339182155,1.93997924981,nan,nan,0.0511164848971,nan,nan,nan,0.0447787206461,nan,nan,nan,nan,nan,nan,0.0552568323553,nan
succoa,succoa.succoa_1.Light,calculated_concentration,nan,nan,nan,nan,nan,nan,nan,nan,nan,nan,nan,nan,nan,nan,nan,nan,nan,nan,nan,nan,nan,nan,nan,nan,nan,2.39118191043,nan,nan,nan,nan,nan,nan,nan,nan,nan,nan,nan,nan,nan,nan,nan,nan,nan,nan,nan
thr-L,thr-L.thr-L_1.Light,calculated_concentration,0.0186748302457,0.0162885513945,nan,0.988388848209,0.0161879500605,0.0167342545107,0.0168556126752,nan,0.0116738344878,0.0149423398731,nan,nan,0.0192654987773,0.0169347928539,0.0159413034532,0.0440077954091,nan,0.0172813264884,nan,0.0173476005423,nan,0.0171818121284,0.0265299049295,0.0221389310853,nan,nan,0.0205272972119,nan,0.0172433122195,0.0201019445494,nan,0.25256077113,0.112867098922,0.0526272000464,0.0374269846989,0.0299800825231,0.0212155011867,nan,nan,nan,nan,nan,nan,0.873560506318,0.37157036499
thym,thym.thym_1.Light,calculated_concentration,nan,nan,nan,0.0543919170762,nan,nan,0.00989980585434,nan,nan,nan,nan,nan,2.91207606616,nan,nan,0.00655250138736,nan,nan,nan,nan,nan,nan,0.00434664575156,nan,nan,nan,nan,nan,nan,nan,0.010245057742,0.00432192197593,nan,nan,nan,nan,nan,0.0086284887811,0.00673383081928,0.00488882519337,0.00352492521631,nan,0.00291207652143,nan,nan
trp-L,trp-L.trp-L_1.Light,calculated_concentration,0.0156203248351,nan,nan,1.46142981759,nan,0.0151756871616,0.0102285074751,nan,nan,nan,nan,nan,nan,0.012911372356,nan,0.050120972476,0.00973520302393,nan,nan,0.012612447623,nan,nan,0.046191141126,0.02168637229,0.0126921175198,nan,0.0212331131319,0.0113939591042,nan,0.0121208274452,25.6872040997,0.0869969903527,0.0379395664842,0.0264089605196,0.0174239921152,0.0238211342403,nan,27.9544751381,9.22339106816,4.36826194584,2.35839570466,0.870424834182,0.330143112342,0.239853889182,0.100809366483
trp-L,trp-L.trp-L_2.Light,calculated_concentration,nan,nan,nan,nan,nan,nan,nan,nan,nan,nan,nan,nan,nan,nan,nan,nan,nan,nan,nan,nan,nan,nan,nan,nan,nan,nan,nan,nan,nan,nan,11.7194263393,nan,nan,nan,nan,nan,nan,13.0890371626,4.47386050585,nan,nan,nan,nan,nan,nan
tyr-L,tyr-L.tyr-L_1.Light,calculated_concentration,0.0434474945473,0.00260405633497,0.00174806629446,0.43151643401,0.00241586171436,0.00342388927096,0.00305228297803,nan,0.00912744423509,0.0101525219906,0.00783851771607,0.00406004533191,0.00495617664526,0.00657696689301,0.00309570141939,0.0127835503364,0.00270787469129,0.00357924879371,0.00293307397091,0.0037651124965,0.0040568555264,0.00318869365637,0.00413929797247,0.00554774364922,0.00358475327866,nan,0.00648424400598,0.00295710111251,nan,0.00494163229875,nan,0.208112992995,0.0828213638119,0.0380520756549,0.0220100588482,0.0171907924181,0.00562301131894,nan,nan,nan,nan,nan,nan,0.82282075198,0.309599518123
tyr-L,tyr-L.tyr-L_2.Light,calculated_concentration,0.00443649739221,nan,nan,nan,nan,nan,nan,nan,nan,nan,nan,nan,nan,nan,nan,nan,nan,nan,nan,nan,nan,nan,nan,nan,nan,nan,nan,nan,nan,nan,nan,nan,nan,nan,nan,nan,nan,nan,nan,nan,nan,nan,nan,nan,nan
udp,udp.udp_1.Light,calculated_concentration,nan,nan,nan,nan,nan,nan,nan,nan,1.72094938585,0.583464232888,0.345181625016,0.180603240905,0.0910983196429,0.0576358675053,0.033933932028,nan,nan,nan,nan,nan,nan,nan,nan,nan,2.89522407141,nan,0.495147895789,0.273420117169,0.098755357946,0.0831680759788,nan,nan,nan,nan,nan,nan,nan,nan,nan,nan,nan,nan,nan,nan,nan
udp,udp.udp_2.Light,calculated_concentration,4.08100540066,nan,nan,nan,nan,nan,nan,nan,0.849772884683,0.312163476435,0.180205490785,0.0993031502777,0.0653720792659,0.0351135579311,nan,nan,nan,nan,nan,nan,nan,nan,nan,2.53782601282,1.45486292159,nan,0.27954405429,0.181735609583,0.0496839649485,nan,nan,nan,nan,nan,nan,nan,nan,nan,nan,nan,nan,nan,nan,nan,nan
udpg,udpg.udpg_1.Light,calculated_concentration,0.00127375217876,nan,nan,nan,nan,nan,nan,nan,nan,nan,nan,nan,nan,nan,0.000316617756103,1.62819653766,0.00113408843873,0.000452825222395,0.000445588216466,nan,nan,nan,0.688311538157,0.318251474569,0.14612107604,nan,0.024599680798,0.0137085156667,0.00364218122761,0.00292564759832,0.000162918474877,nan,nan,nan,nan,nan,nan,nan,nan,nan,0.000274395703949,nan,nan,nan,nan
udpglcur,udpglcur.udpglcur_1.Light,calculated_concentration,0.0116160746137,0.000487592894016,nan,nan,nan,nan,0.000820489796172,nan,0.00179614779808,0.00276502239849,0.00113047778478,0.00102822433379,nan,0.000491757426438,nan,nan,0.00614094765597,0.0040718461378,0.00192298511042,0.00097641050716,0.00116358544729,0.000542745939183,4.28735616773,2.04824897784,1.18076958374,nan,0.213511688508,0.118778051457,0.0342996893086,0.0178952489771,0.000981876764812,nan,nan,nan,nan,0.00117813133375,0.000982490503573,nan,nan,nan,nan,nan,0.000685399913813,nan,0.000686709705367
udpglcur,udpglcur.udpglcur_2.Light,calculated_concentration,nan,nan,nan,nan,nan,nan,nan,nan,nan,nan,nan,nan,nan,nan,nan,3.55277917251,nan,nan,nan,nan,nan,nan,2.01085423122,0.907917585852,0.550428774684,nan,nan,nan,nan,nan,nan,nan,nan,nan,nan,nan,nan,nan,nan,nan,nan,nan,nan,nan,nan
ump,ump.ump_1.Light,calculated_concentration,nan,nan,nan,nan,nan,nan,nan,nan,nan,nan,nan,nan,nan,nan,nan,nan,nan,nan,nan,nan,nan,nan,nan,nan,nan,nan,nan,nan,nan,nan,nan,nan,nan,nan,nan,nan,nan,1.38378884527,nan,nan,nan,nan,nan,nan,nan
ump,ump.ump_2.Light,calculated_concentration,nan,nan,nan,nan,nan,nan,nan,nan,nan,nan,nan,nan,nan,nan,nan,nan,nan,nan,nan,nan,nan,nan,nan,nan,nan,nan,nan,nan,nan,nan,nan,nan,nan,nan,nan,nan,nan,0.621423353122,nan,nan,nan,nan,nan,nan,nan
uri,uri.uri_1.Light,calculated_concentration,nan,nan,nan,nan,0.00915444385531,0.00711297140025,0.00329143251539,nan,nan,nan,nan,nan,0.900097720592,nan,0.192158356841,0.00222664569037,nan,nan,nan,nan,nan,nan,0.00511566861958,0.0140970034863,nan,nan,nan,nan,nan,nan,0.00726571890235,nan,nan,nan,nan,nan,nan,0.00643977521195,0.0038988266899,0.0318805205079,0.0547316276514,nan,nan,nan,nan
uri,uri.uri_2.Light,calculated_concentration,nan,nan,nan,nan,nan,nan,nan,nan,nan,nan,nan,nan,0.98664742297,nan,0.244298462891,nan,nan,nan,nan,nan,nan,nan,nan,nan,nan,nan,nan,nan,nan,nan,nan,nan,nan,nan,nan,nan,nan,nan,nan,nan,0.0485707367522,nan,nan,nan,nan
utp,utp.utp_1.Light,calculated_concentration,nan,0.0200976976934,0.0163276428169,nan,nan,nan,nan,nan,0.922848144039,1.29216301408,0.78999676602,0.435746745491,0.223007726107,0.108881817278,0.0593516443167,0.0357098940484,nan,0.00965939113048,nan,0.00595310410173,0.0128050532992,0.00881112902375,0.022238222277,0.0159069388294,0.0738774837562,nan,0.0225822532964,0.0134448538436,0.00862022310842,0.00783958143361,0.00859857436333,nan,nan,nan,nan,nan,nan,0.0066835028375,0.0119231038271,0.00700581925741,nan,nan,nan,nan,nan
utp,utp.utp_2.Light,calculated_concentration,nan,nan,nan,nan,nan,nan,nan,nan,nan,nan,1.52673645699,0.843921131337,0.4375234835,0.221636950724,nan,nan,nan,nan,nan,nan,nan,nan,nan,nan,nan,nan,nan,nan,nan,nan,nan,nan,nan,nan,nan,nan,nan,nan,nan,nan,nan,nan,nan,nan,nan
